name,location,description
2000s_Modern_Baroque,aes/2000s_Modern_Baroque/SKILL.md,"A 2000s design trend that reskins Baroque opulence — damask and arabesque scrollwork, heraldic crests, blackletter type, gilded accents, crystal chandeliers, velvet and brocade — onto contemporary substrates like glossy lacquer, etched glass, chrome, satin vinyl and molded plastic. Palette runs from black-and-gold through jewel-tone magenta, purple and red to pastel lavender and pink, typically lit with saturated club light, backlit halos or chandelier sparkle. Typical subjects are nightclub lounges and boutique powder rooms, damask-printed fashion, vector crest logos, and glam merchandise such as marquee-bulb vanity mirrors and crest-emblazoned CD cases."
2000s_Preppy,aes/2000s_Preppy/SKILL.md,"2000s Preppy (also Girly Preppy, Preppy Y2K, Rich Girl, Popular Girl) is the mall-brand prep look of early-to-mid-2000s American teen culture: stacked pastel polo collars popped over fitted cardigans and sweater vests, hip-slung low-rise jeans and pleated tartan miniskirts, thick fabric headbands, pearl strands and oversized designer sunglasses. Its palette is light and bright — baby and bubblegum pink leading, anchored by black, white and navy, with kelly green, sunshine yellow and red plaid as support — rendered in glossy daylight, direct flash or flat catalogue studio light. Recognize it by layered collars, low-rise plaids, fuzzy handbags, flip phones and coordinated girl-clique tableaux in school, mall, campus-lawn and suburban street settings."
2000s_Tuscan_Mom,aes/2000s_Tuscan_Mom/SKILL.md,"A TikTok-born (2025–26) Y2K-revival aesthetic romanticizing early-2000s upper-middle-class Italian-American suburban glamour: warm earthy browns, terracotta, amber gold and occasional plum, animal print, low-rise flare jeans, draped halter and cowl-neck tops, chunky caramel highlights, gold bangles and slouchy logo bags, staged in Tuscan Rustic McMansions, candle-lit spas, hair salons and mall-chain interiors. Recognize it by maximalist warm-toned moodboard collages or candid digicam snaps centered on blowouts, wedge heels, jar candles, champagne and tan-leather car interiors — comfortable, attainable wealth rather than oligarch excess."
2000s_Yoga_Mom,aes/2000s_Yoga_Mom/SKILL.md,"A retrospective 2020s TikTok/Pinterest microtrend nostalgic for the upper-middle-class American suburban wellness mom of 2001–2008: sage green and pale pink palettes, lotus flowers, rolled yoga mats, Buddha statues, bamboo, candles and green juices, set in light-wood studios, beige domestic interiors or dappled woodland light. Signature looks include Y2K athleisure (fold-over waistband flare pants, racerback tanks, knotted baby tees, wide headbands, wired headphones), period digital-camera snapshot quality, and soft pink affirmation text or lotus-clipart moodboard collages. Recognize it by the combination of pastel zen décor, disciplined wellness props, and wistful early-2000s domesticity."
2010s_Bright_Kawaii,aes/2010s_Bright_Kawaii/SKILL.md,"Mid-2010s Tumblr-born Western remix of Harajuku kawaii built on bright pastels (sakura pink, lilac, mint, baby blue), high-key natural light, and pop-culture signifiers — magical-girl anime screenshots, handheld retro consoles (Game Boy, Tamagotchi, 3DS), ramune and peach-milk bottles, holographic vinyl, pleated tennis skirts and berets. Recognizable by flat lays of kawaii charms and snacks, chibi or thin-line digital illustrations of consoles and sweets, and sarcastic slogans set in pastel bubble letters. Use for cute, crisp, pastel pop imagery with anime/gamer DNA, as distinct from softer, dreamier, or gothier pastel aesthetics."
2010s_Dark_Fandom,aes/2010s_Dark_Fandom/SKILL.md,"An internet edit-culture aesthetic of roughly 2010–2016 (also called Insanitycore or EXEcore) built on an aggressive black / blood-red / white palette, hyperreal blood splatter thrown over flat 2D anime art, glowing or shadow-banded eyes, kitchen knives, chains, surgical masks, glitch and JPEG-artifact distress, and black-framed demotivational posters with white serif captions. It centers on the corrupted-innocence figure — yandere schoolgirls, creepypasta killers, ""evil variants"" of cheerful mascots — caught in a manic or dissociative trance. Recognize it by its amateur Web 2.0 edit grammar: crushed blacks, arterial red as the only warm hue, scratched text, and a lone centered figure against a splatter field."
2010s_Meme_Maximalism,aes/2010s_Meme_Maximalism/SKILL.md,"A revivalist early-2020s internet collage aesthetic (TikTok, Pinterest, Roblox; pejoratively ""Retroslop""/""Rainbowslop"") that stacks late-2000s-to-mid-2010s meme assets — rage comic faces, Nyan Cat, Epic Face smileys, Impact-font Advice Animals, kaomoji, sparkledogs — onto full-bleed rainbow gradients, galaxy prints, paint splatters and glitter fields with almost no negative space. Signature elements include scene/kandi-fashion anthropomorphized meme characters (choppy dyed hair, studded belts, striped stockings, huge bows), bubble-letter logos, username watermarks and year stamps like ""2009,"" and a deliberate mix of crude MS-Paint/pixel stamps with clean thick-outlined vector art. Recognize by full-spectrum neon saturation, controlled chaos, and defiantly ""cringe"" random humor."
2010s_Soft_Kawaii,aes/2010s_Soft_Kawaii/SKILL.md,"2010s Soft Kawaii is the Tumblr/Instagram-era pastel offshoot of Japanese kawaii culture: warm sepia-faded photos and thick-outlined illustrations in blush pink, cream, mint green and cocoa brown, populated by plush mascots (Pusheen, Rilakkuma, Domo), sweets given dot-eye sticker faces, decoden food charms, Peter Pan collars, Swiss-dot and English-floral prints, and knit-lace-plush textures. Recognize it by its low-contrast warm cast, tidy-cute flat lays and bedroom vignettes, and feminine Himekaji/Girly Kei/Twee layering. Use this skill to identify or generate cozy, sincerely cute imagery of food-characters, plushies, fashion coords and pink domestic objects."
2010s_Summer_Nostalgia,aes/2010s_Summer_Nostalgia/SKILL.md,"Sun-bleached, filter-washed celebration of early-to-mid-2010s social-media summer (peak 2013–2016): high-exposure pool, beach and boardwalk scenes pushed into saturated teal, neon pink and golden sun flare, with rose-gold fades, blown highlights and light leaks. Signature elements include palm silhouettes against violent sunsets, flamingo and swan floaties, flat-lays of sunglasses and soda cans on bleached wood, ""Keep Calm""-era text overlays, and square-crop snapshot candor native to Tumblr and early Instagram. Recognize it by the deliberate period filter cast — magenta-plum shadows, cream-gold highlights — over casual coastal leisure, never by neutral or minimalist grading."
2014_Girly,aes/2014_Girly/SKILL.md,"2014 Girly (a.k.a. Tumblr It Girl, Rosyblog) is the pale-pink Tumblr aesthetic of 2012–2016: faded, Amaro-filtered snapshots of silky striped pajamas, hair bows, fluffy pastel socks, frappuccinos and marshmallow cocoa, floral Cath Kidston bedding, vanity flat-lays and mirror selfies in baby pink, cream, beige and mint. Recognize it by lifted-black fade with a warm cream cast, amateur-intimate framing (POV feet on a bed, overhead flat-lays, grid collages, photos from behind), and overtly feminine mall-brand props (Victoria's Secret, UGG, Starbucks, Essie, ted baker); it resurfaced on TikTok 2022–2024 via ""2024 is the new 2014."""
2020_Alt,aes/2020_Alt/SKILL.md,"2020 Alt (Alt Kid, E-Kid, Bunny Hat Kid) is the quarantine-era TikTok youth aesthetic of the early 2020s: a black-dominant, pink-accented maximalist pastiche of Mallgoth, Scene and E-Girl fashion — plush bunny hats with dangling ears, oversized graphic tees layered over striped longsleeves, ripped fishnets, striped thigh-highs, and buckled platform boots — shot in LED-lit bedrooms and buried under sparkle filters and Sanrio/skull sticker overlays. Recognize it by nose-tip blush makeup with drawn-under-eye dots, split-dye hair, kandi beads and silver chains, Monster Energy cans, and vertical phone-native framing with dense digital sticker clusters."
2020s_Preppy,aes/2020s_Preppy/SKILL.md,"2020s Preppy (Gen Alpha / TikTok Preppy, ""Sephora Kid"") is a maximalist tween-and-teen lifestyle aesthetic of early-2020s TikTok: hot pink, cyan and neon pastels set against blown-out high-key light, oversized fleece hoodies and ribbed leggings decorated with smiley faces, lightning bolts and chenille patches, pink cowgirl hats, Stanley-style tumblers and luxury skincare hauls. Recognize it by candy-saturated color on clean white grounds, brand-forward status props, tidy maximalist arrangements, and performative cheerfulness in beach, pool, bedroom and boutique leisure settings."
2_Tone,aes/2_Tone/SKILL.md,"2 Tone is the visual language of the late-1970s Coventry ska revival: a strict black-and-white monochrome system built on the checkerboard pattern, sharp Rude Boy suits with thin ties and pork pie hats, jagged hand-cut band logos, and block-capital gig-poster type stacks. Grainy flash-lit monochrome portraits of multiracial bands, flat hard-edged illustrated figures in skanking dance poses, and checkerboard borders or floors signal it instantly. Use when recognizing or generating ska-revival record sleeves, posters, fashion plates and band imagery rooted in anti-racist, working-class British culture of 1979–1985."
50s_Suburbia,aes/50s_Suburbia/SKILL.md,"The idealized postwar American middle-class look, c. 1948–1960: pastel tract houses (mint, baby pink, powder blue) behind white picket fences and manicured lawns, chrome-trimmed appliances, tailfin sedans and station wagons, and apron-over-dress housewives in pearls, rendered as high-key advertising illustration, warm Kodachrome-style color photography, or bright monochrome snapshot. Signature subjects are woman-centric domestic tableaux — cooking, vacuuming, sweeping, the open stocked refrigerator — plus commuter husbands in grey suits, backyard barbecues, and streets of identical houses. The surface is seamless, cheerful order; menace, decay or uncanny stillness belongs to Suburban Gothic, not here."
8-Bit,aes/8-Bit/SKILL.md,"8-Bit is the pixel-grid aesthetic of 1980s home consoles and early home computers (NES, Sega Master System, Game Boy, Atari, MS-DOS era): worlds built from 8×8 pixel tiles, flat unshaded color fills drawn from a tiny simultaneous palette, sprites with no outlines, and monospace HUD lettering with hard blocky dropshadows. Recognize it by large visible square pixels, flat saturated sky/grass/brick fields or black void backgrounds, cramped status strips (SCORE, TIME, LIFE), and chunky logo cards; nothing is anti-aliased, gradiented or dithered."
80s-90s_Afrocentrism,aes/80s-90s_Afrocentrism/SKILL.md,"The Black-diaspora pride aesthetic of 1980s–90s television, film, music packaging, advertising and fashion, built on flat Pan-African color blocking (red, gold-yellow, green and black, extended by orange and purple), bold African geometric prints of zigzags, triangles, dots, waves and spirals, and garments like dashikis, kufi hats and headwraps. Recognize it by cut-paper collage posters, border-framed album and movie art, color-blocked streetwear patches, petroglyph-like figures and Africa silhouettes, gold jewelry, braids and beads, Kwanzaa imagery, and bright even sitcom-or-studio lighting that centers Black subjects, families and communities. Load this skill when an image or brief involves flag-saturated Black pride design of the late 20th century rather than sci-fi, punk or boho Black aesthetics."
80s_Workout,aes/80s_Workout/SKILL.md,"80s Workout (Aerobics Fashion) is the exuberant fitness aesthetic of early-1980s aerobics culture: high-cut spandex leotards layered over shiny tights, scrunched leg warmers, terry sweatbands and white high-top sneakers, color-blocked in clashing neon pink, green, yellow and blue or candy pastels. Images center smiling, jumping, flexing bodies in seamless-paper studios, wood-floor aerobics rooms or sunlit parks, lit flat and bright with analog film grain, expressing fitness-as-fun optimism and social performance. Load this skill for activewear catalog energy, group aerobics tableaus, home-workout VHS staging, or any neon color-blocked exercise styling."
90s_Cool,aes/90s_Cool/SKILL.md,"90s Cool (""The Matrix Effect,"" ""Bullet Time"") is the action-cinema aesthetic of roughly 1994–2005: black leather trench coats, latex catsuits, wraparound Oakley-style shades and tactical harnesses, lit by a muted green-or-steel-blue digital grade with cascading code, CRT glow and bead-blasted steel weaponry. Its signature images are the frozen bullet-time arc, wire-fu suspension, hacker/espionage lone operators and coat-and-shades ensemble lineups, all in service of an overwhelming emphasis on looking cool. Recognize it by cool-toned noir lighting, black-on-black wardrobe separated by rim light, and campy early-CGI texture; it borrows from Cyberpunk and Y2K Futurism but is darker, sleeker and choreography-obsessed."
92i,aes/92i/SKILL.md,"92i is a maximalist French beauty-and-streetwear aesthetic that went viral on TikTok and Instagram in 2025, named for the Hauts-de-Seine postal code: high-coverage matte foundation, carved block-like brows, winged eyeliner, XXL false lashes, sharp bronze contour and nude-brown matte lips. Its images are vertical phone selfies, mirror shots and small collage grids set in beige domestic interiors or night cars, pairing the full-glam face with anonymous fast-fashion streetwear and small gold hardware. Recognize it by its warm bronze-brown monochrome palette, sculptural matte skin, and unapologetic banlieue confidence — the declared opposite of clean-girl minimalism and quiet luxury."
Abstract_Tech,aes/Abstract_Tech/SKILL.md,"Abstract Tech (a.k.a. FUI, High-Tech, Sci-Fi Interface, Cyber) is the visual shorthand for ""technology itself"": glowing blue-white lines, segmented concentric arcs, hexagons, circuit traces, binary code and node-and-line networks suspended on near-black voids. Emerging from 1980s–2000s sci-fi interfaces (TRON, Ghost in the Shell, Minority Report, Iron Man) and technology stock imagery, it depicts holographic touchscreens, heads-up displays, cyberspace tunnels and robots as self-luminous geometry. Recognize it by dark grounds, cool monochrome glow, dense non-functional interface ornament, and the total absence of nature, grime or daylight."
Acid_Design,aes/Acid_Design/SKILL.md,"Acid Design (Acidgrafix) is the late-2010s revival of 1990s acid-house rave flyer graphics: a black ""colorful black"" ground loaded with fluorescent neons (acid green, chartreuse, magenta, lavender, signal red), chrome and liquid-metal display type, wireframe globes and grids, warped Op-Art stripes and checkerboards, UI-window panels, barcodes and cynical micro-copy, plus ironic smiley citations. Recognize it in dense, modular electronic-music cover art, event flyers and label branding that fuse vector crispness with xerox/halftone decay and a dystopian, darkly humorous mood."
Acid_House,aes/Acid_House/SKILL.md,"Acid House is the visual culture of mid-1980s Chicago house and the UK's 1987–92 ""Second Summer of Love"": the acid-yellow smiley face on ink black, neon pink/green/orange accents, and bold condensed or hand-set flyer typography listing club names, dates and addresses. It lives in two registers — flat litho-printed promo graphics (smiley emblem, psychedelic swirls, comic-book borrowings, stretched letterforms like ""ACIIIIID"") and grainy on-camera-flash snapshots of clubbers in baggy dungarees, bucket hats, bandanas, sunglasses and smiley badges dancing in warehouse haze. Recognize it by the smiley (often winked, distorted or repeated as an all-over badge pattern), TB-303 hardware, tie-dye, and ""TRIP""/""ACID"" lettering."
Acubi,aes/Acubi/SKILL.md,"Acubi (Korean Y2K, K-Grunge) is an early-2020s South Korean minimalist fashion aesthetic — a desaturated, polished evolution of Y2K built on the ""slim top, baggy bottom"" silhouette: cropped subversive-basics tops with asymmetrical cut-outs, mesh overlays and bolero cardigans over parachute pants, wide-leg cargos or maxi skirts. Palette of charcoal, heather grey, off-white, sage and muted earth tones, finished with sleek retro-futuristic accessories (over-ear headphones, chrome jewelry, rimless sunglasses, chunky sneakers like Adidas Sambas) and shot in clean lookbook or candid social-media light. Recognize by restrained chroma plus Y2K cut-out detail and pristine finish; never distress, never neon."
Adventure_Pulp,aes/Adventure_Pulp/SKILL.md,"Adventure Pulp is the romanticized explorer aesthetic of 1930s–40s pulp magazines and film serials, recodified by 1980s adventure cinema: fedora-crowned adventurer-scholars in worn leather, khaki and olive drab amid sun-scorched desert ruins, overgrown jungle temples, and lamplit cluttered professor's studies. Its palette is earth-first — leather browns, dust khaki, desert ochre, parchment off-white — punctuated by pulp-cover accents of masthead yellow, signal red and jungle green, delivered in gouache cover paint, halftone print grain, sepia or grainy monochrome photo toning, or warm single-lamp light. Recognition hinges on period gear (fedora, leather satchel, coiled bullwhip, tall boots), scholastic props (old maps, esoteric artifacts, books, spectacles), dieselpunk-era transport (prop planes, steamships, vintage off-road vehicles), and a mood of competent, daring discovery."
Adventurecore,aes/Adventurecore/SKILL.md,"Adventurecore is a late-2010s Tumblr-born aesthetic of romanticized exploration — misty conifer forests, winding dirt trails, mossy creeks and fogged mountains rendered in muted earth tones (pine green, bark brown, fog off-white, dark navy) under overcast, foggy or golden-hour light. Its signature elements are practical layered hiking gear (flannel, fleece, rain shell, canvas satchel), old maps, compasses and journal sketches, and a first-person ""protagonist setting off on a cross-country journey"" framing, delivered through casual handheld photography, moodboard collages and garment flat-lays rather than glossy postcard views. Load this skill for images of quiet, yearning outdoor journeying, cozy readiness for any weather, and amateur-realistic nature travel with a slightly melancholic, contemplative cast."
Aestheticism,aes/Aestheticism/SKILL.md,"Aestheticism (the Aesthetic Movement, the ""Cult of Beauty""), England c. 1860s–1900, treats every picture as a self-sufficient harmony of colour and pattern under the doctrine of ""art for art's sake."" Recognition hinges on two palette registers — subdued tonal arrangements of grey, sage, slate blue and ivory, and jewel-tone schemes of emerald, sapphire, ruby and peacock blue punctured with gold — deployed across idealized women lost in reverie, classical drapery, peacock feathers, lilies and sunflowers, Japanese fans, screens and blue-and-white porcelain, all in flattened, pattern-conscious compositions with enamel-smooth glazes or mist-soft nocturne scumbles."
Aetherpunk,aes/Aetherpunk/SKILL.md,"Aetherpunk (also Arcanepunk or Magicpunk) is a utopian fantasy-tech aesthetic in which high-fantasy magic powers science-fiction-grade technology: arcane sky-ships, elemental-bound engines, construct laborers and glowing aether conduits. Its visual DNA is gilded gold and carved stone architecture with stained glass and pagan sigils, lit by one saturated aether hue — neon blue-cyan, rune violet, or undercity green — set against painterly daylight and warm brass speculars. Typical subjects are magical machines, artificer-mages, luminous artifacts and sunlit civic cityscapes that read as inherently good rather than dystopian."
Afrofuturism,aes/Afrofuturism/SKILL.md,"Afrofuturism fuses African diasporic heritage — printed textiles, gold beadwork, regal headwraps, carved and cast sculpture — with speculative technology and cosmology: starfields, lone moons, chrome visors, sun-disc halos. Its palette grounds metallic gold and chrome in deep indigo blues and earth tones, often lifted by saturated collage accents, and its subjects are dignified Black figures as explorers, royalty, priests and hybrid beings, rendered in photomontage, airbrush illustration, editorial fashion and sculpture. Rooted in Sun Ra's late-1950s space jazz and named in 1993, it carries values of liberation, reclamation, heritage and future vision."
Afropunk,aes/Afropunk/SKILL.md,"Afropunk is the visual culture of Black participation in punk and alternative subcultures, from its 1970s roots to its 200s popularization through the Afro-Punk documentary and festival: DIY-altered tartan, leather, harnesses and fishnet worn over locs, braids and afros dyed electric pink, violet or teal, shot in flash-lit club doorways, sunlit festival fields and against chainlink fences. Signature elements include hand-modified garments, band patches, zine xerox graphics, combat boots, dark lipstick and defiant group portraits; the mood is rebellious joy and Black liberation."
After_Hours,aes/After_Hours/SKILL.md,"After Hours (kenopsia) is a 2010s internet aesthetic of dimly lit, empty versions of places built for crowds — night streets, parks, school corridors, parking garages, diners after closing — held in deep shadow and lit by sodium-gold streetlamps, cool fluorescent tubes or stray neon. Signature elements are practical light sources burning for no one, one-point perspectives receding into darkness, benches and tables and clocks sized for absent people, fog or snow softening the glow, and a tranquil, contemplative melancholy rather than horror. Load this skill when recognizing or generating night-empty urban and suburban scenes of stillness, absence and quiet rebellion."
Agejo,aes/Agejo/SKILL.md,"Agejo (""Ageha Lady"") is a mid-2000s Shibuya gyaru substyle born from Koakuma Ageha magazine, channeling Japanese hostess-club glamour: tight black mini dresses loaded with hot pink satin bows, leopard and zebra print, rhinestones, tiered lace, garter stockings and gold chain belts. Its signature figure pairs voluminous curled light-brown hair, dolly circle lenses, thick top-and-bottom eyeliner and false doll lashes with long decorated nails. Recognize it by the black-plus-hot-pink palette, overt lingerie cues, high ornament density and glossy high-key magazine lighting."
Aggrotech,aes/Aggrotech/SKILL.md,"Aggrotech (Harsh EBM, Hellektro, Endzeit Elektro) is the album-art and artist-presentation aesthetic of late-1990s harsh electro: blood-red-on-black hazard signage, olive-drab military hardware, gas masks, biohazard and radiation pictograms, and medical/body-horror shock imagery rendered in distressed duotone, halftone grain and stencil or blackletter type. Recognize it by its warning-sign palette (black, blood red, acid yellow-green, olive drab), its tactical and heavy-machinery props, and its theatrical, apocalyptic misanthropy — the violent cousin of Cybergoth and the distorted child of EBM."
Ah_Beng,aes/Ah_Beng/SKILL.md,"Ah Beng is the 1990s Singaporean and Malaysian working-class Chinese youth stereotype: rebonded bleach-blonde or copper-red hair with heavy fringes, loud Western brand logos, chunky gold jewelry, reflective sunglasses and modified cars, captured in harsh consumer-camera flash against HDB flats, tarpaulin backdrops and night parking garages. Its visual DNA fuses gang-crew posturing (bare chests, dragon and tribal tattoos, baseball bats and choppers) with Ah Lian glamour (circle lenses, gelish nails, spaghetti straps) and a persistent undercurrent of comedic parody. Palette runs cheap-bright saturated primaries and metallics over drab tropical concrete and sepia-red parody grades."
Airbrush_Surrealism,aes/Airbrush_Surrealism/SKILL.md,"Airbrush Surrealism (aka Airbrush Kitsch) is a hand-sprayed illustration aesthetic of the late 1960s to mid-1980s built on seamless airbrush gradients in hot pink, electric blue and deep purple, mirror-chrome spheres and metallic ribbons, and impossible floating objects — planets, machines, instruments, crystals, anthropomorphic kitsch figures — staged in cosmic voids, deserts and glowing horizons with starburst glints, artificial sunbursts and X-ray cutaways. Recognize it by its photo-smooth spray finish with zero brushwork, supersaturated neon palette, glossy chrome and liquid-metal surfaces, and deadpan dream logic; it is the analog precursor that vaporwave and laser grid later sampled."
Akibapop,aes/Akibapop/SKILL.md,"Akibapop (Akiba-Pop / Moe-Denpa) is the candy-saturated cover and music-video aesthetic of early-2000s Akihabara doujin denpa music: moe anime girls with star-sparkle eyes and open-mouth grins, pastel candy palettes of pink, mint, lavender and lemon, and horror-vacui clutter of sweets, hearts, sparkles, animal ears and otaku tech gadgets. Signature elements include bold diagonal bubble typography in kana and English with thick white outlines, sticker-like cel shading, halftone confetti fields, and a manic off-kilter cuteness that tips into surreal hallucination. Recognize it by maximalist pastel clutter anchored by an anime character, never by minimalism or photorealism."
Alay,aes/Alay/SKILL.md,"Alay is the Indonesian teen subculture aesthetic of the mid-2000s to early 2010s — a deliberately tacky (norak), maximalist mash of emo fringe, band tees, neckties-over-shirts and candy-bright accessories, shot on low-megapixel camera phones and camcorder stills for Friendster, hi5 and Flickr. Recognize it by crowded goofball group poses (peace signs, duck faces, chin-on-hand), side-swept fringes covering one eye, clashing saturated green/yellow/purple/red on a black-and-white base, JPEG noise, flat on-camera flash, letterbox bars, orange date stamps and snapshot-collage grids."
Aliencore,aes/Aliencore/SKILL.md,"Aliencore (Alienwave) is a 1990s-born, Y2K-filtered aesthetic of extraterrestrial kitsch and cosmic isolation, built on neon green alien skin, violet, magenta and cyan glowing against black starfields, holographic and glow-in-the-dark finishes, grey-alien icons, flying saucers and conspiracy slogans. Typical subjects are alien self-portraits and mirror reflections, UFO signage and warning signs, neon and blacklight posters, holographic fashion, plush and sticker merch, and glitched VHS broadcast frames, with moods swinging from melancholic outsider to playful kitsch. Load this skill when imagery centers the alien as a stand-in for the self and every surface reads synthetic, emissive or iridescent."
Aliyahcore,aes/Aliyahcore/SKILL.md,"Aliyahcore is an early-2020s TikTok-born fashion microtrend created by Atlanta creator Aliyah Bah, fusing Y2K silhouettes, grunge/alt grit and Harajuku maximalism into a pink-dominant, accessory-stacked look. Its signature formula pairs a miniskirt or micro-shorts with fishnet sleeves and stockings, a garter belt, fur-trimmed platform boots, year-round earmuffs, layered rhinestone belts, fuzzy leg warmers and outfit-matched makeup, captured as candid flash snapshots in mundane everyday spaces. Recognize it by candy-pink palette anchored in black or denim, plush kawaii charms and stacked bracelets, and confident, gestural full-body outfit poses."
Alté,aes/Alté/SKILL.md,"Alté is the mid-2010s Lagos-born counterculture look: black-grounded thrift collage punctured by green, purple and neon flashes, worn by Nigerian youth crews with bleached brows, dyed locs, retro sunglasses, stacked chains, platform boots and heels, jerseys and Ankara fragments in gender-fluid silhouettes. It reads through flash-lit phone snapshots, mirror selfies, backstage and festival candids rather than polished campaign imagery. Load this skill when an image or brief shows African youth subculture styling that mixes vintage thrift, subcultural hardware and deliberate gender play with a candid, social-native photographic texture."
Amekaji,aes/Amekaji/SKILL.md,"Amekaji (""American casual,"" also Cocogyaru) is a late-1990s–2000s Shibuya gyaru substyle that exaggerates American West Coast surf, skate and hip-hop streetwear into candy-colored layering — oversized hoodies, puffer vests, bold-logo graphic tees, flared or banner-lettered baggy pants, jorts and mini skirts in hot pink, canary yellow, turquoise and orange over denim and khaki bases. Recognition hinges on tanned gyaru makeup with bleached straight-bang hair, baseball caps and beanies, chunky plastic jewelry, star/polka-dot Americana prints, playful peace-sign poses, and the media frames of brand-shop flash snapshots or egg/Ranzuki magazine scan pages. Expect loud color-blocking and prominent brand logos on casual sporty silhouettes — never glamour-gyaru dresses, school uniforms, or dark hip-hop streetwear."
American_Pioneers,aes/American_Pioneers/SKILL.md,"The 19th-century US settler aesthetic of prairie migration and homestead labor — sun-bleached wheat golds, honey ambers, burlap browns and milk-paint whites, punctuated by small calico reds. Signature elements are covered wagons, sunbonnets and aprons, cast-iron pots, patchwork quilts, tinware, one-room schoolhouses and small white clapboard churches, rendered in faded daylight photography or naive folk painting. Subjects privilege domestic self-sufficiency (bread, jam, eggs, honeycomb, washday, hand-sewing) set against vast untamed grassland and the shadow of hardship on the trail."
American_Thanksgiving,aes/American_Thanksgiving/SKILL.md,"The visual culture of the American harvest holiday — abundant overhead feasts of roasted turkey, pumpkin and lattice-crust pie, cornucopias, heirloom gourds and flint corn on linen-and-transferware tables, lit by candle-warm chiaroscuro, diffuse daylight or analog flash. Palette locked to the warm quadrant of pumpkin orange, brick red, golden yellow and chestnut brown, with a vintage stratum of postcard lithographs, mid-century parade snapshots and 1970s animation stills. Mood is grateful, domestic and generously cluttered: family plenitude, never minimalist coziness."
Analog_Horror,aes/Analog_Horror/SKILL.md,"Analog Horror (VHS Horror) is an internet-born found-footage aesthetic of the mid-to-late 2010s that emulates degraded late-20th-century media — VHS tapes, CRT television broadcasts, Emergency Alert System cards, public-access idents and employee training tapes — corrupted by dread. Recognize it by tape grain and interlaced scanlines, tracking tears with cyan/magenta fringing, monochrome or desaturated imagery punctured by sparse signal red, phosphor green or deep CRT blue, bureaucratic monospace type with burn-in timestamps and late-night clocks, uncanny blackened or grinning faces, interrupted vanity plates, and sinister planets. Typical subjects are emergency alerts, channel idents, instructional pictograms, distorted children's mascots, and empty found-footage rooms rather than visible protagonists."
Ancient_Egypt,aes/Ancient_Egypt/SKILL.md,"Visual language of the dynastic Nile civilization (3150 BC–30 BC): monumental sandstone and gold under hard desert sun, flat register-based tomb painting and sunken relief bounded by black contour, hieroglyph bands, papyrus- and lotus-capital column forests, pylon gates, pyramids, mummies and winged sun discs. Palette of gold, ivory, sand-brown, kohl black, lapis/faience blue and red ochre laid in unmodulated fields; human figures in composite profile with frontal eye and torso. Use for recognizing or generating pharaonic monuments, funerary art, jewellery and desert scenes, and for keeping them distinct from Egyptian Revival, Art Deco and Hellenic neighbors."
Angelcore,aes/Angelcore/SKILL.md,"Angelcore (Cherubcore) is a late-2010s internet aesthetic of angelic imagery borrowed from Rococo, Baroque and Neoclassical art — cherubs and putti, feathered wings, halos, doves, heaven-like clouds — rendered in a high-key pastel palette of white, cream, pale gold, baby pink and powder blue. Its signature look is hazy sunbeam lighting with a milky low-contrast fade, glitter sparkle points, fresco ceilings and ornate columns, lace and organza drapery, and vintage-postcard or digital-collage framing. Recognize it by the pairing of divine iconography with secular softness: if the image carries wings or cherubs but reads faded, powdered and dreamlike rather than dramatic or museum-crisp, it is Angelcore."
Anglo_Gothic,aes/Anglo_Gothic/SKILL.md,"Anglo Gothic (Dark Anglo) is the aesthetic of run-down British suburbs and council estates under overcast, drizzling skies — wet tarmac, crumbling terraced houses and shoddy 1960s estate blocks, telegraph poles, bare trees and parked nineties cars, all soaked in desaturated blue, grey, brown and damp green. Rooted in 1990s post-punk and Britpop melancholy and in working-class industrial decline, its images are empty, underlit, snapshot-frank views punctuated at most by a single warm window or a pair of tail lights. Recognise it by weather-first greyness, blue-hour murk, absent people and mundane British infrastructure; it is bleaker and wetter than Northerncore and far darker than After Hours."
Angura_Kei,aes/Angura_Kei/SKILL.md,"Angura Kei is the visual language of Japan's 1960s underground theatre counterculture, later carried by Visual Kei bands and ero-guro manga — shironuri white-painted faces in modified Showa-era school uniforms and layered kimono, staged among bunka dolls, Noh masks, old wall clocks and irreverently handled imperial flags. Its palette is a muted field of ink black, paper cream and faded institutional green pierced by one saturated vermilion red, and its mood is distorted nostalgia: ominous, theatrical, anti-authoritarian. Recognize it by white face paint plus Japanese era-fusion costume plus cluttered Showa interiors plus black/white/red symbolic staging."
Animecore,aes/Animecore/SKILL.md,"Animecore (Otakucore) is a nostalgic internet aesthetic for 1990s–early 2000s otaku fan culture, built on the 2000s moe-girl render grammar — chibi-rounded proportions, enormous reflective wide-set eyes, thickened outlines, soft-gradient cel coloring — presented in pastel-pink, glitter-stamped, deliberately lo-fi frames. Its signature scenes are maximalist otaku bedrooms and character shrines: figure-crowded shelves, poster-papered walls, CRT monitors and Windows-XP-era UI chrome, plus Blingee glitter graphics, gaudy text and pixelated GIF artifacts. Recognize it by the combination of moe-archetype art, fandom-merch maximalism, and early-internet digital degradation."
Antwerp_Six,aes/Antwerp_Six/SKILL.md,"Mid-1980s Belgian avant-garde fashion aesthetic of the Antwerp Six collective — severe monochrome deconstruction (black, charcoal grey, off-white, muted earth) with exposed seams, asymmetric draping, oversized tailoring and androgynous casting, alongside a divergent wing of saturated prints and provocative color statements. Recognized in runway documentary shots, grainy black-and-white campaign portraits and stark studio editorials that privilege intellectual austerity, visible construction and anti-fashion staging over commercial polish."
Appalachian_Gothic,aes/Appalachian_Gothic/SKILL.md,"Regional gothic of the American Appalachian hollows — mist-veiled forested ridges, small coal-and-lumber towns, rusting trestles, abandoned mine works and chinked-corner log cabins, rendered in canopy green, mineral gray and iron-oxide rust under flat overcast or fog-bound light. Signature elements are documentary vernacular decay (dilapidated mountaintop houses, rusted cars, split-rail fences, kudzu, utility wires) plus an ambient folkloric dread of ghosts and grotesque creatures half-glimpsed in the treeline. Load this skill for haunted rural Americana where hard-work workwear, coal history and wilderness menace coexist; it is daylight-gothic as often as night-gothic."
Après-ski,aes/Après-ski/SKILL.md,"Mid-century alpine resort aesthetic of post-ski socializing, born in the 1950s European Alps and revived on lifestyle blogs and Instagram in grainy, faded-film photography. Cream and snow-white chunky knits, shearling-trimmed puffers, fur-cuffed moon boots, deep red / navy / forest accents, skis and poles as at-rest props, and convivial chalet, terrace or tailgate scenes with fondue, mulled wine and firelight. Recognize by Fair Isle and cable knits, fur-trimmed hoods, snow-glare sunglasses, high-key snow light, and a casually luxurious ""just off the slopes"" social mood."
Arabfunny,aes/Arabfunny/SKILL.md,"Arabfunny is a late-2010s meme aesthetic born on r/Arabfunny that parodies early-2000s Arab and South Asian WhatsApp/Facebook chain posts: deliberately re-compressed 144p–240p JPEG and video frames, untranslated bold Arabic text, red clickbait circles and arrows, neon-green FREE DOWNLOAD buttons, 😂 emoji sprinkles, Pan-Arab red/green/white/black accents, and a clutter of Peter Griffin clips, Trollface line art, Nokia phones, camels and crude 3D animations. Recognition hinges on sensory-overload sticker clutter layered over Arab-world ""boomer web"" ephemera, not on deep-fry saturation alone."
Arabian_Nights,aes/Arabian_Nights/SKILL.md,"A 2020s TikTok-born celebration aesthetic of Middle Eastern and North African heritage: creators in thobes, abayas, keffiyehs and hijabs, wearing gold jewelry and dramatic kohl-lined eye makeup, set against desert dunes, arched traditional architecture and glowing pierced-brass lanterns. The palette runs candle-gold, amber and terracotta-rose dusk against garment black, or indigo-violet night with turquoise tile accents; formats range from crisp HD portraits and candlelit still-life trays to moodboard grids and flat starry-sky illustrations. It reads as self-representational cultural pride — modest, elegant, warm — never as exoticized outsider fantasy."
Arcadecore,aes/Arcadecore/SKILL.md,"Arcadecore (Early 80s Arcade) idealizes the golden-age video game arcade of the late 1970s–1990s: near-black rooms lit only by CRT phosphor, neon marquees and blacklight-reactive carpet. Its signature elements are arcade cabinets with glowing joysticks and buttons, pixel art and dot-matrix typography, vector wireframe glow, cosmic patterned carpets, tokens and tickets, in a palette of black, navy and fluorescent pink, cyan and green. Subjects range from cabinet-lined aisles and control-panel close-ups to arcade fashion portraits and UV pattern fields, all carrying nostalgia, competition and communal fun."
Archive_Fashion,aes/Archive_Fashion/SKILL.md,"Archive Fashion is a collector-driven street aesthetic of the late 2010s–2020s (Japan, US) built on vintage avant-garde runway pieces — Raf Simons, Helmut Lang, Rick Owens, Undercover, Carol Christian Poell — worn as deconstructed black-and-grey layers: raw hems, slashed asymmetric zippers, bondage straps and tactical pockets over oversized or low-rise flare pants stacked on chunky boots. Signature cues are deliberate decay (torn woolens, unraveled seams, distressed denim), muted macabre motifs (skeletons, spiderwebs, punk-text patchwork), fur trims, ushankas, masks and sunglasses, captured in unpolished snapshot light. Recognize it by worn designer hardware plus anti-fashion distress; it is neither emo's skinny band-tee silhouette, sleek Hedi Boy rock glamour, nor glossy futuristic techwear."
Aristocrat,aes/Aristocrat/SKILL.md,"Aristocrat (Gothic Aristocrat, EGA) is a mid-1990s Japanese street fashion of mature, androgynous gothic elegance modeled on 19th-century European aristocracy: ankle-length black skirts and tailored long coats, waistcoats, jabots and cravats, top hats and veils, roses, crosses and fleurs-de-lis on a near-black palette with crimson, midnight blue and antique brass accents. Recognize it by long structured silhouettes with no petticoat volume, pale poised androgynous figures, period boots, and funereal lookbook staging; it deliberately rejects Lolita cuteness, prints and petticoats."
Art_Academia,aes/Art_Academia/SKILL.md,"Art Academia is the academic internet aesthetic of visual-art making and viewing — plaster cast rooms, oil-crusted wooden palettes, charcoal sketchbooks, salon-hung museum walls and sunlit atelier easels — rendered in warm neutrals (plaster white, oat, taupe, umber) punctuated by saturated pigment accents led by cadmium yellow. Figures appear from behind admiring statues, or as paint-stained hands at work, bathed in soft north-window daylight with a quiet, filmic grain. Load this skill when an image must read as classical art-school devotion — tactile, curious, reverent toward antiquity — rather than literary academia, productivity culture or DIY art-girl irony."
Art_Deco,aes/Art_Deco/SKILL.md,"Art Deco (Paris, 1910s–1930s) is the machine-age luxury style: bilateral symmetry, stepped ziggurat silhouettes, sunburst–chevron–zigzag ornament, and high-contrast black/ivory/gold/chrome palettes enriched by jewel tones or powder pastels. Signature subjects include skyscraper crowns and theater façades, lacquered salon interiors, macassar-ebony cabinets and onyx mantel clocks, flat-plane lithographic posters with geometric capitals, slender pochoir fashion plates, frosted-glass and bakelite objects, and streamlined trains, liners and cars. Load this skill when imagery must evoke Roaring-Twenties glamour, verticality, exotic veneers and faith in technology."
Art_Hoe,aes/Art_Hoe/SKILL.md,"Art Hoe is a mid-2010s Tumblr-born aesthetic and movement created by and for young creatives of color, fusing saturated primary colors — mustard yellow above all — with nature greens and soft pastels like lavender and peach. Recognize it by the ""modified selfie"" collaged or doodled over with famous paintings, halos and flowers; sunflowers, succulents and ivy beside well-used sketchbooks, paint tubes and palettes; Fjällräven Kånken backpacks, cuffed mom jeans, mustard cardigans, Dr. Martens or platform sneakers with painting-print statement socks; and collage-covered bedroom-studio walls lit by warm window light and yellow fairy lights."
Art_Nouveau,aes/Art_Nouveau/SKILL.md,"Art Nouveau (1890s–1910s, Western Europe) is the Belle Époque total-design style built on asymmetrical ""whiplash"" S-curves and stylized nature — vines, orchids, dragonflies, peacocks, flowing-haired female figures — rendered in muted olive, mustard, brown, lilac and sage with gold and brass accents. It appears in flat-color hand-lettered posters, exposed iron-and-glass architecture, curvilinear stairwells and facades, jewelry, lamps and art glass. Recognize it by sinuous organic line fused with structure itself, faded earthy palette, and ornament that grows out of the object rather than sitting on it."
Art_Singulier,aes/Art_Singulier/SKILL.md,"Art Singulier — the French outsider art current of the 1970s (art hors-les-normes, création franche, heir to Art Brut) — paints personal mythology in bright saturated fields of turquoise, vermilion, marigold and cobalt, with naïve-cubist split faces, totemic figures, visionary houses and gardens, obsessive hand-drawn pattern, encrusted collage-assemblage surfaces and wobbly hand-lettered inscriptions. Recognize it by untrained frontality, either horror-vacui density or a single icon on a flat color field, non-naturalistic even light, and everywhere the evidence of the hand; it absorbs Cubism and Surrealism but never academic finish, pop gloss or digital cleanness."
Artcore,aes/Artcore/SKILL.md,"Artcore is the album-cover and rhythm-game key-art aesthetic of the Japanese dōjin electronic music genre (early 2000s onward): anime-styled angels, fairies and cyborgs in Gothic-Lolita-inflected dress, set amid cathedral vaults, shimmering crystals, shattered glass, angel feathers and flourishing flowers. Its palette is cool and high-contrast — blues, purples and whites, either as luminous high-key watercolor washes or abyssal indigo darkness pierced by a radiant bloom — usually finished with letterspaced serif titles. Recognize it by the fusion of Gothic/Baroque grandeur, crystalline shard geometry and melancholy classical elegance over an electronic-modern skeleton."
Arte_Povera,aes/Arte_Povera/SKILL.md,"Italian avant-garde of the late 1960s–70s whose visual DNA is the ""poor"" material itself — earth, stones, raw wood, burlap, rope, newspaper, rags, water, living plants — staged as sculpture or installation with documentary neutrality in white cubes, classical Italian rooms or open ground. Expect earthy, material-derived palettes (tan, stone grey, umber, rust, plaster white) punctuated by industrial or organic accents (dyed-water blue, lettuce green, chaotic multicolour textile heaps); forms of pile, stack, mound, floor grid, lean-to and suspended hang; perishable process elements; and an austere, anti-spectacular mood of conceptual juxtaposition between natural and artificial, old and new."
Arts_and_Crafts,aes/Arts_and_Crafts/SKILL.md,"British-led decorative style of the 1880s–1920s (William Morris, John Ruskin) built on dense, flat repeating patterns of stylized garden flora — acanthus, tulip, rose, daisy, scrolling vines — and birds such as thrushes, in natural-dye colors of indigo, madder red, ochre and olive green on deep or oatmeal grounds, alongside honest hand-made objects of quarter-sawn oak with exposed joinery, hammered copper and silver, matte-glazed stoneware and block-printed paper. Recognize it by symmetrical scrolling-stem repeats, matte earthy palette, medieval flatness, and visible handwork; the mood is pastoral, earnest and anti-industrial."
Asian_Baby_Girl,aes/Asian_Baby_Girl/SKILL.md,"Asian Baby Girl (ABG) is a 1990s-born Asian American subculture aesthetic built on full-glam makeup (filled brows, dramatic false lashes, colored contacts), bleached/ombré or contrast-streaked hair, black form-fitting tops with baggy pants or jerseys, hoop earrings, coffin nails and dragon/flower/Chinese-character tattoos. It is photographed as digital snapshot culture — harsh on-camera flash against night blackness, magenta-violet club neon, car interiors, arm's-length selfies — with boba cups, plush toys and streetwear-luxury logos as props. Palette anchors on black with saturated neon pink, red and gold accents; mood is playful, confident defiance of the ""model minority"" stereotype."
Athleisure,aes/Athleisure/SKILL.md,"Athleisure (""athletic streetwear"") is a casual style of the late 2010s–early 2020s that fuses performance gymwear — track jackets, joggers, leggings, compression tops — with streetwear volume and tailored pieces. Recognize it by tech fleece, ribbed knits and spandex in either tonal neutrals (cream, black, heather grey, olive) or flat color-blocked panels of red, blue and green on a white or black ground; oversized hoodies and jackets over slim bases or baggy, stripe-taped track pants; and chunky retro trainers kept deliberately in frame. The mood is confident, casual ease — workout gear elevated for city life, never costume sportswear."
Atompunk,aes/Atompunk/SKILL.md,"Atompunk is the 1950s–60s vision of the future replayed as dystopia, satire or cold-war dread: finned rockets, ringed space stations, hover cars and Googie needle-spires in saturated pulp-magazine color (atomic orange, teal, mustard, magenta over chrome and starfield indigo) with gouache, airbrush and offset-print texture. Recognize it by analog dials and cathode-ray consoles, bubble-helmet astronauts, starburst atomic motifs, Populuxe pastel suburbia or post-nuclear wastelands — a bright retrofuturist surface with irony, decay or pessimism underneath. Distinguish from sincere Raygun Gothic and Space Age design by that countercultural twist."
Australiana,aes/Australiana/SKILL.md,"Australiana is the irony-soaked revival of 20th-century Australian popular culture, born in the 1980s (Ken Done, Coogi, Expo '88, Flamingo Park) and resurrected as ""Australiana 2.0"": clashing primaries and neons splashed on stark white, or maximalist all-over prints of koalas, kangaroos, galahs, waratahs and gum leaves, alongside Aboriginal-derived dashed-line painting fields, cream-brick suburbia, stilted Queenslanders, mosaic highway murals and tourist-postcard display type. Recognize it by deliberate ""colours that don't go together,"" terry towelling and acrylic knits, fairy-bread kitsch, hard midday sun, and a larrikin, self-aware nostalgia that homages the past while winking at it."
Austurbane,aes/Austurbane/SKILL.md,"Austurbane (Austere-Urbane) is a late-2010s product-photography and brand-design aesthetic that pairs stark minimalism with earthy, upscale sophistication: editorial serif type set in vast whitespace, hard directional light casting branch and seed-head shadows across the frame, and highly staged still lifes of marble, rough stone, organic ceramics and matte paper in muted beige, cream, brown, copper, bronze and black. Its typical subjects are premium packaging, stationery and branding suites, and editorial spreads, arranged in geometric isometric angles or strict top-down flat lays with a zen, curated, ""classy minimalism"" mood. Load this skill when recognizing or generating refined earth-tone brand imagery defined by dramatic natural light, raw natural materials and restrained serif typography."
Autumn_Aesthetic,aes/Autumn_Aesthetic/SKILL.md,"Autumn Aesthetic (aka Fallcore, Romanticized Autumn, Cozy Autumn) is a 2010s social-media lifestyle style that idealizes the fall season through a warm earth-tone palette of burnt orange, rust, mustard yellow, rich brown, cream and beige. Its signature elements are falling leaves and foliage-canopied streets, pumpkin spice lattes and apple cider, chunky knits and plaid flannel, candles, classic books, cozy blankets, pumpkin patches, misty mornings and candlelit interiors, rendered in soft diffuse or low golden light with a matte, film-like warm grade. Recognize it by cozy domestic or leaf-strewn outdoor scenes that radiate nostalgia, slowness and domestic comfort — distinct from Halloween's spookiness and Dark Academia's austerity."
Avant_Apocalypse,aes/Avant_Apocalypse/SKILL.md,"Avant Apocalypse is a 2020s fashion aesthetic of neutral maximalism — deconstructed, asymmetrically layered garments in earth tones, bone, ash grey and soot black, cut with cut-outs, sheer panels and raw edges so the body is revealed and armored at once. Signature reads: stacked layering of distressed knits and sheers, off-kilter silhouettes with trailing panels, strap-and-O-ring harnesses and sculptural wire, chunky platform boots under stacked leg warmers, hooded or masked faces against austere seamless, concrete or dust-toned grounds. Use when recognizing or generating runway-grade dystopian styling that is distressed-by-design yet body-conscious, as opposed to literal survivalist post-apocalypse costuming."
Avant_Basic,aes/Avant_Basic/SKILL.md,"Avant Basic is a 2020s, social-media-born soft maximalism: candy pastels (blush pink, lilac, pistachio, peach, baby blue) layered over cream or white grounds, clashing retro-psychedelic patterns — checkerboard, wavy swirls, abstract florals, gingham — with curvy Memphis-descended shapes like wiggly mirrors, bubbly candles and rounded furniture. Typical subjects are sunlit pastel interiors, intarsia-knit lookbook fashion, garment flat-lays and collage lookbooks. Recognize it by pattern-mixing held in pastel harmony, kitsch sincerity, curved silhouettes, and bright, soft, even daylight."
Avantropop,aes/Avantropop/SKILL.md,"Avantropop (aka Avant Garde Prefuse) is the late-2000s/early-2010s broadcast-and-electropop graphic style: asymmetrical vector geometry, warped black-and-white optical stripes and checkers, CMYK process neons (magenta, cyan, yellow, lime) fired across black or white fields, halftone dot screens, photo-cutout collage, soft prism gradients and chunky geometric sans type in the ITC Avant Garde Gothic family. Typical subjects are TV network bumpers and idents, electropop music-video frames, festival posters and flyers, youth-tech advertising, type specimens and colorblocked streetwear looks. Recognize it by diagonal, high-energy, collage-layered composition that fuses avant-garde op-art instinct with glossy digital pop crispness."
B-Movie_Horror,aes/B-Movie_Horror/SKILL.md,"The visual language of cheaply made American horror cinema from the 1930s–1980s and its promotional art — grainy or washed-out film frames, visible foam-latex prosthetics and glossy too-red fake blood, and lurid hand-lettered one-sheet posters in clashing signal red, acid yellow, poison green or duotone salmon-on-ink. Signature elements are caps-lock taglines, billing blocks, floating-head montages, screaming faces, rubber monsters, brains in jars, flying saucers, and fog used to hide nonexistent sets. Typical subjects are mad scientists, alien invasions, giant mutated creatures, vampires, possessed nuns and video-era slashers, all rendered with earnest, visible cheapness."
Babycore,aes/Babycore/SKILL.md,"Babycore is a 2010s Tumblr-born internet aesthetic of infancy and toddlerhood nostalgia: milk-faded pastel pink, baby blue, mint and cream applied to plush toys, pacifiers, baby bottles, alphabet blocks, frills and maximalist nursery clutter. Its images are overexposed and soft-focus, full of plush fur, crochet, tulle and frilly socks, and its mood is strictly non-sexual comfort, innocence and gentleness. Recognize it by washed-out pastels with milky shadows, childlike details like Peter Pan collars and rattles, and hazy high-key light."
Babygirl,aes/Babygirl/SKILL.md,"Babygirl is a 2010s Tumblr-born feminine aesthetic of reclaimed girlhood: milky pastel pink, lavender and baby blue fields, frills, lace, satin bows, Peter Pan collars, pigtails, plush piles and pacifier charms, rendered in hazy high-key light with star-sparkle overlays. Typical subjects are plush-stacked bedrooms, detail crops of frilled garments and bead accessories, and moodboard collages carrying cursive ""babygirl"" or ""crybaby"" text. It is a non-sexual comfort aesthetic; recognize it by its infantile-comfort motifs plus soft digital bloom, and separate it from Babycore, Nymphet, Puppygirl and DDLG-coded imagery."
Baddie,aes/Baddie/SKILL.md,"Baddie is the 2010s Instagram-model and YouTube beauty-guru aesthetic of confident, heavily made-up women: thick sculpted brows, cut-crease shadow, dark liner, false lashes and clear gloss over contoured, dewy skin, paired with long acrylic nails, wigs or laid edges, and a streetwear-meets-glam wardrobe of crop tops, hoodies, tracksuits, ripped jeans, camo pants and name-brand sneakers. Its palette anchors on black, red, camo, beige, white and pink, shot in harsh phone-flash night interiors, hard daylight on concrete, or soft pink studio glow, with hoop earrings, chains, designer logos and stacks of cash as flex props."
Bakala,aes/Bakala/SKILL.md,"Bakala (Makinero, Ruta Destroy) is the Spanish club subculture of late-1980s to early-2000s Valencia, built around 72-hour macro-discotheque rituals on the CV-500 road and expressed in two registers: avant-garde ""Diseño Destroy"" flyer art (flat neon blocks of safety orange, yellow, magenta and cyan over black ink, halftone comic faces, crosshairs, bat/rocket/oval club logos, modernist typography) and a hard tribal uniform of reversed MA-1 bombers flashing orange lining, shaved ""Cenicero"" cuts bleached platinum or butane-orange, gold chains, bell-bottoms and platform boots, all captured in grainy on-camera-flash snapshots of parking lots, club façades and dawn dancefloors. Recognize it by the orange-on-black palette, print-grain collage language, Spanish club logotypes and endurance-party subject matter; load this skill for Spanish ruta / mákina nostalgia imagery and its graphic canon."
Balearic_Aesthetic,aes/Balearic_Aesthetic/SKILL.md,"Late-1980s Ibiza-born visual style of sun-bleached euphoria — Mediterranean sunsets over open water, soft-focus film light, flowing white linen, canvas shade-sails and whitewashed terraces, in a palette of golden yellow, sunset orange, soft pink, azure and bleached white. Subjects range from seated silhouette crowds watching the sun drop, to minimalist sea-facing villas and pools, aerial rocky coastlines, hammock postcards and lo-fi club-night snapshots, all unified by horizon-anchored, unhurried composition. Recognize it by natural backlight, a sea horizon, linen and haze — never neon, never strobe."
Ballet,aes/Ballet/SKILL.md,"Ballet is the visual aesthetic of classical dance, spanning Renaissance court origins, 19th-century Romantic spectacle and modern rehearsal-room editorial photography. Its DNA is the duality of practice and spectacle: leotards, pink tights and satin pointe shoes at the barre versus bell-shaped Romantic or stiff classical tutus under stage light, in a palette of white, blush pink, cream and black threaded with gold and silver. Recognize it by technical dance posture, tulle and satin textures, barre-mirror-studio interiors, spotlit corps de ballet, and supernatural story-ballet figures (swans, sylphs, sugarplum fairies), rendered anywhere from hand-tinted lithograph and pastel painterliness to grainy monochrome and desaturated contemporary photo."
Balletcore,aes/Balletcore/SKILL.md,"Balletcore is an early-2020s, TikTok-born fashion aesthetic that dresses everyday life in ballet practice and performance wear: blush pink, milk white, cool gray, nude and accent black, carried by satin bow flats, slouched leg warmers, tulle skirts, leotards, wrap tops and bolero knits, ribbon lacing and scattered bows. Recognize it by dancerly body language (turnout, port de bras, floor stretches), dance-studio framing with mirrored walls and barres, sheer-versus-knit texture layering, and soft, low-contrast, faded phone-or-film light. It differs from plain coquette frill by its athletic practice-wear register and studio/stage settings, and from classical ballet imagery by its garment-first, lifestyle framing."
Ballroom_Culture,aes/Ballroom_Culture/SKILL.md,"Ballroom Culture is the competitive underground aesthetic of Black and Latino LGBTQ+ houses in New York City, from 1960s–70s Harlem balls through their late-80s/90s documentary exposure and contemporary cinematic revival. Its visual DNA: a walker frozen mid-stride or mid-vogue on a borrowed hall floor — checkered vinyl, mirror ball, exposed pipes, crowd packed behind barriers — wearing sequins, lamé, feathers, long gloves or sculptural metallic costume in jewel reds, golds, fuchsias and purples, lit either by harsh direct-flash snapshot or saturated gel glamour. Signature elements include angular vogue hand performance and dips, category costumes embodying archetypes (""realness""), trophies, emcee microphones, and chosen-family group portraits with layered gesturing hands."
Barber_Beats,aes/Barber_Beats/SKILL.md,"Barber Beats is the album-art aesthetic of the late-2010s Vaporwave subgenre of the same name: minimalist, sincerely elegant sleeves built from heavily edited classical sculptures, mythological figures and baroque painting fragments, set against solid ink fields or simple patterns with vinyl-and-cassette packaging furniture. Its palette is a strict two-to-four ink print scheme — paper neutrals, matte black, vermilion, ochre, tangerine, cobalt, violet — applied as duotone, halftone or woodcut reproduction, with vertical Japanese type, cropped oversized lettering and restrained Acid Graphics grid devices. The mood is luxurious, melancholy and relaxed, like a late-night lounge; there is no neon, no glitch and no irony."
Barbiecore,aes/Barbiecore/SKILL.md,"Barbiecore is a hyperfeminine, pink-monochrome aesthetic descended from Mattel's Barbie doll and early-2000s McBling tween culture, built on hot pink, pastel pink, lavender, violet and holographic sparkle. Signature elements include mini dresses in satin, sequin, patent or plush; plastic jewelry, tiny handbags and heart-shaped sunglasses; vanity and self-care props; pink cars, mansions and horses; and groups of friends in coordinated pink, all lit with glossy, high-key brightness. Use this skill for sincere, kid-friendly pink glam — as opposed to the jaded adult irony of Bimbocore and Bubblegum Bitch or the beachy palette of Coconut Girl."
Bardcore,aes/Bardcore/SKILL.md,"Bardcore (Tavernwave) is a 2020s internet aesthetic born from medieval-style covers of modern pop songs: parchment creams and sepia washes, muted madder reds, dusty blues and ochre golds; lutes, harps, flutes and frame drums; peasant and ren-faire garb; blackletter cover type and manuscript- or woodcut-style illustration laced with knowing anachronistic humor. Recognize it by aged-paper grounds, candlelit minstrel scenes, costume flat-lays and collages, and the wink of a modern subject rendered in a medieval idiom."
Baroque,aes/Baroque/SKILL.md,"Baroque (c. 1600–1750, born in Rome) is the Counter-Reformation style of orchestrated spectacle: chiaroscuro light falling like a spotlight on ecstatic figures, swirling diagonals and peak-moment action, monumental domes, curved façades and trompe-l'œil ceilings, and interiors upholstered in gilded bronze, crimson damask, marquetry and veined marble. Signature elements include tenebrist light-and-dark contrast, heavy gilt ornament (putti, acanthus rinceaux, cartouches, mascarons, festoons), baldachin beds and state portraits in satin and velvet, and axial palace-garden grandeur. Load this skill for religious ecstasy and martyrdom, classical mythology, absolutist courts, ornate furniture and candlelit dramatic tableau imagery."
Basque_Radical_Rock,aes/Basque_Radical_Rock/SKILL.md,"Rock Radikal Vasco (RRV), the 1980s Basque Country punk movement, looks like a photocopied fanzine page or hand-assembled record sleeve: stark black, off-white newsprint and flag red, with Ikurriña green used only as a citation of the Basque flag. Signature elements are the Ikurriña and the red star, cut-and-paste collage, stencil/ransom-note/hand-scrawled typography with deliberate ""K"" spellings, thresholded duotone protest photography, and crude spiky ink drawings. Typical subjects are street protest, industrial decay, ordinary working-class people, and punk iconography fused with local separatist and leftist symbols."
Bastardcore,aes/Bastardcore/SKILL.md,"Bastardcore is a late-2010s Tumblr-born ""cursed image"" aesthetic of petty delinquency: grainy, high-flash night photos of shopping-cart riders, traffic-cone heads, burning skateboards and bullet-holed signs in underpasses, parking lots and badly lit rooms. Its palette is explicitly any color, bound by one rule — murky low-light surroundings pierced by a single harsh bright source (camera flash, fire, sodium streetlamp, headlights). Signature elements include novelty slogan shirts, skeleton masks and cone-or-box heads, grotesque food and vermin, deadpan handwritten statements, and anonymous amateurs caught mid-mischief."
Bauhaus,aes/Bauhaus/SKILL.md,"Bauhaus (1919–1933; Weimar, Dessau, Berlin) is the German modernist school's total-design aesthetic — primitive geometry (circle, square, triangle), clean unornamented lines, sans-serif type, and functional objects in tubular steel, glass, and lacquered wood. Its palette anchors on the primaries red, yellow, and blue plus black, white, and gray, warming to cream paper and small textile accents of teal, pink, and orange in weaving-workshop pieces. Typical subjects: cantilever and slat chairs, nesting tables, glass-and-metal lamps and tea services, fringed geometric rugs, abstract lithograph posters, and white cubic architecture with ribbon windows."
Beach_Goth,aes/Beach_Goth/SKILL.md,"Beach Goth (also Aloha Goth, Surf Goth) stages classic goth signifiers — skulls and bones, bats, black lace, coffin hardware — inside bright tropical summer settings of sand, palms, shoreline and pool floats. Its palette locks matte black and bone white against sun-bleached sand, sea-glass teal and palm green, rendered in faded sun-bleached film or saturated daylight with deep black masses. Coined by the band The Growlers and circulated on TikTok and Instagram, it reads as deadpan macabre leisure: black swimwear, lace parasols, bat-print towels and skeleton props under a noon sun."
Belgian_Popcorn,aes/Belgian_Popcorn/SKILL.md,"Belgian Popcorn is the visual culture of the late-1960s-to-1970s Belgian underground slow-swing dance scene: dark, opulent provincial dance halls where formally dressed couples turn controlled whirls to obscure 1950s–60s American R&B played at drowsy speed, beer glasses in hand under neon club signs and wood panelling. Its surviving image record is grainy direct-flash monochrome and faded colour snapshot film; its lived palette is deep amber, oxblood, beer-gold and velvet brown. Recognize it by formal vintage attire (minidresses, headbands, narrow ties, cardigans, patterned shirts), coupled slow-swing posture, crowded beer-sodden floors, and 45 rpm vinyl as talisman."
Berlin_Techno_Fashion,aes/Berlin_Techno_Fashion/SKILL.md,"Berlin Techno Fashion (""Berghain aesthetic"", Berlin clubwear) is the dress of Berlin's post-reunification techno club scene: head-to-toe black leather, vinyl, mesh and rubber built for twelve hours of dancing, carrying fetish harnesses, chains, chokers, thick platform boots and narrow dark sunglasses, set against concrete walls and overcast grey light. Beside the monochrome core sits a theatrical queer-club pole of costume, body paint, glitter and one loud statement element, and both are rendered with snapshot flash, film grain or deadpan editorial flatness. Load this skill for club-functional black minimalism with fetish hardware, industrial Berlin settings, and an anti-display, anti-fashion attitude."
Big_Pop,aes/Big_Pop/SKILL.md,"Big Pop is the loud, clean, high-impact pop-culture design of the late 1980s to mid-1990s: huge slanted, stretched or jumbled typography crashing across flat saturated color-blocks in yellow, purple, green, orange and magenta. Signature elements are high-energy dancers and supermodels in leather, spandex and bodycon silhouettes, stark hard-flash shadows, white-void or single-color grounds, and promotional layouts such as CD sleeves, posters, flyers, game box art and dimensional mall signage. Recognize it by its core value of boldness — maximalist shout energy executed with crisp, untextured print cleanliness."
Biker,aes/Biker/SKILL.md,"Outlaw motorcycle subculture aesthetic born in post-WWII America (1950s onward): black leather jackets and patch-covered vests, tattoos, beards, ripped denim, studs and chrome, anchored by cruisers, choppers, bobbers and sport bikes on desert highways, urban alleys, garages and night streets. Palette of black, gray and red warmed by rust/amber dusk light or cut by hard flash and high-contrast monochrome; motifs of smoke, dust, revving machines and posed intimidation or sex appeal. Reads as toughness, danger and open-road freedom — an attitude, not merely a person on a bike."
Bills,aes/Bills/SKILL.md,"The Bills (also Yankees, Kinshasa Cowboys, Billism) were a late-1950s youth subculture of Léopoldville, Belgian Congo (now Kinshasa), that restaged the American movie cowboy in segregated Congolese communes — wide-brimmed Stetson-type hats, checkered neck kerchiefs, plaid flannel shirts, denim and high-heeled leather boots, worn with deliberate trail-worn ruggedness and confrontational bravado. The documented visual record is silver-gelatin monochrome portrait photography: solo and crew tableaux posed against reed-mat screens, sun-baked brick and packed-dirt yards; colour embodiments stay inside an earthy triad of leather brown, denim indigo and plaid red."
Bimbocore,aes/Bimbocore/SKILL.md,"Bimbocore is an early-2020s TikTok-born aesthetic of reclaimed hyperfemininity: frames drenched in hot pink, baby pink and magenta, loaded with glitter, rhinestones, faux fur, velour and patent vinyl, styled after 2000s McBling (Juicy Couture tracksuits, platform heels, flip phones, Playboy and Barbie logos). Signature elements include glossy oversaturated flash lighting, digital sparkle overlays, slogan and affirmation text in curly Y2K fonts, and heavy makeup with black liner and gloss lips. Typical subjects are mirror selfies, accessory flat-lays, dense pink scrapbook collages and doll-like posed figures carrying ironic or political captions."
Biopunk,aes/Biopunk/SKILL.md,"Biopunk is cyberpunk's fleshy offshoot — dystopian biotechnology rendered as living architecture, wet specimen labs, and mutated or engineered bodies rather than chrome cyberware. Its palette is shadowy grays, sickly greens, bile yellows and rust browns pierced by bioluminescent cyan, violet and magenta; signature elements include Giger-esque biomechanical forms, glass culture vats and petri-dish fluorescence, skinless flesh interiors, hazard-stenciled containment, and figures in black techwear, lab coats and respirators. Typical subjects are underground DIY labs, corporate clone nurseries, body-horror mutations, and machines that look grown rather than manufactured."
Black_Dandyism,aes/Black_Dandyism/SKILL.md,"Black dandyism is the sartorial movement in which Black subjects wield the tailored grammar of the European dandy — constructed suits, waistcoats, hats, neckwear, canes — as self-expression and dignified resistance. Visually it pairs strict tailoring discipline (pressed creases, built shoulders, pinstripes, chalkstripes, plaids, candy stripes in cocoa, charcoal and ivory) with assertive saturation (signal scarlet, emerald, coral, tangerine, petrol teal) and a dense accessory code (flat caps, fedoras, boaters, round spectacles, pocket squares, accent socks, spectator shoes, canes), presented by composed, self-possessed subjects from archival monochrome to glossy red carpet. Recognize it by the fusion of formal European cut, bold chromatic or pattern play, and poised Black self-presentation."
Black_Ivy,aes/Black_Ivy/SKILL.md,"Black Ivy is the African American subversion of WASP preppy dress, crystallized in the Civil Rights and Black Power decades (1950s–1970s) on HBCU campuses and in Black urban professional life, and revived in contemporary editorial fashion. Its visual DNA is a tailored prep skeleton — navy blazers, oxford cloth, tweed, khaki trousers — crossed with Black cultural markers: all-black sunglasses, black turtlenecks, denim, gold chains, natural afros and taper fades, HBCU lettering, sneakers under suiting. Palette runs deep earth tones (maroon, olive, camel, gold, plum, navy, black) with restrained pastel accents, rendered either as archival black-and-white/sepia snapshot or faded analog color film."
Black_Metal,aes/Black_Metal/SKILL.md,"Black Metal (Trve Kvlt) is the visual language of the early-1990s Norwegian second wave: grainy, high-contrast black-and-white photography, corpse-painted figures in all-black leather, spikes and bullet belts, snowbound conifer forest, candlelight, inverted crosses and pentagrams, and blackletter/Old English type with spiky illegible band logos. The palette is strictly black and white, with a secondary range of muted medieval-manuscript earth tones; the mood is cold, misanthropic and deliberately lo-fi. Recognize it by monochrome grain, corpse paint, occult sigils and winter forest; separate it from Death Metal's fleshy color gore and Dungeon Synth's cozy fantasy illustration."
Black_Nouveau,aes/Black_Nouveau/SKILL.md,"Black Nouveau is the 1990s–early-2000s Afro-Asian fusion interior aesthetic of Black American homes: black lacquer and gold anchored in saturated magenta, oxblood, plum or olive rooms, layered with zebra/leopard/tiger prints, Chinoiserie wall fans, folding screens, bamboo and porcelain, and Afrocentric artwork portraying Black figures. Signature look is a maximalist, warmly lamplit domestic room where Orientalist (Japonisme/Chinoiserie) and Afrocentric motifs coexist on every surface, reading as worldly, sensual, aspirational luxury. Recognize by the fusion rule plus animal print plus low golden glow; it is neither pure Art Deco nor pure Orientalism nor Tuscan/boho beige."
Bling_Era,aes/Bling_Era/SKILL.md,"Bling Era is the late-1990s-to-mid-2000s Dirty South hip-hop aesthetic of conspicuous wealth — tunic-scale throwback jerseys, iced-out platinum chains and grillz, chrome and diamond-encrusted graphics, saturated reds, electric cyans and jersey blues on white or black. Recognize it by harsh flash or neon-club lighting, star-flare sparkles keyed to metal, sneakers worn over the shoulder like necklaces, spinning rims, McMansion and megaclub sets, and a triumphant flex-culture mood. It separates from McBling's pink rhinestone femininity, Y2K Futurism's tech chrome, and golden-age hip-hop's gritty street realism."
Blob_World,aes/Blob_World/SKILL.md,"Blob World (aka mushbuhcore) is a mid-2010s 3D-render aesthetic of inflated, melted, gelatinous organic forms in matte clay, glossy jelly, translucent resin and fuzzy flock, colored in powdered pastels, saturated candy gradients or single-hue saturation with sparse neon accents. Signature elements include limbless hyper-flexible mascots, floating rings and checkerboard floors, squiggle furniture, balloon-inflated typography, and a cheerful-surreal mood with an uncanny body-horror undertow. Recognize it by soft-body deformation, candy shader vocabulary and soft studio-render lighting."
Bloghouse,aes/Bloghouse/SKILL.md,"Bloghouse is the flash-blown, neon-soaked visual language of the mid-to-late-2000s electro-house blogosphere: direct on-camera flash, overexposed glossy skin, acid pink/green/metallic-silver neons against club black, skinny jeans, cheap leather jackets, shutter shades and American Apparel basics caught mid-movement in cramped party frames. Its graphic layer is sticker-bomb flyers, blog headers and album art with distorted MS Paint typography. Recognize it by cheap-digital-camera glare, glowsticks, plastic cups, DJ booths and reckless posed confidence — messy but confident, trashy yet stylish, sitting between rave, electroclash and Y2K digital grime."
Blogspot_Scene,aes/Blogspot_Scene/SKILL.md,"Blogspot Scene is the xerox-collage packaging aesthetic of the early-2000s US hypnagogic drone/ambient cassette and CDR underground: grainy photocopied cut-and-paste montages in black, white and toner-tinted greys, stocked with aliens, cryptids, pyramids, obelisks, armillary spheres and murky landscape fragments. Its signature elements are third-generation photocopy decay (halftone dots, toner speckle, cassette J-card fold creases), tiny typewritten or label-maker caption strips, and surrealist juxtaposition with no narrative explanation. Typical subjects are esoteric archival ephemera — UFO snapshots, Victorian engravings, mid-century press photos, tropical foliage, starfields over water — reassembled on paper and scanned flat."
Blokecore,aes/Blokecore/SKILL.md,"Blokecore (also Ladcore) is a 2020s TikTok-born aesthetic built on British football-fan dress: vintage 1980s–90s club jerseys — obscure Second Division shirts prized — worn over basic light-wash jeans and old Adidas sneakers such as the Samba, posed deadpan in mundane domestic, street or terrace settings. Its palette is whatever team colours the kit carries, anchored by denim blue and white gum-soled trainers; its register is amateur phone-camera, often vertical with plain caption overlays. Recognize it by the visible replica shirt worn as fashion, the crossed-arms stare, and the unpolished working-class British backdrop."
Blokette,aes/Blokette/SKILL.md,"Blokette is a 2020s TikTok-born micro-aesthetic that stages a deliberate collision between masculine football culture and hyper-feminine coquette dressing: numbered football shirts, striped track jackets and Adidas Sambas paired with pleated mini skirts, satin hair ribbons, leg warmers, knee-high socks and ballet flats. Its palette blocks saturated team colours (navy, red, yellow, kit-white) against blush pastels and cream, and its imagery reads as casual, flash-lit snapshot photography of everyday places. The recognition anchor is the gender-contrast pairing itself — at least one blokecore sportswear piece and at least one coquette-delicate piece in the same frame."
Bloomcore,aes/Bloomcore/SKILL.md,"Bloomcore (also Flowercore or the Floral Aesthetic) is a late-2010s social-media aesthetic in which flowers are the protagonist: wildflower meadows, rose-clad cottage windows, poppy and tulip fields, chintz and botanical prints, and gardens carried into the home. Its palette runs from sunlit naturalistic greens, creams and petal pastels to a text-sanctioned dark-floral pole of deep indigo, black and rich red, all rendered in golden, dappled, film-soft light. Recognize it by bloom-dense frames with no empty negative space, domestic objects nestled in grass, floral garments on cropped anonymous figures, and a nostalgic, biophilic, quiet-life mood."
Blueberry_Girl,aes/Blueberry_Girl/SKILL.md,"Blueberry Girl is a 2020s TikTok/Pinterest ""fruit girl"" microtrend built as a moodboard identity around a cool blue palette — milky ""blueberry milk"" powder blue through chambray denim to deep navy — set against white, cream, silver and sparse black. Signature elements include blueberries and pale blue manicures, stacks of books and reading nooks, cozy patterned interiors (gingham, ditsy florals, toile, eyelet), cable knits, denim, satin hair bows, delicate silver jewelry, tea cups, headphones, cats and ocean horizons, all rendered in soft diffused cool light with intimate, often faceless snapshot framing. The mood is calm, introspective, studious and nostalgically comfortable."
Bobby-Soxer,aes/Bobby-Soxer/SKILL.md,"American teen-girl subculture aesthetic of the mid-to-late 1940s, built on folded-down white ankle socks worn with black-and-white saddle shoes or penny loafers, pleated skirts, and Shetland sweaters over white blouses. Palette centers on structural white, pastel or bright knit solids, and two-tone shoe leather, surviving mostly as grainy black-and-white press and newsprint photography. Typical subjects are groups of adolescent girls at soda fountains, sock hops, theatre queues, and swooning crooner-idol crowds, expressing peer conformity and giddy emotional release."
Bodikon,aes/Bodikon/SKILL.md,"Bodikon (body-con) is the Japanese Bubble-Economy club and street fashion of late 1985–1994: body-hugging neon mini dresses and shoulder-padded power suits worn with long one-length black ""wanren"" hair, rooster-comb bangs, chunky gold jewellery and logo luxury bags. Visually it reads as flash-lit 35mm film and offset magazine print — saturated reds, yellows, hot pinks and sequin blues against black, cream and gold, with animal prints, fur boas and feathered Juli fans from the disco otachidai platform. Confident, sexy, loudly affluent: the office lady gone dancing at Juliana's Tokyo."
Bogan,aes/Bogan/SKILL.md,"Bogan is the proudly lowbrow working-class aesthetic of 1980s-onwards Australia and New Zealand: mullet haircuts, red-and-black flannelette shirts worn open over cracked-print band or beer-logo singlets, denim cutoffs, ugg boots and country hats, captured with flat on-camera flash in sun-bleached suburban backyards, driveways, caravan parks and poker-machine clubs. Its palette anchors on red, black and orange against faded denim, grey marle and corrugated-iron grey, with fluro workwear as an accent; signature props include stubbies in stubby holders, Holden/Ford muscle cars and utes, and Bali souvenir singlets. The mood is larrikin, anti-authoritarian and self-deprecating — unrefined by conviction, never glossy."
Boho-Chic,aes/Boho-Chic/SKILL.md,"Boho-Chic is the early-2000s festival-fashion aesthetic of flowing peasant blouses, tiered maxi skirts and caftans in cream, beige, rust and warm brown, cinched with wide studded belts and stacked with layered pendant necklaces, bangles, slouchy suede boots and slouchy hobo bags. Recognize it by sun-faded earthy palettes, paisley and floral prints, fringe, crochet and embroidery, golden-hour or soft overcast light, and a curated undone-ness in candid street, roadside, field and flat-lay imagery. It differs from historical Bohemian by its polished, designer, aspirational finish."
Bombardier,aes/Bombardier/SKILL.md,"Romanian-Balkan flex subculture of the mid-2010s to early 2020s, native to phone cameras and TikTok verticals: near-black molded athletic wear or fake-luxury logo tees and baroque kitsch prints, thick gold Cuban-link chains, tinted designer sunglasses, tattooed high fades, sneakers only, posed with or inside older black BMW, Audi and Mercedes sedans. Values ostentatious flexing and sincere kitsch — ""lack of taste"" worn as a badge rather than a flaw."
"Bon_Chic,_Bon_Genre","aes/Bon_Chic,_Bon_Genre/SKILL.md","Bon Chic, Bon Genre (BCBG, ""Parisian Chic"") is the understated-elegance uniform of the traditional French high bourgeoisie, codified in the late 1970s–1980s in Paris and Versailles. Recognize it by a neutral wardrobe of navy, beige, camel, grey and cream — tailored blazers, trench coats, cashmere V-necks, cigarette pants — punctuated by discreet heritage accessories: a silk scarf knotted at the neck, a pearl strand, a structured leather handbag, loafers or ballet flats. Subjects are poised, well-groomed figures (solo, in couples, or small groups) on Haussmannian streets, stone steps, church parvises or seamless studio backdrops, lit softly and framed head-to-toe so the tailored silhouette reads cleanly."
Bondage,aes/Bondage/SKILL.md,"Bondage is a kink-derived aesthetic whose visual DNA is the restraint itself: leather straps and O-ring collars, silver chains and cuffs, shibari rope geometry on bare skin, and mirror-gloss latex/PVC, set in a black-dominated palette punctuated by saturated red and cold silver hardware. It reads through chiaroscuro contrast of skin against restraints, poses of vulnerability or dominance, and craft-forward ropework and leatherwork rather than explicit content. Subjects range from fragment close-ups of necks and wrists to runway catsuits, bound torsos of any gender, arrest-roleplay scenes, and even miniature rope-wrapped objects."
Bosozoku,aes/Bosozoku/SKILL.md,"Japanese outlaw biker-gang aesthetic (origin 1950s, peak Showa–Heisei streets) built on over-customized motorcycles and long black tokkofuku coats densely embroidered with gold-thread kanji, crests and phoenixes. Signature elements: towering sandan three-tier seats, candy magenta/purple/pearl paint with rising-sun ray graphics, gang flags and banners, hachimaki headbands, air horns and straight-pipe exhausts. Typical subjects: posed gang lineups, rows of parked custom bikes, night runs, convenience-store forecourts, rendered in saturated film-snapshot color."
Boujee,aes/Boujee/SKILL.md,"Boujee (aka Bougie, Material Girl, Night Luxe) is the social-media-native glamour of overt new-money display — champagne rituals, sequins, satin, fur and crystal jewels lit by harsh phone flash against night interiors, marble foyers and penthouse views. Its palette runs champagne gold, platinum silver, pearl ivory, blush and black-tie black, with sparkle treated as a surface texture over everything; subjects range from mirror-selfie party figures and black-tie men to macro lips, logo heels, chandelier halls and toasting flutes. Recognize it by flash-burned specular highlights, glitter and lens-flare overlays, brand-forward abundance and a first-person ""posted, not staged"" stance."
Brat_Summer,aes/Brat_Summer/SKILL.md,"Brat Summer is the mid-2024 party microtrend born from Charli XCX's album Brat: an acidic ""brat green"" lime (core ~#8ACE00) used as flat graphic field, club-light wash or hero object, paired with lowercase condensed Arial-Narrow-style type, disposable-flash party snapshots, halftone collage graphics, and deliberately trashy Y2K/Indie-Sleaze styling (smudged eyeliner, strappy white tanks, leather miniskirts, lime PVC bags and nails). Recognize it by lime dominance plus messy, ironic hedonism; plan images that are loud, grainy, flash-hard and confidently imperfect."
Bravú,aes/Bravú/SKILL.md,"Bravú (Rock Bravú) is the visual language of the mid-1990s Galician rock movement: xerox-grade DIY collage of grainy black-and-white photography, hand-scrawled marker and stenciled lettering in Galician, and a high-contrast print palette of black, flag red, high-contrast yellow and green. Signature content collides rural and coastal Galician life — cows, tractors, mussels, crabs, bagpipes (gaita), village stone, Galician flags — with punk signifiers (mohawks, band tees, red stars), delivered with deadpan humor and child-friendly cartoon mascots like the Xabarín boar. Expect square album covers, flyer and magazine collages, overcast Atlantic daylight or harsh on-camera flash, and deliberate photocopy misregistration."
Brazilcore,aes/Brazilcore/SKILL.md,"Brazilcore is an early-2020s, TikTok-born streetwear aesthetic that filters Y2K fashion and football fervor through the Brazilian flag's green, yellow, blue and white. Its signature look pairs the yellow-and-green national jersey (or flag-color-blocked crop tops, tracksuits and shorts) with low-rise baggy jeans, cargo pants or miniskirts, captured as candid flash snapshots of street parties, bars and market corners. Load this skill when an image combines patriotic Brazilian sportswear, Y2K silhouettes and celebratory, color-blocked snapshot energy."
Brazilian_Bombshell,aes/Brazilian_Bombshell/SKILL.md,"Retrospective label for the glossy supermodel glamour of Brazilian models in the 2000s–2010s Victoria's Secret era — sun-kissed bronzed skin, long glossy wavy hair, toned athletic-curvy bodies shown off in low-rise denim, slogan baby tees, lingerie and runway wings. Palette couples warm bronze, honey-to-espresso hair and denim/white/black bases with saturated pops of hot pink, turquoise, citrus yellow and lime, lit by direct camera flash, even studio gloss or golden sunlight. Mood is confident, healthy, carefree sensuality; compositions run from laughing group candids and backstage moments to glossy magazine covers and wind-blown beauty portraits."
Brazilian_Carnival,aes/Brazilian_Carnival/SKILL.md,"Brazilian Carnival (Carnaval Brasileiro) is the maximalist festival aesthetic of Brazil's pre-Lent revelry since the 1800s: saturated jewel-tone polychrome anchored by metallic gold, radial feather headdresses, glittered skin, sequin-and-bead costume bodies, masquerade masks, falling confetti and streamers, small multicolored frevo umbrellas, and dense parade rows in sambadromes or sunlit streets. Subjects range from close portraits of smiling costumed dancers to night-floodlit parade avenues, percussion blocos, papier-mâché giant dolls and ox effigies, and float tableaux; the mood is collective joy, abundance and charm. Load this skill when an image must read as Brazilian street or samba-school carnival rather than Venetian masquerade, retro pinup glamour, or generic party confetti."
Brazilian_Phonk,aes/Brazilian_Phonk/SKILL.md,"Brazilian Phonk is the cover-art aesthetic of the late-2010s funk carioca × phonk fusion: anime and manga anti-heroes rendered as near-silhouettes against a pure black void, wreathed in a single saturated neon aura (magenta, violet, acid green, electric blue) with blank glowing eyes, jagged lightning or flame energy, aggressive chrome typography and glitch artifacts. Recognize it by its black-void-plus-one-hue emissive discipline, confrontational centered figure, square streaming-cover framing, and a mood of aggression, hype and supernatural menace."
Bright_Tertiaries,aes/Bright_Tertiaries/SKILL.md,"Mid-2000s graphic, product and interior design aesthetic built on a tertiary palette (lime green, teal, purple, orange — or the lime/fuchsia/cyan variant), rounded edges, flat one-hue color blocks, bayadère irregular stripes and stylized vector florals with flourishes. Shows up on school and library interiors, girls' floral dresses, molded-plastic homewares, keypad-era phone shells, storage cubes and bubble-letter logotypes, all lit bright and even with a consumer-friendly ""humanist"" warmth. Recognize by saturated-but-soft tertiaries in matte flat blocks plus intricate floral or striped pattern surfaces; never neon primaries, never glossy skeuomorphic skies, never flat-figures corporate minimalism."
British_Countryside,aes/British_Countryside/SKILL.md,"British Countryside is the estate-sport aesthetic of the British nobility and their staff — hunting, shooting, equestrianism, golf — whose visual language crystallised between the Victorian era and the 1950s. Expect olive and moss tweed, brown leather, beige and honey-coloured stone with disciplined scarlet accents; plus fours, flat caps, brogues and Wellington boots; horses, gun dogs, double-barrelled shotguns; patchwork fields, dry stone walls, misted moors and lived-in country-house interiors with fireplaces, chintz and mudrooms. Recognise it by functional, weather-worn layering and picturesque overcast or firelight rather than polished luxury."
Britpop,aes/Britpop/SKILL.md,"Mid-1990s British guitar-pop movement look — Union Jack red, white and navy flashed against night black, khaki parkas, navy track jackets and Mod-fringe haircuts, captured in hard on-camera flash snaps or flat pop-art graphic layouts. Signature elements include flag-printed guitars and vest tops, terrace sportswear (track tops, football shirts, low-profile Adidas), slim retro dandy suits with skinny ties, pints of beer, red phone boxes, and bold slab typography with sticker-badge overlays. Typical subjects are clusters of lads and lasses in everyday British streets, pubs, supermarkets and music-press covers, projecting cheeky working-class pride."
Bro_Culture,aes/Bro_Culture/SKILL.md,"Bro Culture is the North American hypermasculine subculture aesthetic of fraternities, sports teams, gyms, tailgates and festival fields — packed group shots of young men in jerseys, muscle tees, cargo shorts and frayed baseball caps with beer cans and Monster Energy in hand. Its color palette is deliberately unrestricted across the spectrum; coherence comes from saturated daylight or club-neon lighting, snapshot/stock-photo realism, cluttered status interiors (beer pong tables, trophy cases, Greek letters, neon signs, piled empties) and rowdy homosocial body language. Load this skill for images of male pack celebration, lift/gym pride, man-cave clutter, tailgate and rave crowds, or meme edits that rewrite familiar scenes as all-male parties."
Bro_Hoe,aes/Bro_Hoe/SKILL.md,"Mid-2000s Southern California party-girl offshoot of McBling: black skate/motocross graphic tees (Ed Hardy, Metal Mulisha, Affliction-type skulls, wings, stars and gothic lettering) cut with hot pink, white and red, trucker hats, studded belts, two-toned blonde-over-black hair, thick eyeliner and tanned skin. MySpace snapshot energy — direct camera flash, fisheye lenses, photobooth strips, Monster Energy cans, lifted trucks, DGAF poses. Recognize by the fusion of masculine moto/skate brand graphics with high-maintenance glam femininity."
Bronze_Age_China,aes/Bronze_Age_China/SKILL.md,"The ritual metal culture of China's Xia, Shang and Zhou dynasties (c. 2070–221 BCE) — bronze ding cauldrons, zun and jue wine vessels, gu beakers, zhong bells and ge dagger-axes carrying symmetrical taotie masks, yunlei swirl grounds and cast jinwen inscriptions. Its palette swings between excavated malachite-teal patina crusts and the original dazzling ""auspicious metal"" gold, with jade blades, turquoise inlay and inscribed bone as companion materials. Composition is axial, banded and gravely ceremonial, lit by a single reverent source or museum spotlight."
Brostep,aes/Brostep/SKILL.md,"Brostep (American dubstep) is the maximalist EDM aesthetic of roughly 2009–2015, built on black-void compositions lit by a single toxic neon accent — Monster-Energy green, electric cyan, or ultraviolet purple — striking shattered glass, chrome machinery and hazard signage. Signature elements are gas masks and respirators, biohazard and radioactive symbols, skulls, neon laser slashes, particle-shatter bursts and beveled 3D chrome logotypes timed to the bass drop, with the high-contrast ""Dubstep Joker"" grin as its mascot trope. Typical subjects are masked or hooded figures, dystopian robots and monsters, emblem-like album logos and gamer HUD fragments, rendered in aggressive Cinema-4D-style digital art for album covers, YouTube intros and Call of Duty montages."
Brutagrafix,aes/Brutagrafix/SKILL.md,"Brutagrafix (aka Nu-Brutalism, Graphic Brutalism, Brutalist Utilitarian) is a late-2010s/early-2020s poster, zine and UI aesthetic that fuses 1950s béton-brut concrete mass with playful digital graphics: oversized raw sans-serif type, hard offset shadows, thick black outlines, boxy grids, halftone photo cutouts and translucent flat panels in clashing green/red/blue/neon on stark white or near-black. Recognize it by loud, type-driven layouts that stay deliberately usable, spiced with 90s-internet artifacts (pixel checkers, dither, barcodes, repeated word-labels) and, in satellite registers, naive doodles, zine scrapbook tactility, folk woodcut motifs or anti-design collage chaos."
Brutalism,aes/Brutalism/SKILL.md,"Brutalism is the architectural aesthetic of the 1950s–1970s built on raw, unfinished concrete (béton brut): monumental blocky masses, repetitive prefabricated modules, exposed structure, and a grey-to-buff monochrome palette punctuated at most by sparse primary-color accents. Typical subjects are civic and collective buildings — housing slabs, city halls, universities, libraries, theatres, churches, bus terminals — shot under flat overcast or hard daylight with tiny or absent human figures. Recognize it by board-marked concrete, deep coffered recesses, cantilevered megastructural forms, and an ornament-free, stoic civic mood."
Bubble_Bujo,aes/Bubble_Bujo/SKILL.md,"Bubble Bujo is a 2020s K-pop stan decoration aesthetic built around 6-ring binders, idol photocards, stickers, beads and resin shaker keychains, dressed in bright candy pastels, gingham and holographic glitter. Its signature look is a collage-dense binder spread or flatlay in which a printed portrait photocard is haloed by letter stickers, cartoon bears, hearts, stars and smiley faces under bright, even, high-key light. Recognize it by tactile stationery craft — translucent PVC binders, pearl and plastic beads, glitter glue, glossy photocard paper — plus bubbly thick retro type; it is distinct from Kidcore's toybox primaries and Kawaii's character-first design."
Bubbleglam,aes/Bubbleglam/SKILL.md,"Bubbleglam (also called Bubblegrunge) is a mid-to-late-1990s pop-fashion aesthetic of candy-saturated kitsch — hot pink and orange color fields, satin and vivid faux fur, excessive drag-inflected makeup, and blown-out flash lighting — fusing bubblegum pop, 1970s glam-rock revival and Club Kids excess with a wink of 90s cynicism. It surfaces as magazine editorials, CD single covers, perfume-ad campaigns and music-video stills: color-blocked group tableaux, baby doll dresses and miniskirts, lace and plush textures, bubble-letter and sunburst typography. Load this skill when an image or brief combines synthetic candy color, plush/satin materials, over-made-up faces and ironic playfulness."
Bubblegum_Bitch,aes/Bubblegum_Bitch/SKILL.md,"A 200s-descended hyperfeminine ""brat"" aesthetic (aka Brat Aesthetic, Barbie Bitch, McBling Baddie, Sexy Barbiecore) built on a light-pink-to-hot-magenta monochrome field, glitter, rhinestones, satin and faux fur, fused with childlike cartoon icons (Hello Kitty, Bratz, Powerpuff Girls) and bold stylized profanity or bratty slogans. Typical images are flash-lit phone snapshots, pink flat-lay collages, detail crops of nails/chokers/dyed hair, or airbrushed Y2K graphic edits pairing cute characters with swear words, chains, stilettos and candy motifs. Recognize by the sweet-versus-jaded collision: bubblegum-soft surfaces carrying adult attitude, wealth flexing and ironic political text."
Bubblegum_Bling,aes/Bubblegum_Bling/SKILL.md,"Bubblegum Bling is the late-2010s hyperpop-era revival of 2000s McBling: sleek, hyper-feminine, digitally glossy imagery in hot pink, baby pink, silver and iridescent pastels. Its signature elements are glossy and translucent materials (jelly plastic, glass hearts, faceted gems), chrome and airbrush lettering, rhinestones, tiaras, fur and velour, sleek flip-phone-era technology, and starburst sparkle flares over render-smooth surfaces. Typical subjects are pop-star glamour portraits, product-style still lifes, rendered boudoir interiors, and album-cover type pieces native to TikTok and Instagram."
Bubblegum_Coquette,aes/Bubblegum_Coquette/SKILL.md,"Bubblegum Coquette is a mid-2010s Tumblr-born coquette substyle that fuses a hyper-feminine bubblegum-pink pastel palette with 2000s girlhood nostalgia — swirly lollipops, roller skates, hair bows, pigtails, braces, stuffed animals, princess and Sanrio cartoons — set against deliberately suggestive adult-coded signals like too-small baby tees, lingerie silhouettes, thigh-highs and platform heels. Recognize it by pink-dominant high-key imagery, glitter and sticker overlays, teen-magazine collage layouts, glossy candy props, and its core juxtaposition of childish innocence with flirtatious eroticism."
Bubblegum_Dance,aes/Bubblegum_Dance/SKILL.md,"Late-1990s Scandinavian and Italian Eurodance aesthetic of the ""living cartoon"": hyper-saturated neon pink, electric blue, lime green and tangerine over glossy plastic playsets, blue CGI cyber backdrops and candy props, with performers styled as color-blocked human toys or replaced entirely by CGI mascots. Signature elements include bubble-letter logos, radial candy swirls and starbursts, dollhouse and space playsets, latex and metallic lamé costumes, spiked dyed hair, and flat high-key studio lighting. Reads as deliberately artificial, ironic, mass-market playful pop — toy-shop gloss, not club grit."
Buchón,aes/Buchón/SKILL.md,"Buchón is a 2000s Sinaloa, Mexico narco-culture aesthetic of conspicuous consumption — baroque gold-on-black Versace/Gucci silk shirts, thick gold chains, designer denim, beaded baseball caps or cowboy hats, posed with modified pickup trucks, exotic animals, gold-plated firearms and designer bags. Its visual DNA is horror vacui (every surface of body, garment and vehicle covered in logo, gold or ornament) captured in warm, faded amateur smartphone snapshots with chest-puffed, chin-up posturing. Recognize it by logomania, gold jewelry, the ranchero-luxury hybrid wardrobe and ostentatious props; the feminine counterpart, buchona, adds hyper-glam surgically enhanced styling, heavy makeup and quilted designer handbags."
Buckle_Bunny,aes/Buckle_Bunny/SKILL.md,"Buckle Bunny is the pink-washed groupie fringe of rodeo culture — 1970s western dress filtered through hyper-feminine southern-belle kitsch, revived in 2024 via Chappell Roan and Pinterest coquette circles. Its visual DNA pairs hard western hardware (engraved trophy belt buckles, cowgirl boots, felt hats, horseshoes, denim cutoffs) with a governing bubblegum-pink wash, red-or-pink plaid, cherry pie and campy revolver motifs over denim blue, leather brown and cream. Expect lo-fi flash snapshots, faded film pastels, neon cursive diner signage, paint horses and lipstick-kiss prints rather than polished editorial western."
Buffalo_Style,aes/Buffalo_Style/SKILL.md,"Buffalo Style is the mid-1980s London styling aesthetic of Ray Petri's Buffalo collective (1984–89), built on colliding oversized, pinned-and-clamped tailoring with MA-1 flight jackets, kilts on men, boxer shorts and cowboy hardware, worn by street-cast, multicultural models with a deadpan ""hard"" stare. Recognize it in high-contrast black-and-white or sepia 35mm frames against matte studio backdrops, porkpie/bowler/cowboy hats personalized with pinned words or badges, and a palette of black, white, olive drab, indigo and sepia. It reads as authored editorial collage — style over fashion — never as glossy designer catalog or club costume."
Burlesque,aes/Burlesque/SKILL.md,"Burlesque is the theatrical variety-show aesthetic descended from Victorian travesty revues and early-20th-century American striptease: corsets and bullet bras, V-fringe, ostrich feather fans, opera gloves, lace stockings with garters, top hats and harlequin diamonds, lit in warm spotlight reds against jet black, ivory and brass gold. Its images read as stage tableau, lithograph playbill, candlelit dressing room or faded troupe photograph — always carrying a wink of parody, tease and flamboyant exaggeration. Recognizable across three surface modes: saturated stage photography, sepia/monochrome archival print, and Art Nouveau poster lithography with lettering bands."
Burtonesque,aes/Burtonesque/SKILL.md,"Burtonesque is the gothic-whimsical illustration style descended from Tim Burton's 1980s–1990s films and sketchbooks: spindly, pale characters with oversized heavy-lidded eyes and dark eyebags, scratchy chaotic ink linework, Victorian-gothic ornament, and a gloomy palette of black, gray, bone white, dusty blue and olive green punctured by one stark color pop. Recognize it by grotesque exaggerated anatomy (wire-thin limbs, sunken cheeks, wispy hair), stripes and checkerboard staging, wrought-iron filigree, bare twisted trees, and a mood of melancholy playfulness rather than outright horror."
Busukawaii,aes/Busukawaii/SKILL.md,"Busukawaii (busukawa, ""ugly-cute"") is a 2000s Japanese meme-born aesthetic that dresses deliberately homely, grumpy or off-kilter subjects in earnest kawaii trimmings: pastel haze filters, glitter and sparkle overlays, heart and star stickers, satin bows, flower crowns and plush costumes. Recognize it by the tension between an ugly-but-lovable face (scowling pets, lumpy mascots, bootleg plush with crooked lips, off-model cartoon edits, anguished ordinary people) and a sincere candy coating of baby pink, lavender and primary-color pops, delivered in low-fi JPEG snapshot or amateur-edit quality."
Cabincore,aes/Cabincore/SKILL.md,"Cabincore is an early-2020s internet aesthetic that romanticizes dwelling in a remote woodland cabin — raw timber, stone and wool interiors lit by wood stoves, string lights and campfire glow, set against conifer forest, fog and mountain dusk. Its palette runs brown, pine green, fog white and ember orange, with buffalo-check flannel, chunky knits, enamel mugs, cast-iron stoves and paper books as signature props. Recognizable subjects range from a tiny cabin dwarfed by tall trees, to first-person cozy interiors with feet up by the fire, to kraft-paper craft flat-lays and misty forest mornings."
Cacareco_Girl,aes/Cacareco_Girl/SKILL.md,"Cacareco Girl is a Brazilian TikTok microtrend (2024) of portable maximalism: handbags, cameras, phones and pouches overloaded with sentimentally curated trinkets — plush collectibles (Labubu, Sylvanian Families), handmade bead chains, keychains, photo charms — in a vibrant eclectic palette of hot pink, cherry red, grass green and denim blue. Snapshot-lit close crops of cluttered carried objects, gingham and stripe accents, pearl-strung charms, and an anti-minimalist ""inner child"" warmth define the look. Use this skill to recognize or generate images of trinket-laden personal objects and the eclectic Brazilian fashion that surrounds them."
Cagole,aes/Cagole/SKILL.md,"Cagole is the hyperfeminine working-class aesthetic of Marseille and Provence (slang crystallized in the 1980s, visual code peaking in the 2000s): tanned skin under cakey, mismatched foundation, blue or white eyeshadow with kohl liner and overlined nude lips, long flat-ironed blonde or dark hair, leopard and zebra prints, tight low-cut dresses in mallow pink and deep red, ear hoops, rhinestone word-necklaces and platform stilettos. It appears in loud candid flash snapshots of laughing friend groups, pageant stages, club nights and sun-bleached Mediterranean streets, valuing excess, assertiveness and Provençal pride over any notion of restraint."
Campcore,aes/Campcore/SKILL.md,"Campcore is a 2010s outdoor-life aesthetic built around the occupied campsite: campfires, tent doors opening onto pine forest, enamel mugs, cast-iron kettles, wool socks and folded paper maps. Its palette is dark green, bark brown, greyish taupe and burnt orange, lit by firelight, blue-hour dusk, fog or lantern glow, with the human present as trace (socked feet, hands around a mug, a backed-turned hiker) rather than portrait. Recognize it when warmth, temporary shelter and well-used practical gear dominate the frame — as opposed to summit-hero adventure, domestic cabin interiors, or untouched nature."
Canadiana,aes/Canadiana/SKILL.md,"Canadiana is Canada's national vernacular aesthetic, solidified in the 1960s: red-and-white maple-leaf iconography laid over snow, warm wood tones and sepia parchment, spanning hand-tinted trade-era snowscapes, folk ephemera collages, stone-hearth lodge interiors and mid-century advertising boards. Signature elements are exposed timber and fieldstone fireplaces, plaid wool and hides, maple leaves, ice skates, curling crests, vintage pennants and stamps, and snow-laden birch and spruce, all carrying a mood of cozy survival against harsh winter. Use when recognizing or generating Canadian national nostalgia, cottage and lodge interiors, winter trade labor, or vintage Canadian advertising graphics."
Candycore,aes/Candycore/SKILL.md,"Candycore is an internet aesthetic (visual lineage in late-2000s pop, term coined c. 2020) built on the maximalist, surreal depiction of candy, confectionery and dessert texture — lollipops, gumdrops, sprinkles, piped frosting, cotton candy, wrapped sweets — rendered in fruit-candy rainbow neons or sorbet pastels anchored by pastel pink. Signature cues are fill-the-frame abundance, glossy hard-candy shine and iridescent sugar glaze, candy used as decoration (makeup, hair, rooms, prints) rather than realistic food, and a playful, kitschy, nostalgic mood. Load this skill for candy piles, candy buffets and apothecary jars, freakshakes and loaded cones, sprinkle makeup and cotton-candy hair, sugar installations, or pastel-neon confectionery patterns."
Candyland,aes/Candyland/SKILL.md,"Candyland is a whimsical children's-media setting in which the entire world — terrain, flora, architecture, sometimes inhabitants — is constructed from sweets: cotton-candy clouds, gingerbread and biscuit buildings, lollipop and candy-cane trees, gumdrop hills, syrup water, rainbow candy-tile paths. Its palette runs in two registers, a hazy pastel-pink dreamscape and a fully saturated rainbow primary scheme, both unified by glossy hard-candy swirls set against fluffy sugar fluff under high-key diffuse light. Recognize it by edible geography at landscape scale: if the trees, roofs and clouds are confectionery, this is Candyland rather than candy-themed decoration."
Cani,aes/Cani/SKILL.md,"Cani is the visual culture of working-class Andalusian (Spanish) youth from the 1990s–2000s: bootleg tracksuits and football jerseys, heavy gold chains and rings, sideways or backward baseball caps, tribal tattoos, hoop earrings and customized scooters, captured in harsh compact-camera flash. Its palette anchors on black, white and metallic gold punctured by vibrant football-team reds, greens and blues against beige Mediterranean walls and night-black flash falloff. Recognize it by the amateur snapshot register, gelled frosted-tip hair, group bravado poses and street, plaza or disco settings."
Cannibalcore,aes/Cannibalcore/SKILL.md,"Cannibalcore is a Tumblr-born (c. 2020, via the Hannibal revival) aesthetic that frames consumption — blood, flesh, anatomical hearts, bared teeth, red wine, knives laid for a table of two — as a metaphor for devouring love and obsession. Its palette sits on a single red axis from bone-white and blush pink through cherry to oxblood and black, rendered in impasto oil paint, grainy cinematic stills, candlelit vanitas still life, pastel butcher diagrams and confessional quote cards. Recognize it by gore that is soft, optional and yoked to tenderness: blood soaked into white lace, a cherry pie spelling ""eat your heart out,"" two foreheads touching through smeared crimson."
Caricaturism,aes/Caricaturism/SKILL.md,"Caricaturism is the likeness-distortion tradition running from 16th-century grotesque heads through 18th–19th-century print satire (Gillray, Nast) to MAD-magazine airbrush gloss, bobblehead toys, editorial ink-and-wash cartoons and crude MS Paint meme faces: a recognizable subject rebuilt with amplified identifying traits — monumental noses, jutting jaws, gap teeth, bulging eyes, colossal heads on shrunken bodies. Palette is mode-dependent but always face-first: saturated sunburst yellows and signal reds, newsprint cream and graphite, flat sage or blue-grey cartoon grounds, or sickly ochre and grey-green flesh in the grotesque register. Mood is humoristic and satirical, mockery as commentary, willingly verging on the grotesque and absurd."
Carson-Dellosa_Art_Style,aes/Carson-Dellosa_Art_Style/SKILL.md,"North American classroom clip-art aesthetic (established 1976, dominant on 1980s–2000s bulletin boards) defined by one rigid face canon — oblong eyes with pupils seated low and turned outward, tiny high surprise eyebrows, a shiny pink oval nose, and a thin rounded smile flanked by cheek half-circles — stamped identically onto children, animals, and anthropomorphized objects alike. Saturated primaries with soft airbrush gradients, thick uniform black outlines, die-cut bulletin-board silhouettes, open waving poses, and chart-or-poster layouts with playful tilted lettering. Recognize it by emotional uniformity: every snowman, pencil, quilt, and question mark wears the same eager, simpering smile."
Casino,aes/Casino/SKILL.md,"Casino is a gambling-floor aesthetic organized around playing cards, poker chips, dice and roulette wheels under designed light — neon tube washes, marquee bulbs, or chandelier gold. Its palette anchors in black, white, red and gold over baize green, splitting into an opulent High Roller branch (velvet, brass, formalwear) and a playful Tourist branch (slot-machine aisles, magenta-violet neon, casual dress). Every frame implies a bet in progress: decadence, luck and trickery staged inside an adult playground."
Cassette_Futurism,aes/Cassette_Futurism/SKILL.md,"Retrofuturism of the early 1970s to mid-1990s built around chunky beige, cream and grey machine casings, boxy CRT monitors with curved phosphor glass, and data that lives on physical media — compact cassettes, cartridges, floppy disks, reel-to-reel tape. Palette is casing neutrals punctured by small red, green or blue LED points, olive LCDs and green phosphor; interfaces are fields of buttons, rotary dials, toggle switches and cryptic labels, often bolted onto legacy hardware. Typical subjects are microcomputers, control rooms, labs, handheld consoles, hi-fi stacks and spaceship bridges rendered with utilitarian, institutional calm rather than neon noir gloss."
Casuals,aes/Casuals/SKILL.md,"British football-terrace subculture of the late 1970s–1980s in which young working-class men wear expensive European designer sportswear — Fred Perry and Peter Werth polos, Sergio Tacchini, Fila, Ellesse and Kappa track tops, cricket and tennis knits, corduroy flares or stonewash jeans, white leather Adidas trainers — captured in faded consumer-film snapshots on terraces, trains and street corners. Palette of brand-coded blocks (tennis cream, oxblood, bottle green, navy, petrol teal, ice blue, optical white with contrast tipping) set against olive parkas, grey concrete, red brick and bleached overcast sky; wedge haircuts, tiny embroidered chest logos, group congregation and cool competitive pride."
Catholic_Horror,aes/Catholic_Horror/SKILL.md,"Catholic Horror is a religious-horror aesthetic codified in 1970s cinema (The Exorcist, Rosemary's Baby, The Omen) that stages Roman Catholic ritual — crucifixes, holy water, exorcism, priests and nuns, candlelit Gothic cathedrals — under low-key chiaroscuro and analog grain. Its palette is black, bone ivory, candle gold, wound red and cold stone blue; its motifs include weeping or cracked statues, votive candle rows, communion veils, ossuaries and gargoyles, all carrying solemn dread of possession, sin and death. Recognize it by sacred iconography treated simultaneously as weapon and wound: solemn, shadow-swallowed tableaux where the sacred is corrupted but never absent."
Catholic_Kitsch,aes/Catholic_Kitsch/SKILL.md,"Mass-produced, sentimental Roman Catholic devotional imagery and objects — glossy plaster and plastic statues, glittery rosaries, light-up shelf shrines, gold-foil holy cards and airbrushed Madonnas in candy pastel or saturated rose-teal-gold palettes. A 20th-century ""lived religion"" aesthetic of domestic altars, flaming Sacred Hearts, pope novelties and sweet-faced holy prints, sincere rather than ironic. Recognize it by frontal icon poses, radiant heart-glow, floral wreath borders, cherub rings, and cheap tactile materials (plaster, plastic, glitter, electric bulbs) rendered with unembarrassed sweetness."
Catholic_Mexican_Girl,aes/Catholic_Mexican_Girl/SKILL.md,"A 2020s TikTok-born fashion microtrend (also ""Latina Fairy"" or ""Mexican Fairy"") that fuses coquette hyper-femininity with romanticized Spanish-colonial Mexican Catholicism: white cotton, linen or organza dresses with lace, ruffles and petticoats, cut off-the-shoulder or midriff-baring in a ""virginal but not modest"" register; gold crucifixes and rosaries worn as fashion necklaces; red ribbons, shawls and rose accents; double braids or lace mantillas; settings of candlelit home altars, veladoras, Marian statues, terracotta plazas and cantera-stone doorways. Palette of stark white, warm black, crimson/terracotta red and gold, photographed moody and blue-tinted or in faded film warmth, with solemn, statue-like poses. Recognize it by the modesty-versus-allure tension plus devotional objects used purely as accessories."
Cayetana,aes/Cayetana/SKILL.md,"Cayetana (also Cayestyle, Pija) is a late-2010s Spanish TikTok aesthetic of upper-class daughterly understatement: loose neutral wardrobes in beige, white, black and navy, wide-leg trousers, oversized knits, Converse/Veja/Golden Goose sneakers, delicate gold chains, a designer handbag and black Ray-Bans, photographed as sunlit street snapshots or phone-in-front mirror selfies. Recognition hinges on studied casualness — natural makeup, unforced hair, heritage Spanish stone backdrops, vertical smartphone framing — rather than on any single garment. It separates from Old Money and Pijo by its Gen-Z camera-roll vernacular, and from Milipili and Torero by its muted, costume-free palette."
Changelingcore,aes/Changelingcore/SKILL.md,"Changelingcore is a late-2010s Tumblr-born aesthetic of neurodivergent otherness reclaimed through fairy folklore: mossy forests, fog-filmed ponds, pebble streams and fairy rings rendered in desaturated moss-green, humus-brown and bone-white under dappled shade or moonlight. Its signature is uncanny tenderness — body fragments fusing with plants, arms arching out of dark water, cute objects made slightly wrong — alongside hoarded collections of pebbles and shinies, layered eccentric clothing, and an aged-oil or muted-film surface. Typical subjects are barefoot figures half-swallowed by foliage, still lifes of strange collections, and fogged liminal waterscapes."
Chaotic_Academia,aes/Chaotic_Academia/SKILL.md,"Chaotic Academia is the late-2010s Tumblr-born offshoot of the Academia family that pictures learning as lived-in disorder: scattered papers, illegible margin annotations, dusty paperbacks, sticky-note walls and incorrectly worn uniforms inside fluorescent classrooms, dim libraries and overcast city streets. Its palette is paper-white, beige, concrete gray and woody brown rendered in grainy, lo-fi light, and its signature move is deadpan humor — highbrow diction undercut by profanity or absurdity — in service of an anti-elitist love of study. Recognize it by cluttered desks and floors, torn and stained pages, candid snapshot framing, and institutional architecture used irreverently, never by candlelit reverence or curated tidiness."
Chernobyl_Stalkers,aes/Chernobyl_Stalkers/SKILL.md,"Documentary aesthetic of the illegal explorers of the Chernobyl Exclusion Zone — grainy, handheld photographs of anonymous figures in military-surplus gear and gas masks moving through abandoned Pripyat interiors, rusted Brutalist concrete and overgrown pine forest. Palette of black, oxidized hazard yellow and military green over concrete grey, with Soviet relics (cathode-ray TVs, wall mosaics, paper-strewn classrooms, Cyrillic slogans) as still-life anchors. Mood is furtive, melancholic and anti-authoritarian; lighting runs from overcast window light to blue-hour silhouettes."
Cherry_Emoji_Twitter,aes/Cherry_Emoji_Twitter/SKILL.md,"Cherry Emoji Twitter (CET, formerly Hoe Twitter) is a 2010s Twitter-born fashion and moodboard aesthetic of sexual liberation, built on a cherry-red / hot-pink / white palette loaded with cherry prints, glitter hearts, lollipops and glossy red lips. Its images are lo-fi phone selfies, pink moodboard collages, fruit-and-cake still lifes and succubus-tinged zine art that pair cutesy sweetness with erotic, mischievous menace — blood-red syrup, candle flames, devil horns. Recognize it by cherry iconography plus shameless ""very bad while looking very good"" styling; separate it from Baddie neutrals, Bubblegum Bitch candy-pastel, Femme Fatale noir, Nymphet vintage softness and Bimbocore plastic pink."
Chic_Modernist,aes/Chic_Modernist/SKILL.md,"Chic Modernist (""smart casual"") is a contemporary chic aesthetic that re-issues timeless wardrobe classics — long tailored coats, trench coats, turtlenecks, blazers, fitted denim and chinos — in clean, modern-fitting silhouettes. Its palette is neutral-dominant (ink black, chalk white, stone gray, camel, olive, denim blue) with at most one saturated accent such as oxblood or rust, and pattern used only sparingly (windowpane check, pinstripe). Images read as effortless street-style or lookbook photography: vertical full-body framing, soft diffused daylight or even studio light, plain plaster walls or muted stone-and-concrete urban backdrops, polished leather shoes or clean sneakers, and a logo-quiet, understated elegance."
Chicago_Drill,aes/Chicago_Drill/SKILL.md,"Early-2010s South Side Chicago rap aesthetic — lo-fi camera-phone documentary frames of crews in baggy True Religion denim, white tees and designer belt buckles, shot on daylight street corners, porches and flash-lit hallways. Core palette of white, denim blue, red and black over brick-and-concrete neutrals, with deadpan stares, pointing hand gestures and unfiltered snapshot candor. Recognized by incidental digital degradation (flash blowout, compression grain, faded warm filter casts) rather than designed grunge, and by visible faces and colorful streetwear as opposed to masked, all-black anonymity."
Chicha,aes/Chicha/SKILL.md,"Chicha is the Peruvian kitsch poster aesthetic born in 1980s Lima from Andean migrant cumbia culture: fluorescent magenta, acid green, sun yellow and tangerine lettering blazing on black or saturated grounds, with sinuous hand-painted script, extruded 3D wordmarks, and horror-vacui fills of roses, stars, vines and Andean-tropical motifs. Recognize it by gradient-filled brush lettering as the hero element, screenprint flatness with grain, flyer furniture (date blocks, checker bands, slang slogans), and festive, defiant migrant pride. It is distinct from Lowbrow, Pop Art, 60s Psychedelia, Tropical and Cholo styles by its neon-on-black folk-kitch density and its poster-lettering protagonist."
Chinese_Dreamcore,aes/Chinese_Dreamcore/SKILL.md,"Chinese Dreamcore (中式梦核) is a 2020s nostalgia aesthetic of millennium-era urban China (c. 1998–2010): empty school corridors with green oil-paint wainscots, white-tiled residential slabs with Bauhaus-style blue windows, shuttered shopping malls, magazine booths and fast-food counters, rendered in hazy digicam softness or smooth painterly game-scene renders. Its palette is beige ceramic tile, institutional mint green, faded banner red and saturated cobalt sky; its mood is the paradox of eerie-yet-warm, an emptied childhood space remembered like a half-dream. Recognize it by Chinese-language vinyl signage, CRT-era interiors, deadpan one-point liminal perspectives, and the near-total absence of people."
Chinese_Folk_Horror,aes/Chinese_Folk_Horror/SKILL.md,"Chinese Folk Horror (中式民俗恐怖, ""Minsu Horror"") is the folk-horror aesthetic built on Chinese funeral and marriage customs — red bridal hoods and coffin silk, paper effigies (zhi ren), joss paper, incense, and cinnabar-scripted talismans set in dim rural interiors of adobe, dark timber and ancestral halls. Its palette is the red–black–white triad with ritual gold-yellow paper accents, lit by a single candle, oil lamp or lantern under crushed shadows, fog and heavy vignettes. Typical subjects are gagged or closed-eyed brides, paper figurines with painted cheeks, altars and family trees, ancient wells, opera stages, graveyards and bagua mechanism puzzles, rendered as painterly semi-real game key art or grainy low-light renders."
Chinese_New_Year,aes/Chinese_New_Year/SKILL.md,"The festival aesthetic of the Chinese Spring Festival (Chunjie): saturated vermilion-and-gold maximalism built from spring couplets, the '福' doufang, big red lanterns, Chinese knots with tassels, red packets and gold ingots, steaming New Year's Eve feasts, lion and dragon dances, and firework-lit winter nights. Rooted in pre-Qin ritual red but visually a modern commercial folk style of foil-stamped gold on red paper. Recognize it by red acting as the overwhelming ground color rather than an accent, auspicious hanzi brush calligraphy, dense hanging decorations, round-table family abundance, and snow-or-night festivity — distinct from Guochao's streetwear graphics and Neo-Chinese minimalism."
Chinoiserie,aes/Chinoiserie/SKILL.md,"Chinoiserie is the 17th–18th-century European fantasy of China — pagodas, parasol-bearing mandarins, weeping willows, exotic birds and dragons scattered across soft pastel grounds, cobalt-on-white porcelain, or glossy lacquer reds and blacks, all punctuated with gold. Recognize it by Rococo asymmetry and gilded ornament carrying invented East Asian motifs on wallpaper panels, lacquer cabinets, brocades and blue-and-white porcelain. The mood is playful, luxurious, deliberately inauthentic exoticism."
Choco_Girl,aes/Choco_Girl/SKILL.md,"Choco Girl (also Neapolitan Girl or Chocolatecore) is a kawaii theme layer from 2000s Harajuku street fashion, named on 2020s Tumblr/Pinterest, locked to a Neapolitan palette of cocoa brown, pastel pink and cream. Recognize it by chocolate-bar and biscuit prints, dripping-chocolate glaze patterns, chocolate-covered strawberries, hyperrealistic dessert accessories (cookie berets, biscuit purses, chocolate-bar necklaces), decoden cases crusted with plastic sweets, and Sweet Lolita or Himekaji silhouettes photographed in soft, hazy snapshot light."
Cholo,aes/Cholo/SKILL.md,"Cholo is the Chicano street aesthetic of 1960s East Los Angeles barrios, descended from 1930s Pachuco culture and recorded in grainy black-and-white or sun-bleached color against stucco, concrete steps and hand-tagged plaster. Its visual DNA is the oversized-over-baggy silhouette — flannel shirts, white tanks and striped polos above creased baggy khakis or denim stacked on Nike Cortez, Chuck Taylors or shell-toe Adidas, with white knee socks, bandanas, beanies, dark sunglasses and a single gold or silver chain — held to a neutral palette of black, white, concrete grey, khaki brown and denim blue. Stoic solo and crew portraits carry its core values of Hispanic pride and anti-assimilation."
Cholombiano,aes/Cholombiano/SKILL.md,"Cholombiano (also Kolombia, ""Punks Tropicalizados"") is the late-1990s cumbia youth subculture of Monterrey, Mexico — sculptural gel-stiff patilludo hair under an intentionally too-small perched cap, extreme oversized plaid and Hawaiian button-ups, hand-woven escapulario name panels, airbrushed Virgin of Guadalupe / San Judas Tadeo iconography, and Colombian-flag yellow-blue-red over a white base. Recognize it in vernacular flash snapshots of sonidero dance floors and street corners: baggy tumbadilla silhouettes, candy-saturated tropical color, DIY maximalism, and a mellow, community-proud pose."
Chonga,aes/Chonga/SKILL.md,"Chonga is the loud, working-class Latina subculture aesthetic of Miami (1980s–2000s origins, 2007 viral peak): hot pink and bright saturated tones, oversized tees or crop tops over low-rise jeans, bracelet-sized gold nameplate hoops, stacked bangles, gel-slicked buns and braids, thick eyeliner and extra-long acrylic nails. It is recognizable by sassy direct-to-camera poses, Spanglish graffiti and marker text with deliberate misspellings, lucite platform heels and chancletas, and MySpace-era flash-snapshot or saturated studio-gradient lighting. Load this skill to identify or generate Miami Latina excess aesthetics and to keep them distinct from Cholo, Choni, Baddie, Bimbocore and Cagole."
Choni,aes/Choni/SKILL.md,"Spanish working-class youth aesthetic of the 1990s–2000s, the flamboyant ""de barrio"" feminine look: oversized gold hoops and layered chains, leopard and snake print, hot pink and fluorescent yellow over black or white satin, tracksuits and mini skirts, heavy makeup, teased hair and oversized sunglasses worn everywhere. Snapshot-flash or saturated TV-studio photography, confrontational pouts, group pride and deliberate cheap-glam maximalism. Recognize by clashing patterns, metallic shine and jewelry scaled to read from across the street."
Christian_Girl_Autumn,aes/Christian_Girl_Autumn/SKILL.md,"Christian Girl Autumn (CGA) is a late-2010s Instagram/Pinterest lifestyle aesthetic of hyper-curated cozy fall — chunky knit sweaters, oversized plaid blanket scarves, UGG or suede boots and skinny jeans in warm neutrals (cream, beige, tan, brown) accented by burnt orange and maroon, staged in pumpkin patches, leaf-strewn sidewalks and golden forests with a pumpkin spice latte held prominently in hand. Recognize it by faded warm film grading, soft daylight, long loose-waved hair or knit pom-pom beanies, and polished OOTD, faceless torso-crop or back-view framing that radiates wholesome ""effortless happiness."" Separate it from generic Autumn Aesthetic by the feminine fashion uniform plus coffee-cup prop, and from VSCO Girl by season, knitwear and warm-neutral palette."
Christmas,aes/Christmas/SKILL.md,"A seasonal festive aesthetic built on the red–green–white–gold tetrad, evergreen conifers strung with fairy lights, glass ball ornaments, wrapped presents, stockings, holly and Santa Claus, spanning candlelit cozy interiors, snowy light-covered neighborhoods and maximalist decorated rooms. Its range runs from Victorian nostalgic illustration and mid-century kitsch (tinsel trees, vintage figurines, flash-lit family snapshots) to pastel, golden, blue, coastal and Southern-Hemisphere summer variants, but every image carries at least one holiday signifier — tree, lights, ornament, gift, stocking or Santa. Use for December celebration imagery: decorating, baking, gift-giving, family gatherings and decorated exteriors."
Chromecore,aes/Chromecore/SKILL.md,"Chromecore (Y2K Chromecore) is the silver-and-chrome product-design aesthetic of roughly 1999–2006: mirror, bead-blasted and stainless finishes (often silver plastic mimicking chrome), molded pill-and-lozenge curves, and cool blue gradient accents on flip/swivel phones, clamshell handhelds, PDAs, camcorders, curved-bezel monitors and Flash-era web graphics. Recognize it by lustrous silver surfaces carrying bright specular streaks, chrome-sphere ornaments, small glowing screens sunk in thick silver bezels, and seamless white studio lighting that radiates turn-of-the-millennium technological optimism. It is the metal-first, hardware-first wing of Y2K Futurism — no nature, no grime, no matte minimalism."
Chunyu,aes/Chunyu/SKILL.md,"Chunyu (纯欲, ""pure-desire"") is an early-2020s Chinese aesthetic that fuses doll-like innocence — pale clear skin, red blush swept around the eyes and onto the nose tip, spiky lashes, glossy warm lips, soft black hair — with measured sensuality: bodycon knitted mini dresses, bared collarbones and shoulders, a milky pink-and-cream palette, whisper-thin chain jewelry and rhinestone nail art. Recognize it by soft diffused indoor light, vertical selfie-grade framing, and an ""effortless, not trying"" styling grammar that balances cute against sexy in every frame. It sits between Asian Baby Girl's bold glam, Coquette's vintage ribbons, and Nymphet's sun-faded romanticism."
Chuugoku_Musume,aes/Chuugoku_Musume/SKILL.md,"Chuugoku Musume (中國娘 / Zhonghua niang, ""Japanese-Sino Feng"") is the Japanese anime-born trope of the Chinese girl: a qipao-derived chaina-fuku with mandarin collar and frog buttons, twin dango-atama buns wrapped in cloth and ribbons, pandas, bamboo dim-sum steamers and kung-fu poses, rendered in saturated lacquer red, brocade gold, jade green and ink black. Originating in 1990s Japan (Chun-Li, Shampoo) and revived as a self-styled niche fashion on Rednote, it reads as kawaii playfulness fused with Chinese festive signifiers — including lolita and maid-apron hybrids, idol stage costumes, anime character sheets and studio lookbooks. Recognize it by the collar–frog-buttons–double-buns triad plus the red/gold palette; it is distinct from Chinoiserie (European porcelain fantasy), Guochao (Chinese heritage-pride streetwear) and plain Moe (cuteness without Chinese coding)."
Cinnamon_Girl,aes/Cinnamon_Girl/SKILL.md,"Cinnamon Girl is a TikTok-born autumn lifestyle aesthetic (early 2020s) built on a warm brown-and-cream palette — cinnamon, caramel, beige, espresso — applied to cozy domestic and urban-luxury scenes: lattes dusted with cinnamon, cinnamon rolls, knitwear, shearling coats, wicker baskets, tortoiseshell clips, gold pendants and hair bows. It fuses autumn baking domesticity with Coquette and Downtown Girl polish and a melancholic-romantic undertow borrowed from Lana Del Rey's song of the same name, functioning as the fall counterpart to Clean Girl / Vanilla Girl. Recognize it by warm-brown color dominance, spice-coded food and drink, soft tactile materials, faceless intimate framing, and low-contrast golden or lamp-warm light."
City_Pop,aes/City_Pop/SKILL.md,"City Pop is the visual register of Japan's bubble-era pop, mid-1970s through the 1980s: neon-soaked city streets and skylines, tropical resorts with palms and pools, modernist leisure architecture, and vintage cars parked on empty streets, all graded toward pops of magenta, cyan, red, yellow, blue and purple. Signature elements include random English words on signage and album-style titling, yuppie/resort fashion with voluminous wavy hair, and a flat airbrushed '80s record-sleeve illustration mode. Load this skill for images of sophisticated, upbeat 1980s Japanese prosperity — nightlife, beaches, poolside — as distinct from cyberpunk grit, vaporwave irony or After Hours loneliness."
Classic_Lolita,aes/Classic_Lolita/SKILL.md,"Classic Lolita is the mature, elegant pillar of Japanese Lolita fashion, cut after Victorian and Rococo dress with petticoat-supported A-line or tea-length skirts, pintucked bodices, tiered lace ruffles and heirloom sewn details. Its palette sits deliberately between Sweet Lolita's candy pastels and Gothic Lolita's black — off-white, brown, sage, dusty rose, muted blue, wine, navy and jewel tones — carrying antique-realistic florals, toile, heraldry and classical-painting prints, straw bonnets, canotiers, cameos, pearl strands and lace gloves. Typical images are lookbook-style portraits or dress-form displays of a full coordinated outfit in paneled antique interiors or quiet pastoral outdoors, under soft diffuse light with a faded, film-like grade."
Classicism,aes/Classicism/SKILL.md,"Classicism is the recurring Western tradition that holds the art of ancient Greece and Rome as the standard of excellence: idealized nude and draped figures, marble sculpture, the Doric, Ionic and Corinthian orders, and mythological or historical subject matter rendered with symmetry, balance and emotional restraint. Its palette is stone-led — marble white, warm limestone beige and sepia, softened by rose, salmon, ochre, olive and slate blue under even, diffuse daylight. Recognize it by anatomical idealization, frieze-like or axially balanced composition, logically falling drapery, smooth invisible finish, and a mood of calm grandeur; it spans antiquity itself, the Italian Renaissance and Neoclassical revivals, down to civic domes and porticoes used as statements of political authority."
Claymorphism,aes/Claymorphism/SKILL.md,"Claymorphism is a 2020s post-flat UI and illustration aesthetic of inflated, Play-Doh-soft 3D forms — chunky rounded shapes that float as discrete solid objects over pastel gradient fields, defined by deep outer shadows plus subtle inner shadows that read as puffiness. Its palette runs pastel blue, pink, lavender, mint and white with candy-saturated accent cues, and its subjects span app cards and buttons, 3D emoji and icon sets, clay mascots, and diverse chunky-proportioned people in everyday scenarios. Recognize it by matte-satin modeled volume, soft diffuse studio light, big rounded corners, clean bold minimal type, and an overall mood of friendliness, tactility and playfulness."
Clean_Girl,aes/Clean_Girl/SKILL.md,"Clean Girl is a 2020s TikTok-born fashion, beauty and lifestyle aesthetic of hyper-curated effortlessness: dewy ""glass"" skin, slicked-back buns held by claw clips, gold hoop earrings, neutral athleisure capsule wardrobes, and wellness props like green juice, iced matcha and immaculate white interiors. Recognize it by a muted neutral palette (beige, cream, greige, brown, grey) punctuated only by sage/matcha green and polished gold, soft diffused lighting, orderly uncluttered compositions, and a groomed ""model off-duty"" calm that reads expensive while insisting it took no effort."
Cleancore,aes/Cleancore/SKILL.md,"Cleancore (aka Safetycore, Hygienicore, Showercore) is a 2010s Tumblr-born aesthetic of hygiene and sterilized calm: cleaning sprays, soaps, detergent jugs, bubbles, bath toys and freshly wiped tile rendered in high-key white, pale blue, mint and teal with soft shadowless bloom. It splits into a sterile commercial ""High"" register (sanitizers, PPE, cynical brand imagery) and a kawaii ""Low"" register (rubber ducks, baby bath products, pastel star stickers). Recognize it by product-shot lighting, foam and water caustics, tile grids, and surreal flawless cleanliness."
Clockpunk,aes/Clockpunk/SKILL.md,"Clockpunk is a retrofuturist aesthetic that imagines Renaissance-era (14th–17th century) technology built purely from clockwork — exposed gear trains, springs, levers, winding keys, automatons and flapping-wing ornithopters — rendered in brass, bronze, gold, carved wood and polished glass. Its machines are treated as Baroque art objects: engraved, gilded, set with lenses and framed by Roman-numeral dials, concentric carved arches and Renaissance architecture, lit by candle flame or hazy daylight in a palette of gold, bronze, wood brown, parchment cream and silver. Recognize it by ornate mechanism-as-artwork, clockwork creatures, and pre-industrial craftsmanship; distinguish it from Steampunk (no steam, no Victorian iron), pure Italian Renaissance (no anachronistic machines), Baroque (no devotional theatre), and Dungeonpunk (no crude subterranean iron)."
Cloudcore,aes/Cloudcore/SKILL.md,"Cloudcore is the 2019–2022 TikTok/Pinterest sky aesthetic: sunrise and sunset cumulus skies graded into dusty lavender, rose pink, baby blue, teal and golden orange, finished with glitter-sparkle overlays, kawaii line doodles traced onto cloud forms, and tiny lowercase motivational text. Its subject is almost exclusively open sky — towering cumulus, cirrus streaks, cloud reflections in water — shot low-angle with soft grain, light leaks and a pastel glow, in phone-wallpaper proportions. Recognize it by pastel cloud palette plus gentle wonder; it carries no religious iconography (Angelcore), no uncanny dread (Weirdcore), and no interior scenes (Lo-fi Art)."
Clovercore,aes/Clovercore/SKILL.md,"Clovercore is the late-1990s to early-2000s Japanese ""fancy goods"" stationery aesthetic — a subgenre of Heisei Retro — built on four-leaf clovers in lime and grass green over white or cream, nameless round animal mascots (bears, pandas, hamsters, cats), bubbly naive English about luck and dreams, musical notes, sparkle graphics, and gingham- or polka-dot-filled clover leaves. Recognize it by flat, bright, scan-like or flash-lit presentations of stickers, memo pads, pencil cases, resin phone charms and sticker binders, and by an innocent, lucky, childlike mood distinct from pink-led Puppycore or earthy Whimsy Twee."
Clowncore,aes/Clowncore/SKILL.md,"Clowncore (also Circuscore or Clownpunk) is a 2010s–2020s Tumblr/TikTok aesthetic of clown, jester and circus play: white-face makeup with colored noses and diamond tears, rainbow stripe sequences, primary red-yellow-blue, oversized shoes, jester hats, harlequin diamonds and stacks of childlike plastic charms and slogan badges. Its mood is joyous, nostalgic and deliberately childish, with a pastel-kawaii branch and a goth/E-girl dark branch. Typical subjects are makeup selfies, extremity close-ups (feet, wrists, nails), charm flat-lays, handmade dolls and jewelry, and flat cartoon illustration."
Club_Kids,aes/Club_Kids/SKILL.md,"Late-1980s to mid-1990s New York nightlife subculture aesthetic built on DIY assemblage costumes, clown-and-cabaret theatrical face paint, and candy-saturated circus color shot on grainy direct-flash 35mm snapshots against black club voids. Androgynous self-invented personas stacked with found objects — synthetic wigs, fur stoles, veils, plastic beads, harlequin checks, dolls and hats — posing with media-savvy eagerness for the camera. Recognize by handmade grotesque camp plus analog flash grit; distinct from glossy pop candy, styled fashion editorial, and neon-on-black rave looks."
Cluttercore,aes/Cluttercore/SKILL.md,"Cluttercore is a 2020s TikTok-born interior aesthetic of ""organized chaos"": rooms in which every surface carries curated, sentimental collections — overflowing bookshelves, dense gallery walls, dolls and figurines, potted plants, layered textiles — rendered in highly saturated, varied color under warm lamplight, string lights or neon glow. Recognize it by floor-to-ceiling filled shelving, mismatched thrifted furniture, color-coded book spines, and personal storytelling objects arranged with deliberate, visible curation; it is curated maximalism defined in opposition to minimalism, not messiness."
Coastal_Cowgirl,aes/Coastal_Cowgirl/SKILL.md,"Coastal Cowgirl is a sun-bleached 2020s micro-aesthetic (spring–summer 2023, US coastal South) that fuses Western ranch codes with nautical beach codes: straw cowgirl hats banded with cowrie shells, light-wash denim shorts, tan cowgirl boots standing on sand, seashells and pearls, all held in a baby-blue, cream and tan palette. Expect whimsical snapshot-style fashion flatlays, beach and pool vignettes, pale horses, surfboards and pastel cutout moodboard collages with a 2000s country-pop nostalgia (Hannah Montana, early Taylor Swift). Load this skill when recognizing or generating images that pair cowboy signifiers with seaside ones in a faded, high-key pastel range."
Coastal_Grandmother,aes/Coastal_Grandmother/SKILL.md,"Coastal Grandmother is a 2022 TikTok-born lifestyle aesthetic that romanticizes the relaxed, affluent ease of a Nancy Meyers beach-house heroine: cream linen, chunky cashmere knits, straw totes and hydrangeas in light-filled rooms. Its visual DNA is a white-cream-sand base washed with sky blue, dusty blue and navy, crisp natural fabrics (linen, cotton gauze, eyelet) plus wicker, pottery and blue-and-white china, captured in candid, sun-bleached snapshots of reading, gardening, market mornings and beach walks. Recognize it by high-key diffused daylight, faceless or behind-the-shoulder framing, and understated ""quiet luxury"" props — white wine, fresh flowers, canvas market bags — with no logos, no neon and no nautical kitsch."
Coastal_Style,aes/Coastal_Style/SKILL.md,"Coastal Style (Beach House, Marine Style, Style Bord de Mer) is a sun-bleached early-20th-century interior aesthetic built on a white-and-blue foundation with light neutrals, light weathered wood, and woven fibers such as rattan, wicker, jute and linen. Signature elements include flooded diffuse daylight through sheer curtains, white shiplap or beamed ceilings, natural-fiber rugs, striped or fish-embroidered textiles, and maritime accents (shells, driftwood, rope, sail or crustacean prints) dialed anywhere from a whisper to an explicit theme. Typical subjects are airy open-plan rooms, porch and entry vignettes, styled shelves and tablescapes, and textile or tableware close-ups."
Cocalar,aes/Cocalar/SKILL.md,"Cocalar is the kitsch visual culture of late-1990s Romanian men — bare chests or open silk shirts loaded with gold chains, oversized rings and aviator sunglasses, posed beside BMW/Audi badges or fanned banknotes in drab post-communist courtyards, bathrooms, beaches and Manele clubs. Its palette pits metallic gold and hot pink against concrete grey, institutional beige and brown ceramic tile, recorded in harsh on-camera-flash digicam snapshots with unironic, boastful pride. Recognize it by over-accessorized wealth display staged sincerely in deliberately unstyled, modest surroundings."
Coconut_Girl,aes/Coconut_Girl/SKILL.md,"Coconut Girl is a 2020s TikTok-born coquette subtype that nostalgically restages early-2000s tween beach-vacation culture — sun-bleached turquoise water, hot pink and sunny yellow swimwear, plumeria and hibiscus flowers, glitter mermaids and dolphins, motel signs, roller skates and Polaroid snapshots — all wrapped in soft-focus dreamy haze with sparkle bokeh and flower-sticker corner embellishments. Recognize it by the combination of tropical beach subject matter, Y2K plastic-cute textures (glitter, holographic vinyl, plush, crochet), and an overexposed, airbrushed summer glow in a bright multi-color palette of pink, turquoise, yellow and cream."
Coffee_House,aes/Coffee_House/SKILL.md,"Café aesthetic of third-wave coffee culture (term codified 1999, rooted in 17th-century European coffeehouses, 1950s–60s US espresso bars and Japanese kissaten): dark wood, chalkboard black and cream porcelain grounded palette, accented by mustard, forest green, maroon, navy and grey. Signature elements are the coffee ritual itself — espresso machine, latte art, cups on saucers, pastry display cases — plus hanging pendant lights, books and cameras left on tables, plants, and storefronts with awnings and gold-leaf window lettering. Subjects range from dim, cozy interiors and sunlit tabletops to street terraces, vintage signage and home-cafe trays."
Colorful_Pop,aes/Colorful_Pop/SKILL.md,"Colorful Pop is a 2010s Japanese graphic-design and illustration style of maximum-saturation neon magenta, cyan and yellow (lime-green accent) set against high-contrast black or white grounds, fusing anime-style characters with Pop Art grammar: halftone dot screens, onomatopoeia, paint splatters, geometric shards, pixel/glitch accents and integrated logotypes. Born in Pixiv artist circles and the J-core hardcore-techno scene — album jackets, rhythm-game UIs like Muse Dash and WACCA, card art — it reads as loud, playful sensory overload, spanning clean flat vector posters to painterly splatter illustration. Recognize it by fluorescent triad color, maximalist layered density and comic-print texture; never muted, never serene."
Communist_Chic,aes/Communist_Chic/SKILL.md,"Communist Chic (Che Chic, Chekist Chic) is the Western fashion-and-media appropriation of 20th-century communist state iconography — hammer and sickle, red and yellow five-pointed stars, solid red flags, the high-contrast Guerrillero Heroico portrait of Che Guevara, faux Cyrillic type, and badge-topped ushankas — worn for irony, camp, shock value or pure style rather than belief. Born in mid-1970s punk and glam rock stagewear, commodified after the USSR's collapse into silkscreened tees, poly-blend flags and manifesto paperbacks, and re-refined by 2010s post-Soviet designers. Recognize it by a black-red-yellow palette, cheap mass-produced or luxe-parody materials, and a deliberate gap between totalitarian symbol and frivolous context."
Constructivism,aes/Constructivism/SKILL.md,"Soviet avant-garde of 1915–early 1930s whose visual DNA is agitational geometry — flat red, black and bone-white planes driven on dynamic diagonals, wedges piercing circles, masts and cantilevers — fused with bold sans-serif typography and halftone photomontage in posters, book covers, porcelain and exposed steel-and-glass structure. Recognize it by a limited flat palette, declared industrial materials (metal, glass, plywood, concrete), asymmetric thrusting compositions and type set as structural mass; the mood is utilitarian shout and engineering diagram at once."
Cool_Britannia,aes/Cool_Britannia/SKILL.md,"Mid-1990s British youth-culture aesthetic (c. 1993–97) in which the Union Jack is treated as a pop object — flag red, white and blue saturated across dresses, guitars, backdrops, collages and magazine covers. Glossy tabloid layouts with sticker-like magenta and yellow type blocks, flash-lit celebrity photography, TV-studio glitter, and a fashion hybrid of 1960s Mod tailoring with parkas, track jackets and denim. Mood is cheeky, optimistic, ironical-but-sincere national pride: Britpop band group portraits, pop stars mid-performance, cover-line plastered magazines, terrace and stage crowds."
Coquette,aes/Coquette/SKILL.md,"Coquette is a hyper-feminine, film-faded vintage aesthetic descending from mid-2010s Tumblr ""nymphet"" culture and the 2020s Dollette wave on Pinterest/TikTok — powder pink, cream and dusty rose washed through analog grain, dense with bows, lace, ruffles, pearls, ballet flats and 1950s–60s Americana props (convenience stores, motels, lace curtains, cigarette packs on floral sheets). Typical subjects are doll-styled young women, girlish object still-lifes and bedroom interiors that pair flirtatious sweetness with melancholic, tragic-edged nostalgia. Recognize it by the desaturated pastel palette, high frill density, and soft window light or direct-flash snapshot treatment."
Corpcore,aes/Corpcore/SKILL.md,"Corpcore (corporatecore, corporate chic) is a late-2023 fashion aesthetic, coined by HUGO BOSS's Techtopia show, that fuses 90s-derived office tailoring — boxy blazers, exaggerated shoulders, wide-leg trousers, pinstripes, houndstooth, tweed — with casual streetwear such as sneakers, straight-leg jeans, basic tees and baseball caps. Its palette is subdued neutrals (black, charcoal, gray, white, brown, navy, light blue) rendered in wool, poplin, leather and cashmere, photographed in white-collar settings, city streets and Fall/Winter runways with flash-lit or overcast deadpan candor. Recognize it by its central tension: rigorous, menswear-derived tailoring deliberately relaxed, oversized or subverted."
Corporate_Cyberspace,aes/Corporate_Cyberspace/SKILL.md,"Corporate Cyberspace (also Corporate Gen-X Cyber, Proto-Y2K, Early-Y2K Cyber-Utopianism) is the 1993–2000 corporate imagination of the internet as shiny, clean and professional: sterile digital blues, deep navy, chrome silver and violet grid tunnels in low-poly early 3D, wireframe globes and data maps, layered translucent UI windows, pixelated system text, and stock-photo executives in blazers pointing at transparent screens. Optimistic and maximalist — gradient-mesh sails, beige CRT desktops, floating polygonal primitives and glowing office renders selling the digital frontier from trade-show floors, magazine covers and software boxes. Load this skill to recognize or generate early-to-late-1990s enterprise-tech advertising, editorial covers, exhibition graphics and interface-collage imagery, and to separate it from Factory Pomo, Memphis Lite, Corporate Grunge, Gen-X Home and Med-Tech Visions."
Corporate_Goth,aes/Corporate_Goth/SKILL.md,"Corporate Goth (Corpgoth) is a 1990s Goth substyle rebuilt for the office: black or charcoal tailored suits, pencil skirts and waistcoats carrying discreet gothic signatures — ornate silk, lace or velvet blouses, small-scale Victorian or Celtic jewelry, and at most one jewel-tone accent in burgundy, plum or emerald. Subjects read as composed professionals (neat chignons or sleek waves, pale matte skin, a sharp thin winged liner, dark plum lips, chunky-but-smart Mary Janes or oxfords) photographed in diffuse lookbook light or overcast street light. Recognize it by tailored office silhouettes with a whisper of dark detail — never theatrical Goth hardware, never beige corpcore anonymity."
Corporate_Grunge,aes/Corporate_Grunge/SKILL.md,"Corporate Grunge (aka Grunge™, Neugrunge) is the 1993–2005 commercial dilution of Seattle grunge into advertising, album covers, movie posters, magazine covers and mall catalogs — soot-black, paper-beige, sepia and rust ""sludge"" palettes, grainy photocopy and rust textures, distressed typewriter/stencil/label-maker type, cut-and-paste collage and duotone decay photography. Recognize it by manufactured rebellion: torn paper edges, ink splatters, VHS glitch, industrial grime and tiny technical captions set against oversized corrupted logotypes on scanned, grain-degraded print surfaces."
Corporate_Hippie,aes/Corporate_Hippie/SKILL.md,"Corporate Hippie (also Corporate Psychedelia, Psychsploitation) is the c. 1967–1973 commercial appropriation of hippie counterculture: flat, maximalist offset-print advertising, record sleeves, magazine pages and textile prints in saturated magenta, tangerine, sunflower yellow, lime, turquoise and violet on cream paper or ink black. Signature elements are warped bubble lettering, kaleidoscopic floral mandalas and sunbursts, hearts, doves and LOVE words, and evenly lit studio photographs of bell-bottomed models cut into graphic fields. Recognize it by its advertising logic — legible copy blocks, brand lockups, product heroes — wrapped in sanitized, consumer-friendly psychedelia."
Corporate_Memphis,aes/Corporate_Memphis/SKILL.md,"Corporate Memphis (a.k.a. Alegria, Big Tech Art Style, Blob Web, Humans of Flat) is the flat vector illustration idiom of late-2010s/early-2020s tech branding: disproportionate human figures with diminutive heads, massive torsos and long boneless ""bendy"" limbs, blank or near-blank faces, and non-representational skin in blue, purple or green (or mixed natural tones), built from strokeless solid-color shapes on flat solid backgrounds with abstract geometric confetti. Its palette spans soft pastels to high-contrast primaries (blue, purple, yellow, pink, teal), and its subjects are generic, joyful work-and-life placeholders — teams collaborating, dancing figures, people cradling oversized phones. Recognize it by matte flat fills with no gradients or shading, impossible anatomy, and frictionless corporate cheer; it is distinct from Memphis Design (pattern-maximal, outlined), Neubrutalism (heavy strokes, hard offset shadows), Claymorphism (puffy 3D volumes) and plain Minimalism (non-figurative)."
Costumbrismo,aes/Costumbrismo/SKILL.md,"Nineteenth-century Spanish and Hispanic American picture of everyday custom — tavern tertulias, street types, horsemen and muleteers, market bargains, fairs and Holy Week processions — staged as small legible anecdotes against documented regional architecture. Palette is sun-baked and natural: whitewash cream, ochre and umber walls, olive-vine greens, dusty blue skies, cloak-and-top-hat blacks, with small saturated accents of majo sash red, saffron skirt and banner cloth. Figures are typified rather than psychological, costume is rendered as ethnographic document, and the handling runs from broad satirical brushwork (Madrid school) to smooth romanticized finish (Seville school), with a parallel lineage of ink wood-engraving for the press. Recognize by minimal action, maximal social detail, and a nostalgic, observant, gently satirical or celebratory mood."
Cottagecore,aes/Cottagecore/SKILL.md,"Cottagecore is a 2010s internet aesthetic of romanticized western agricultural life — sun-faded wildflower meadows, thatched stone cottages, English-style gardens, baking and handcrafts, farm animals, and prairie dresses in linen and gingham. Its palette runs moss green, straw, cream, dusty rose and baby blue under natural golden-hour light, rendered with faded film grain or soft watercolor handling. Recognize it by the constant human hand in nature — clotheslines, fences, picnics, planter boxes — and by strawberries, mushrooms and flowers repeating as motifs across fabric, dishware and print."
Cottagegoth,aes/Cottagegoth/SKILL.md,"Cottagegoth (also Cottagegore, Dark Cottagecore) is an early-2020s internet aesthetic that turns Cottagecore's pastoral ruralism toward the macabre — fog-soaked woods, overgrown graveyards, animal bones, poisonous fungi, decaying cottages and solitary witch-hermit figures, all in muted earth tones of moss green, faded brown, grey and black. Recognize it by desaturated analog-film atmosphere, overcast or twilight light, memento-mori still lifes, and a mood of melancholic reverence toward wild, dangerous nature rather than toward horror shock."
Country,aes/Country/SKILL.md,"Country (also Farmcore, Countrycore, Southern Boy/Girl) is the lived-in aesthetic of rural American South and Midwest farm life: weathered wood, galvanized metal, denim, burlap and gingham in a palette of barn red, leather brown, hay tan and denim navy. Signature elements are red barns, wheat and corn fields, hay, pickup trucks, mason jars, sunflowers, cowboy boots and hats, snap-front western shirts, and flag-themed wood décor, photographed in golden-hour or overcast natural light with a sun-faded, matte grade. The mood is settled, practical and proudly domestic — home, hard work, family, tradition — never frontier adventure or romanticized cottage escape."
Cozy_Gamer,aes/Cozy_Gamer/SKILL.md,"A 2020s, pandemic-born interior and lifestyle aesthetic that rebuilds video gaming as a soft domestic sanctuary — sage green, cream, soft brown and blush pink bathed in warm fairy-light and sunset-lamp glow, around wood desks, creamy mechanical keyboards, draped pothos and monstera leaves, pegboards of small treasures, plushies and pixel-art game screens. Recognize it by warm ambient lighting with no overhead source, lived-in curated desk setups, handheld consoles nestled on knit blankets, and cozy indie game worlds (Stardew Valley, Animal Crossing) glowing on screens; subjects range from full room-corner setups to top-down flat lays and intimate hand-on-controller close-ups."
Cozycore,aes/Cozycore/SKILL.md,"Cozycore (Comfycore) is a late-2010s internet aesthetic of domestic comfort — warm-neutral interiors lit by candles, fairy lights, table lamps and diffused window light, piled with chunky knit blankets, soft pillows, steaming mugs, open books and pets. Its images crop to intimate, arm's-reach scale (lap point-of-view, overhead beds, windowsill still lifes), favor rumpled lived-in textiles in beige, cream, grey, brown and soft earth tones, and extend into naive hand-lettered and picture-book illustration. Recognize it by softness, slowness and self-care; separate it from rustic Cabincore, pastoral Cottagecore, seasonal Autumn/Winter aesthetics and screen-centric Cozy Gamer."
Craftcore,aes/Craftcore/SKILL.md,"Craftcore is the late-2010s/2020 aesthetic of visible handiwork — chunky knits, crochet trims, patchwork, quilting, embroidery, beading, macramé and artisanal tie-dye on garments, pottery and home objects. Its palette splits between an earthy heritage register (rust, ochre, oat, moss, oxblood on raw wood and woven straw) and a vivid eclectic DIY register (strawberry red, cobalt, lemon, hot pink on cream or denim), always matte, fibrous and hand-touched. Recognize it by legible stitch definition, seam and quilt lines, brushstrokes, maker's hands, yarn balls and tools in soft natural light."
Crowcore,aes/Crowcore/SKILL.md,"Crowcore (Corvidcore) is a Tumblr-born collector-and-nature aesthetic derived from Goblincore and Cottagecore but distinctly darker: black wool and corvid plumage, bone-white pearls and paper, mossy greens, and overhead hoards of shiny found objects — old coins, vintage brooches, seaglass, agates, feathers, rusty bottle caps, small blades. Signature content includes live crows, collection flat-lays on cloth or wood, dark layered thrifted fashion, and deadpan corvid meme graphics, all in soft overcast or misty light. Recognize it by the black/white/green triad punctured by metallic glint, the joy of kept trash-treasure, and dry crow humor."
Crust_Punk,aes/Crust_Punk/SKILL.md,"Crust punk (crust, stenchcore) is the DIY garb and visual culture of early-1980s English punk-metal crossover, defined by soot-black denim buried under sewn-on band patches, studded and spiked battle vests, patchwork trousers, dreadlocks, combat boots and deliberate grime. Its palette is black plus earth decay — olive drab, rust brown, camo khaki, bleached bone — photographed in amateur snapshot mode: direct flash in squat halls, flat overcast daylight on streets and field edges. Typical subjects are full-body outfit portraits, curb-seated groups, gig candid shots and flat-laid patched garments, all reading as handmade, worn-out and politically militant rather than fashionable."
Cryptidcore,aes/Cryptidcore/SKILL.md,"Cryptidcore is a 2010s Tumblr-born aesthetic of amateur cryptozoology and roadside conspiracy culture, rendered in muted 1970s–90s analog film tones — bark brown, khaki, moss green, fog gray — punctured by small uncanny accents of glow-in-the-dark phosphor green, tabloid magenta and VHS chromatic glitch. Signature elements include kitschy souvenir cryptid iconography (screen-printed saucers, embroidered patches, roadside cutouts), Polaroid snapshots and film grain, hand-annotated maps and yellowed sighting clippings, dark forests and abandoned buildings, moth imagery, and eerie tourist-trap warning signs under vast dusk skies. Typical subjects are cryptid silhouettes with glowing eyes, field-gear flat lays, vintage outdoor fashion, desert diners and highway signs, and evidence-style collages."
Cubism,aes/Cubism/SKILL.md,"Cubism (Paris, 1900s–1910s, Picasso and Braque) fractures objects and figures into interlocking geometric planes shown from several viewpoints at once, rejecting single-point perspective. It speaks in two main color registers — Analytic near-monochrome browns, grays and ochres with dense shard-like faceting, and Synthetic flatter, brighter planes often fused with pasted newspaper, wallpaper and stenciled type — plus offshoot registers of tubular metallic figures, crystalline Czech facets and Orphic color discs. Recognize it by still lifes of guitars, bottles, fruit and newsprint, faceted portraits, shallow compressed space, and lighting that comes from everywhere and nowhere at once."
Cult_Party_Kei,aes/Cult_Party_Kei/SKILL.md,"Cult Party Kei is a 2010s Japanese thrifted vintage fashion built on sheer nylon peignoirs, nightgowns and petticoats layered like a Victorian child's bedtime ensemble, in washed-out creams and ivories with sparse dull-pastel or red gingham accents. Signature elements include translucent robe-over-skirt layering, high loosely-defined empire waists, poofy tiered lace skirts, quilted yo-yo patchwork accessories, and small religious motifs. Typical subjects are street-snapped or bedroom-portraited wearers in rumpled secondhand layers, photographed with grainy snapshot or magazine-scan softness."
Cumbiero,aes/Cumbiero/SKILL.md,"Argentine villa youth aesthetic of cumbia villera (late 1990s–2000s, Buenos Aires shantytowns): crews in shiny nylon tracksuits, basketball caps and branded jerseys in neon lime, orange and celeste against black and white; bleached long-top/short-side haircuts, women's tight buns over shaved napes, untied ""llantas"" sneakers, keytars and bailanta dance-hall stages. Shot in flat snapshot or harsh on-camera flash realism against corrugated-zinc walls, concrete and graffiti, with defiant hand signs and packed group poses. Read this skill when images combine working-class Argentine street pride, appropriated sportswear logos and low-fi consumer-camera texture."
Curly_Girly,aes/Curly_Girly/SKILL.md,"Curly Girly (aka Libby Lu Kid, Tween Diva) is the tween-consumer aesthetic of roughly 1996–2005: flat, glossy advertising, packaging and set design built around curled serif type (Curlz), swirls and frills in a pink–purple–violet palette cooled by baby blue and sparked with lime. Signature elements include heart/star/flower scatter, glitter and translucent pink plastic, faux fur and feather boas, makeover-salon and sleepover scenes, big-eyed cartoon tween characters, and high-key studio promo photography. Recognize it by its ornate, playful, kid-scale ""diva"" femininity — mall retail, toy boxes, scented cosmetics, tween pop marketing — as distinct from adult glamour or tech-futurist Y2K."
Cutecore,aes/Cutecore/SKILL.md,"Cutecore is a 2020s internet aesthetic (Tumblr-born, TikTok-spread) that juxtaposes Heisei-era kawaii — Sanrio mascots, frills, pastel pink/yellow/blue, pudding and strawberry stickers, pink Nintendo DS props, cluttered pink bedroom shrines — with signifiers of somatic horror and distress: photorealistic blood splatters, bandages, gauze, anxious kaomoji, and lo-fi JPEG decay. Recognize it by pink-dominant pastel maximalism punctured by red blood accents, compression artifacts, and claustrophobic clutter; a sanitized non-gory variant (""Kawaii Kei"") keeps the clutter, decay and melancholy but drops the blood."
Cyber_Angel,aes/Cyber_Angel/SKILL.md,"Cyber Angel (also Frutiger Angelic, Digital Angel, Internet Angel) is an early-2020s Tumblr/Pinterest aesthetic that fuses 90s–2000s sci-fi anime, outdated internet technology and Y2K retrofuturism with angelic iconography. Recognize it by a high-key white–ice-blue–silver palette, overexposed ""angel glow"" blooms and lens flares, VHS scanlines and dithered anime halftone, old OS windows and media-player UI chrome, white-haired anime girls, feathered wings and halos, and curved white utopian architecture. The mood is tender, escapist and hopefully nostalgic — a digital heaven rendered in baby blue."
Cyber_Doll,aes/Cyber_Doll/SKILL.md,"Cyber Doll is a mid-2020s TikTok-born aesthetic of deliberately uncanny porcelain-doll self-portraits: faces digitally reconstructed (enlarged glassy eyes, shrunken nose and mouth, tiny V-line jaw, poreless pale skin) under muted, gloomy dark-pastel or near-monochrome filters. Signature elements include schoolgirl-coded sailor uniforms and gym wear or frilled white doll dresses, hair ribbons, plush props, cursive lowercase text overlays, and vertical phone-camera framing in plain domestic interiors. Recognize it by the tension between doll prettiness and obvious digital artificiality — the uncanny valley is the goal, not a flaw."
Cyber_Ghetto,aes/Cyber_Ghetto/SKILL.md,"Cyber Ghetto is a mid-2010s Tumblr-born fusion aesthetic, coined by Belgian artist Ruth Laveau, that welds late-90s/early-2000s hip-hop streetwear and bling to kawaii cute, seapunk teal, grunge distress and lo-fi digital graphics. Recognize it in flash-lit fit pics and accessory close-ups: neon-colored braids, rhinestone pendants and blackletter chrome script, holographic vinyl, mesh and baggy airbrushed denim, Japanese writing, smileys and aliens, camcorder timestamps and galaxy borders, in magenta, acid green, aqua and pastel pink anchored by black. Its mood is defiantly playful self-invention — a cyberspace refuge for the marginalized, nostalgic for a future that already looks dated."
Cyber_Grunge,aes/Cyber_Grunge/SKILL.md,"Cyber Grunge (a.k.a. Y2K Grunge or Military Y2K) is a 2020s streetwear aesthetic fusing 90s grunge earthiness with Y2K futurism: distressed, layered, androgynous outfits in black, gray, olive, khaki and washed blue, built on low-rise flared cargo pants, ""subversive basics"" with cut-outs and mesh, chunky platform boots, bucket hats or beanies, and tech accessories like oversized headphones and goggles. Recognize it by deadpan full-body lookbook or street-snap framing, utilitarian straps and pockets, star motifs and pearl necklaces, and a matte, faded grade — often rendered as grainy digicam photos, zine collages, or muted cel-shaded anime illustration. The mood is urban, utilitarian, nostalgically disillusioned."
Cyber_Stylin’,aes/Cyber_Stylin’/SKILL.md,"Cyber Stylin’ is the umbrella aesthetic of mid-2000s to early-2010s browser dress-up games, pixel Dollz and glossy fashion-girl illustration: vector-cel or airbrushed doll figures in Y2K wardrobes (low-rise jeans, mini skirts, crop tops, newsboy caps, waist chains, layered bling) set on flat pastel or boldly saturated pink-purple-white-brown-blue-black grounds. Signature reads are doll-asset compositions (full-body outfit displays, squad lineups, avatar busts), hard specular gloss on hair and lips, sparkle glints and script or bubble-font wordmarks. Load this skill when an image looks like customizable paper-doll art from the Flash-game web — feminine, playful, self-expressive — rather than photography, anime, or modern flat design."
Cyber_Swag,aes/Cyber_Swag/SKILL.md,"Cyber Swag (a.k.a. Night Swag, Snow Swag, Alt Swag) is an early-2020s TikTok/SoundCloud aesthetic that fuses Y2K-revival streetwear — baggy stacked jeans, shark hoodies, robbery masks, Hello Kitty/Sonic/Spiderman plush — with cybersigilism chrome stars, neon glow icons on black voids, and lo-fi digicam photography washed in a single oversaturated tint (violet, acid green, hot pink, deep blue, red). Signature elements: digital stars and sigil hearts, liquid-chrome Metalheart emblems, pixel dither and halftone textures, black gradient borders, foggy winter forests and after-hours urban flash snapshots, ""Ghastly Panic""-style font captions. Typical subjects: masked teens in color-matched hoodies, glowing flat icons, pixelated cartoon characters, money piles and lighters under translucent color washes."
Cybercore,aes/Cybercore/SKILL.md,"Cybercore is a 2020s Pinterest/TikTok revivalist aesthetic that remixes Y2K-era retro-futurism into a melancholic, ethereal edit: saturated electric blues, chrome silvers and harsh whites over CRT scanlines, Windows-95-style dialogue boxes, pixel cursors, flip phones and CRT hardware, late-90s anime girls and virtual idols, planets, angels, butterflies and four-point star sparkles, softened by pastel pink accents and tiny lyric text. Recognition hinges on cold blue-monochrome tinting, halftone/pixel textures, self-emissive screen glow, and legacy-software UI layers fused with organic or celestial symbolism. Mood is nostalgic, lonely, dreamlike — anemoia for an early internet the viewer never lived."
Cyberdelia,aes/Cyberdelia/SKILL.md,"Cyberdelia (cyberdelic) is the utopian techno-psychedelic aesthetic of the late 1980s to mid-1990s: primitive early CGI, fractal tunnels and kaleidoscopic mandalas rendered in fluorescent acid colors — magenta, cyan, acid green, hot orange, electric violet — glowing against black or deep-violet voids. Signature elements include chrome and oil-slick marbled 3D blobs, glossy orbs, radial starbursts, 3D metallic or iridescent typography, warped checker grids, and rave or hacking iconography carried on flyers, album covers and software ads. Recognize it by its euphoric, transcendent mood and deliberate early-90s digital primitivism, as opposed to cyberpunk's dystopian grit or vaporwave's muted irony."
Cybergoth,aes/Cybergoth/SKILL.md,"Cybergoth is the late-1990s electronic-industrial club style built on a black PVC/vinyl base cut with a single stark UV-reactive neon accent (green, pink, blue, orange). Its signature silhouette stacks synthetic dreadfalls (""cyberlox""), forehead-pushed goggles or respirator/gas masks, biohazard and circuit motifs, faux-fur ""fluffies"" and massive platform boots onto androgynous club dancers. Load this skill for neon-on-black rave-goth fashion, industrial-dance club scenes, and festival looks defined by lox, goggles, masks and platforms rather than by gothic-rock romanticism."
Cyberminimalism,aes/Cyberminimalism/SKILL.md,"Cyberminimalism (also called Cyberbougie) is a hyper-reductive digital-design aesthetic of the late 2010s tech web: a near-black or paper-white canvas holding little beyond grotesque sans-serif type, a strict module grid (often Apple-style bento tiling), and one luminous color gradient — smooth or grainy — glowing like a self-lit orb in the void. Typical subjects are landing pages, app UIs, product feature grids, brand identity boards and event posters, all rendered with premium sleekness, monochrome typography and vast negative space. Recognize it by black backgrounds, bento grids, black-or-white sans type, and gradients doing the only color work in the frame."
Cyberpop,aes/Cyberpop/SKILL.md,"Cyberpop (also called ""cyber"") is a 1990s Japanese retro-futuristic street and rave aesthetic that imagines the future as bright, neon and fun: hot pink, electric cyan, lime and holographic silver rendered in patent vinyl, faux fur and laser-cut acrylic. Signature elements are orbit rings and shoulder puffs on garments, wide-leg UFO pants, platform boots with fluffy leg warmers, cyberlox dread falls, chunky goggles or futuristic headphones, and space-motif jewelry (aliens, rockets, stars, shooting stars). Recognize it in Harajuku street fashion shots, club flyers, accessory display walls and Y2K-flavored game key art — always optimistic and party-leaning, never dystopian or dark."
Cyberprep,aes/Cyberprep/SKILL.md,"Cyberprep (post-cyberpunk) is the utopian mirror of cyberpunk: clean white and light-blue futurism of a leisure-driven society where cybernetics serve sport, pleasure and self-improvement. Expect high-key daylight or orderly neon, glossy white parametric architecture, glass-and-steel lattices, monorails and flying transit, holographic interfaces, friendly robotics and elegant prosthetics, rendered as polished digital paint or clean renders. Signature DNA: white/pale-ice-blue dominance with cyan and orchid accents, optimistic ""high tech/high life"" mood, and cityscape, cyberspace, technology and robotics as core motifs."
Cyberpunk,aes/Cyberpunk/SKILL.md,"Cyberpunk is the 1980s-born dystopian near-future aesthetic of ""high tech, low life"": night-time megacities drenched in neon cyan, magenta and violet, rain-slick streets mirroring kanji signage and holographic ads, chrome prosthetics and tactical techwear worn by marginalized outsiders. Recognize it by black-dominant frames lit by practical neon and screen glow, layered vertical density of megastructures and cable runs, smog haze, and machinic augmentation; subjects range from sublime city vistas and street-level crowds to studio-lit helmet studies and monochrome techwear lookbooks."
Cybersigilism,aes/Cybersigilism/SKILL.md,"Cybersigilism (aka Neo-Tribal / Gen Z Tribal) is a late-2010s Berlin club-born blackwork tattoo and graphic-design aesthetic built from needle-thin, blade-sharp spiky linework: bilateral sigils that fuse biomechanical circuitry, ""vamped"" hearts, stars and crosses, and illegible extreme-metal logotypes into cursed chrome-and-black glyphs. Its palette is black, charcoal and silver/chrome on void-black or paper-white fields, corrupted by deep-fried scan grain, airbrushed metal bevels and rave-flyer type blocks; typical subjects are tattoos on skin, band and rapper logos, album covers, streetwear prints and sigil-creatures."
Cybertwee,aes/Cybertwee/SKILL.md,"Cybertwee is a 2014 feminist net-art aesthetic that rewrites cyberpunk in pastel: pink and lilac washes, glitter, holographic film and kawaii emojis fused with LEDs, microchips and Y2K-era consumer tech like flip phones and GameCube controllers. Look for lace, ruffles, crystals, iced cookies, gentle selfies and soft low-poly 3D dreamscapes lit by LED glow — technology rendered tender, sincere and deliberately girly."
DIY_Punk,aes/DIY_Punk/SKILL.md,"DIY Punk (Xerox Punk, punk zine) is the cut-and-paste graphic language of the late-1970s British punk scene: threshold-black photocopied imagery, ransom-note cut-out lettering, marker-scrawled gig details and slapdash amateur collage on cheap off-white paper, in black ink with at most one flat spot color. Recognize it by halftone dot degradation, torn cut edges, typewriter type colliding with hand lettering, defaced official portraits and flags, and hand-annotated prices and dates on flyers, fanzine spreads and record sleeves."
DORFic,aes/DORFic/SKILL.md,"DORFic (also called PolySunk) is the corporate-industrial futurism of the mid-2000s to mid-2010s: stark white minimalist architecture, interfaces and cityscapes flooded with daylight and structured by saturated orange and yellow panels, hexagonal tech patterns and low-poly geometry. Signature elements include glossy reflective floors, glass curtain walls, halftone-dot and vector-swoosh graphics, near-monochrome techwear or business-casual figures with visors, gloves and protective gear, and a sanitized dark alternate mode of black rooms lit by glowing orange panels. Typical subjects are office interiors and congress halls, game and console dashboards, feature-phone and robot product shots, and athletic figures in motion through sterile white space."
Dadcore,aes/Dadcore/SKILL.md,"Dadcore is a late-2010s fashion aesthetic built on the deliberate adoption of the middle-aged suburban father's wardrobe: stonewashed denim, jorts, pleated trousers, faded promotional t-shirts, polar-fleece half-zips, windbreakers, washed baseball caps and chunky white ""ugly"" sneakers worn with visible athletic ankle socks. Its palette is heather grey, stonewashed blue, khaki, navy and faded primary tones; its register is unposed, comfort-first and anti-aspirational, captured as candid street snaps, domestic interiors, flat studio lookbooks or faded family-album portraits. Recognize it by the neither-oversized-nor-slim fit, honest laundered wear, mundane suburban props and deadpan mood; separate it from Normcore's blank anonymity, Gorpcore's technical gear, Eclectic Grandpa's curated vintage and Vacation Dadcore's resort context."
Dandy,aes/Dandy/SKILL.md,"Dandy is the late 18th–19th century British and French aesthetic of studied, effortless masculine elegance: impeccably tailored dark wool coats in black, midnight blue and charcoal, starched white linen cravats, top hats, walking canes, gloves and mirror-polished boots, carried with an air of cool nonchalance (sprezzatura). Its visual record runs through Regency fashion plates, lithographed portraits and early monochrome or sepia photography, all governed by a subdued palette where cut and fabric quality replace color and ornament. Recognize it by restraint: a sharp precise silhouette, white linen as the single bright note against sober darks, and a bored, detached, self-possessed pose."
Danish_Pastel,aes/Danish_Pastel/SKILL.md,"Danish Pastel (also Pastel Scandi, Dopamine Decor) is a 2020s Gen-Z interior and graphic aesthetic of bright candy pastels — pink, lilac, baby blue, soft yellow, pistachio — layered over naturally lit white rooms with simple Scandinavian furniture. Signature elements include wavy and scalloped mirrors, twist and bubble-cube novelty candles, wavy checkerboard rugs, pastel milk crate bins, blob-shaped ceramics, flat cut-out motivational posters, and tulips or houseplants in ribbed glass vases. Use when recognizing or generating airy, playfully cluttered domestic vignettes, product flat-lays, or flat vector graphics that feel optimistic, childlike and comforting rather than rustic, moody or neon-loud."
Dark_Academia,aes/Dark_Academia/SKILL.md,"Dark Academia is a mid-2010s internet aesthetic that romanticizes elite 19th-century European and Ivy-League schooling — candlelit libraries, Gothic and Neoclassical architecture, white marble busts, gilded-frame Old Master paintings, and prep wardrobes of tweed, sweater vests and pleated skirts. Its palette is black, deep brown, forest green, burgundy, tan and cream under chiaroscuro or sunless overcast light, carrying moods of melancholy intellectualism, mystery and decadence. Recognize it by annotated books, mahogany paneling, pointed arches, autumn-to-winter light, and a composed, reverent stillness."
Dark_Aero,aes/Dark_Aero/SKILL.md,"Dark Aero (aka Mata Nero / Frutiger Ego) is the sleek dark-mode offshoot of Frutiger Aero, c. 2001–2015: near-black graphite voids lit by aero glass, piano-black lacquer, chrome speculars and neon spectral accents (electric blue, teal, magenta, amber). Signature subjects are premium consumer and enterprise electronics — smartphones, consoles, media-player UIs, game menus, promo ads — plus equalizer pulses, spectrum columns, bokeh, auroras and holographic flares. Recognize it by glossy skeuomorphic realism floating in black; distinguish it from Frutiger Aero (no nature), Flat Design (gloss present), Hexatron (no hex grids) and Metalheart (no industrial metal)."
Dark_Cabaret,aes/Dark_Cabaret/SKILL.md,"Dark Cabaret (aka Punk Cabaret, Cabaret Noir, Brechtian Punk Cabaret) is the theatrical, music-born aesthetic that fuses Weimar-era cabaret, Victorian/Edwardian tailoring and burlesque costuming with punk and goth darkness: stark white mime-or-clown face paint with heavy dark-rimmed eyes and bold lips, bowler hats, pinstripe suits, corsets, candy-stripe stockings and fishnets, staged against red curtains, checkered floors, fairground machinery or bare studio voids. Its palette is soot black, bone white and oxblood red with muted sepia or slate intermediates and stark value contrast; its lighting is spotlight, candleflare or harsh flash falling off into black. Mood is grotesque elegance, dark humor and unsettling theatricality — performer portraits, double acts and revue tableaux with canes, parasols, teacups, pianos and accordions."
Dark_Circus,aes/Dark_Circus/SKILL.md,"Dark Circus (aka Dark Carnival, Haunted Circus, Creepy Clown) is the horror inversion of the vintage circus: soot-black and bone-white striped tents, oxblood crimson, tarnished gold and sepia fog, lit by wan Edison bulbs, candles and failing string lights. Signature elements are hand-lettered freak show banners, distressed ringmaster tailcoats and crushed top hats, cracked clown and pierrot greasepaint, harlequin diamonds, iron cages, marionettes and abandoned carousel rides. Rooted in Victorian sideshow iconography and codified by 1980s killer-clown horror plus The Night Circus's monochrome tents; expect low-key foggy lighting, decayed carnival architecture and menace lurking behind the spectacle."
Dark_Fantasy,aes/Dark_Fantasy/SKILL.md,"Dark Fantasy (Fantasy Horror) is a cinematic, pre-modern fantasy aesthetic inflected by horror — desaturated grades of black, midnight blue, deep forest green and dull silver, punctured only by small accents of blood crimson or candle-flame amber. Signature elements are crumbling stone castles and ruins, fog-choked spindly forests, corvids, bone and iron props, dripping candles, bloodied blades, and figures in heavy wool, leather and velvet (hooded cloaks, corsets, crowns, masks, blank pallid makeup) lit by a single dim source under overcast twilight. The mood is foreboding, melancholic and macabrely beautiful, privileging moral ambiguity and tragic fate over heroic triumph."
Dark_Girly_and_Sweet_Girly,aes/Dark_Girly_and_Sweet_Girly/SKILL.md,"Japanese boutique-kawaii fashion (2019–present) built on ultra-feminine blouses with Peter Pan or sailor collars, ribbon bows, raschel lace and high-waisted mini skirts, deliberately counterpointed by edgy hardware — heart-shaped buckles, eyelets, chains, cross charms, fishnets — and sad ""pien"" makeup. Coordinates obey a strict two-color law on a black or white base with muted pink, grey plaid or rare pastel accents, finished with platform loafers or multi-strap mary janes, lace stockings, twin tails with hime bangs, and mini backpacks or totes hung with plush keychains. Spans a ""dark"" pole (black, silver/gold hardware, garters) and a ""sweet"" pole (white and pink, rectangle headdresses, heart charms, also called Ryousangata), overlapping but not identical to Jirai Kei."
Dark_Naturalism,aes/Dark_Naturalism/SKILL.md,"Dark Naturalism is a 2020s Tumblr aesthetic that fuses Dark Academia's scholarly props with Naturecore's outdoors, relocating study to fogged conifer woods, damp field paths and the naturalist's desk. Its palette is sage and forest green, charcoal, bone cream and oxblood maroon; its signature elements are forest fog at liminal hours, pressed flowers and tea-stained field notes, open windows, linen-and-plaid layering, and respectfully kept bones, beetles and spiders. Recognize it by mist-softened trail light, specimen-and-notebook still lifes, weather-worn boot-and-skirt fashion, and a mood of quiet mystery and diligent curiosity."
Dark_Nautical,aes/Dark_Nautical/SKILL.md,"Dark Nautical (also Lighthousecore, Sailorcore) is a 2020s internet aesthetic of melancholic Atlantic maritime life: fog-swallowed lighthouses, storm seas, weathered rope, stone harbor cottages and lantern-lit windows, rendered in desaturated slate blues, sea greens, fog greys and sandy browns with film-grain muting. Recognize it by solitary sentinels against vast water, salt-worn materials, overcast or single-amber-point lighting, and an undercurrent of dread and isolation beneath a serene surface. It is the working-coast, grieving-coast counterpart to crisp prep Nautical, theatrical Pirate and sunny Coastal leisure imagery."
Dark_Nymphet,aes/Dark_Nymphet/SKILL.md,"Dark Nymphet is a 2010s Tumblr-born photo aesthetic of gloomy, grainy adolescence: a washed grey-blue film haze over black, bone white and oxblood red, with red lips, red nails and red props as the only saturated accents in frame. Signature elements include lace camisoles and ribbon corsets, mini skirts with Mary Janes or scuffed Converse and frilled socks, pearls and heart lockets, cigarettes in heart-shaped ashtrays, lollipops, cherries and ballet shoes, all rendered in analog grain, dust specks and melancholic stillness. Recognize it by its undone vintage-girl melancholy — Nabokov via Lana Del Rey — darker and grungier than Nymphet, romantic where Kinderwhore is punk."
Dark_Romanticism,aes/Dark_Romanticism/SKILL.md,"Pessimistic branch of the Romantic movement (late 18th–19th century, American and European), visualized as chiaroscuro scenes of psychological dread: ink-black and umber darkness pierced by one moon, candle, or phosphorescent apparition-glow, with bone-white shrouds, sickly greens and storm teals. Signature elements are sublime hostile nature (fog, thunderstorms, deep water, dark forests), ruined and funerary architecture, demons, ghosts, doppelgangers and witches, and emblems of death (skulls, biers, shrouds) staged around a small, guilty, obsessed or trance-bound human figure. Reads as literary illustration or visionary painting — matte, washed, etched or glazed — never glossy, never brightly lit, never hopeful."
Dark_Triad,aes/Dark_Triad/SKILL.md,"A monochrome, short-video-edit aesthetic born on TikTok around 2023 from looksmaxxing and blackpill culture, built on crushed-black, blown-white high-contrast portraits of sharp-jawed men in tailored suits or leather, classical statues, and gym steel. Its signature marks are the glowing triangular ""Dark Triad"" pyramid logo watermarked or flashing over footage, harsh chiaroscuro sidelight carving jawlines and ""hunter eyes,"" a chrome-and-grey palette occasionally skewed by a cold teal, green or violet cast or a single red accent, and vertical 9:16 framing with condensed all-caps captions. Recognize it by templated aggression: digital grain, posterized thresholds, cigarette smoke, and emotional detachment performed as dominance."
Darksynth,aes/Darksynth/SKILL.md,"Darksynth (also Dark Synthwave, Dreadwave, Slasher Synth) is the aggressive early-2010s offshoot of synthwave whose artwork fuses neon-noir cyberpunk dystopia with occult and satanic symbolism — pentagrams, inverted crosses, chrome skulls, masked killers — over near-black grounds flooded with magenta, deep red, electric blue and violet. Signature look: airbrushed comic-book illustration degraded by VHS grain and scanlines, chrome metal-style logotypes, glowing eyes and visors, neon perspective grids, and John Carpenter-esque 80s horror menace. Load this skill to recognize or generate ""retro-noir / cyber-doom"" imagery that is deliberately darker and heavier than outrun synthwave."
Dau_al_Set,aes/Dau_al_Set/SKILL.md,"Visual language of the post-Civil-War Catalan avant-garde (Barcelona, 1948–1956): dreamlike Surrealist-Dada imagery rendered as trembling calligraphic ink lines, esoteric sign-scatter (stars, crescents, sun-discs, open eyes, crosses, alchemical glyphs), and fantastic horned or masked creatures on bone-white paper or dark earthy ochre grounds pierced by isolated vermilion, cadmium-yellow and cobalt accents. Recognize it by distorted portraits annotated with astral symbols, checkered harlequin bodies, spindly insect limbs, handwritten Catalan text and dice/seven numerals, and by scratched, scrubbed matter textures that bridge toward Art Informel."
De_Stijl,aes/De_Stijl/SKILL.md,"De Stijl (Neoplasticism), the Dutch movement of 1917–1931, builds every image from straight horizontal and vertical black bars and flat rectangular planes of red, blue and yellow plus the non-colors white, black and gray, balanced asymmetrically into a ""dynamic equilibrium."" Recognizable in orthogonal grid paintings, color-blocked architecture and furniture (Rietveld's Schröder House, Red and Blue Chair), and revival fashion and product design; absolutely no curves, diagonals, shading or naturalistic representation. Mood is austere, utopian calm: reduction to essentials as a spiritual and social program."
Dead_Inside,aes/Dead_Inside/SKILL.md,"Dead Inside (zxc ghoul) is a post-Soviet 2010s teen subculture aesthetic built on a strict black-and-white monochrome punctured by a single blood-red accent — glowing red irises, red slashes, red duotone bursts. Its signature look pairs Tokyo Ghoul-derived manga art (screentone halftone, pencil crosshatch, inverted negative space, white hair over obscured faces) with lo-fi phone photos of teens in oversized black hoodies, checkered trousers and face-covering bangs. Recognize it by the black/white/red-only palette, halftone and ink-blot texture, hidden or manically grinning ghoul faces, and a numb, nihilistic phonk-avatar mood."
Death_Metal,aes/Death_Metal/SKILL.md,"Death Metal is the album-art and subculture aesthetic of the extreme metal subgenre born from early-1980s thrash: hand-painted gore tableaus, anatomical and skull iconography, dripping blood-red or chrome logos, and a lived uniform of long hair, beards, battle vests and camo pants. Its palette anchors on blood red, rust orange, bone white and void black, lit by theatrical single-source glow, with crafted painterly macabre (crypts, altars, corpses, écorché figures) fused to near-illegible metal typography. Recognize it against black metal's monochrome rawness, gorecore's photographic shock collage, and generic horror's cinematic polish."
Deathrock,aes/Deathrock/SKILL.md,"Deathrock is the early-1980s punk–goth hybrid born in Los Angeles clubs and London's Batcave, recognizable by the deathhawk (a teased, backcombed mohawk with long side pieces), corpse-white foundation with smudged black eyeliner and dark lipstick on all genders, ripped fishnets worn as tights, shirts or spiderweb sleeves, and hand-painted black leather covered in occult and B-movie horror lettering. Its palette is black-dominant with bone-white skin and sparse accents of blood red, purple or cold blue, typically delivered through grainy high-contrast monochrome or faded, flash-blown color snapshots. The mood is campy macabre theatre fused with DIY punk scruff: bats, spider webs, skeletons and cemetery motifs applied with safety pins, studs and uneven brushwork."
Decadence,aes/Decadence/SKILL.md,"Decadence is the fin-de-siècle (1880s–1890s) aesthetic of artificiality and morbid beauty, an extreme offshoot of Aestheticism and Symbolism embodied by Beardsley's ink plates, Wilde's Salomé and The Yellow Book. It reads in two registers: high-contrast black ink on ivory paper with flat black masses, lace-like stipple and thin ruled borders, or jewel-tone painting in deep purple, emerald, ruby, sapphire, old gold and sickly absinthe green. Signature content: cut orchids and lilies, absinthe and opium paraphernalia, femmes fatales and androgynous youths, peacock feathers, brocade and lacquer interiors, languid reclining poses carrying an erotic-macabre undertow."
Deco-Luxe,aes/Deco-Luxe/SKILL.md,"Deco-Luxe is the mid-1970s-to-early-1990s luxury revival of Art Deco and Streamline Moderne — lacquered jewel-tone or black-and-white interiors, chrome, polished brass, mirror and etched glass, sunbursts, chevrons and ziggurat steps held in symmetrical, low-key light. Typical subjects are hotel lobbies, lounges and restaurants, setback skyscrapers, airbrushed event posters and monogram-like corporate identities that broadcast 1980s materialism and status. Recognize it by gloss-plus-metal sheen, stepped symmetry and nocturnal glamor, as distinct from period Art Deco patina, Disco Deco club kitsch and Memphis Lite pastels."
Decon-dustrial,aes/Decon-dustrial/SKILL.md,"Decon-dustrial (Deconstructivist Industrial) is a late-1980s-to-early-2000s aesthetic of factory adaptive reuse in which skewed, intersecting steel and timber structures are left raw and exposed beside ductwork, raw cables, bolted plates and visible welds, in a palette of brown, black, white, yellow and orange punctuated by signal red. Signature elements include cage lights and halogen worklights, corrugated metal, OSB plywood, cinderblock, translucent polycarbonate sheet, exaggerated joints, and vintage commercial signage vernacular, composing rooms that read as frozen mid-construction or mid-collapse. Typical subjects are alternative clothing stores, trendy urban coffee shops, industrial loft conversions, jagged metal retail racks, open steel stairs, and early-digital-era heavy-tech graphic design."
Deconstructivism,aes/Deconstructivism/SKILL.md,"Late-20th-century architectural movement, catalyzed by the 1988 MoMA ""Deconstructivist Architecture"" exhibition, whose buildings fragment, tilt and collide — skewed non-rectilinear volumes, cantilevers that deny their supports, and collage-like assembly held in controlled chaos. Palette of muted metallics (titanium, stainless steel, zinc), exposed or painted concrete, curtain-wall glass and white enamel, punctuated at most by a single accent system such as folly red, pastel enamel paneling or patinated green. Recognize by destabilized massing that looks about to collapse, visible standing-seam or shingle cladding, sliced voids and abstract follies; subjects run from museums, concert halls and memorials to bridges, metro stations, fire stations and leaning towers."
Decoplex,aes/Decoplex/SKILL.md,"Decoplex (90s Deco Revival) is the 1990s–2000s third wave of Art Deco, built from neon-traced movie-multiplex architecture, chrome-edged diners and zigzag transit halls in vibrant neon red, yellow and blue over black or deep jewel grounds. Its signatures are towering vertical blade signs and fins, parallel speed lines, sunbursts and swoops, and thick center-extruded geometric type with polished metallic faces or neon edging. Typical subjects are theater entryways and lobbies, concession stands, aero-poster heroes, and deco-revival logos and title cards, all carrying a playful, cinematic nostalgia for Hollywood's golden age seen through a 1990s lens."
Decopunk,aes/Decopunk/SKILL.md,"Decopunk (Ottensian Dieselpunk) is the sleek, utopian half of dieselpunk — retrofuturism built on 1910s–1940s Art Deco and Streamline Moderne: stepped-setback ziggurat skyscrapers, sunburst ray fans, chevron and zigzag ornament, polished chrome and brass, zoot suits and bias-cut dresses. Its palette runs from vermilion/black/cream poster triads and gold-with-teal metallics to sepia monochrome and pastel painted cityscapes; subjects range from counterfactual ""world of tomorrow"" metropolises with airships and monorails to glamorous period figures and Deco-framed poster graphics, often with one anachronistic touch such as VHS in a lacquered cabinet. Recognize it by gleam: surfaces are polished, light is theatrical, and even its shadows keep their shine — grit and soot belong to dieselpunk, not here."
Decora,aes/Decora/SKILL.md,"Decora (Decora Kei) is a maximalist Japanese street fashion from late-1990s Harajuku whose visual DNA is accessory overload: rows of plastic hair clips, face stickers and band-aids, stacked bead bracelets, plush charms, tulle tutus and layered socks over leg warmers, all in a clashing neon-or-pastel rainbow palette. Recognize it by accessory density that obscures the base clothing, child-like character motifs (Sanrio, magical girls, Western cartoons), unnatural wig colors, and head-to-toe snapshot framing; subgenres stretch from pastel rainbow to black-based Dark Decora with horror kitsch."
Deep_Fried_Meme,aes/Deep_Fried_Meme/SKILL.md,"Deep Fried Meme is a mid-to-late 2010s internet aesthetic of deliberate image degradation — extreme saturation, HDR over-sharpening and repeated JPEG recompression that melt skin into batter-yellow and crush backgrounds into saturated red, acid green or laser blue. Its signature marks are lens-flare starbursts over the eyes, the 🅱️ emoji swapped into words, 😂/👌 stickers, and warped glow-haloed captions layered over low-poly cartoon characters or portrait faces. Recognize it by crunchy macroblock texture, posterized color bands and flare bloom: a loud, ironic, ""cursed"" anti-glossy look."
Dekotora,aes/Dekotora/SKILL.md,"Dekotora (""decoration truck"") is the Japanese art-truck aesthetic of the 1970s: working trucks rebuilt into rolling light-shrines of neon tubes, LED arrays, ultraviolet lamps and polished stainless, chrome and gold metalwork. Recognition hinges on tiered light towers and cantilevered light racks above the cab, elaborate grille guards and oversized bumpers, illuminated kanji name signage, airbrushed murals of dragons, gods and pop icons, and brocade-upholstered cabs with crystal chandeliers — all glowing neon teal, hot pink and electric green against night black."
Delicate_Sweet,aes/Delicate_Sweet/SKILL.md,"Delicate Sweet (also Pinkcore, Softette) is a mid-2010s Tumblr aesthetic of washed-out baby pink, cream and beige rendered in hazy, overexposed soft focus — lace trims, satin bows, doilies, vintage nightgowns, stuffed animals, pillows and soft sweets arranged in sleepy domestic interiors. Its signature elements are handmade textile detail (eyelet, scalloped lace, quilted cotton), faceless resting figures, overhead flat lays of comfort objects, and a mood of safety, innocence and self-care. Load this skill to recognize or generate faded-pink domestic tenderness and to separate it from Babycore, Morute, Cult Party Kei, Ethereal and Soft Girl."
Demoscene,aes/Demoscene/SKILL.md,"Visual language of underground real-time computer demos born in 1980s Europe: procedurally generated geometry and raster effects — starfields, copper-bar horizon gradients, interference rings, checkerboard grid floors — in electric blue, neon green and RGB primaries on high-contrast black, plus dithered pixel art, PETSCII/teletext character mosaics, chrome bevel logos and scrolling ticker text. Recognize it by visible computation: pixel grids, ordered dither, mathematically repeating patterns, and demo-screen grammar that flaunts technical virtuosity under file-size constraints."
Denpa,aes/Denpa/SKILL.md,"Japanese psychological-horror aesthetic of 1990s–2000s visual-novel culture, built on the collision of mundane urban Japan (tangled utility wires against overcast skies, rooftops, empty classrooms, CRT-lit rooms, liminal street corners) with intrusions of delusion: semi-transparent sketch figures, glitched monospace text, static, fleshy hallucination. Palette commits to one register at a time — static grey and ink black, deep night blue, desaturated teal-green, deceptively bright summer pastels, or hyper-saturated magenta moe façade. Recognize it by lo-fi grain, scanlines and dither, high-contrast chiaroscuro, isolated figures, and an undercurrent of paranoia and derealization humming beneath ordinary surfaces."
Devilcore,aes/Devilcore/SKILL.md,"Devilcore (also Demoncore) is a 2010s internet aesthetic of seductive occult transgression: red–black–grey duotones, horned and tailed silhouettes, inverted pentagrams and demonic sigils, blood, blades, candles, and fetish hardware (chains, harnesses, fishnet, stiletto heels). Its images are grainy, low-key and moodboard-like — backlit figures reduced to black shapes against blood-red fields, blasphemous religious icons, cropped legs and hands, lowercase caption boxes. Recognize it by the triad of red field + black silhouette + occult or dominance glyph; it flirts where Catholic Horror fears, and stylizes where Gorecore mutilates."
Dieselpunk,aes/Dieselpunk/SKILL.md,"Dieselpunk is the retrofuturism of the interwar-to-1950s machine age: riveted steel tanks, armored trains, zeppelins, biplanes and walker mechs set beneath soot-stained Art Deco and Streamline Moderne skylines. Its palette is black, gunmetal grey, olive drab and rust, punctuated by brass, bone-cream and poster vermilion; its mood swings between wartime grit, film-noir shadow and Jazz-Age Deco optimism. Recognize it by rivet rows and engine-turned aluminum, vacuum-tube electronics, propaganda-poster graphics, and period dress — trench coats, fedoras, aviator caps and goggles, mechanic overalls."
Digital_Horror,aes/Digital_Horror/SKILL.md,"Digital Horror (also Internet Horror or Flash Horror) is the horror of the early web, roughly late 1990s to early/mid 2010s: lo-fi game captures, corrupted Flash cartoons, cursed web pages and haunted home-video edits rendered with pixelation, JPEG smear and period software chrome such as Bandicam watermarks, Windows Movie Maker title cards and Comic Sans. Its palette swings between black-and-blood-red monochrome, desaturated olive-gray murk, bone-white on black, and garish early-web pastels invaded by darkness, always organized around a nostalgic children's-media object twisted wrong. Recognize it by compression artifacts plus obsolete interface typography plus a single uncanny deviation inside an otherwise innocent digital frame."
Diner,aes/Diner/SKILL.md,"Diner is the aesthetic of the 1950s American roadside diner: vinyl booths, checkered floors, chrome counters, neon ""OPEN 24 HOURS"" signage, and hearty comfort food — pancakes and eggs, burgers and fries, pie, milkshakes, Coca-Cola in glass. Its palette runs from warm, sun-faded cream, cherry red and turquoise in the traditional mode to saturated candy pink and neon glow in the modern mode, always carried by analog snapshot warmth and period service culture (uniformed waitresses, jukeboxes, napkin dispensers, memorabilia-covered walls). Recognize it by the combination of a working restaurant interior, plated American comfort food, and homey mid-century commercial decor."
Diner_Kitsch,aes/Diner_Kitsch/SKILL.md,"Diner Kitsch is the 1970s-onward nostalgic revival of 1940s–50s American diner, drive-in and malt-shop culture — black-and-white checkerboard floors, chrome-trimmed counters, channel-tufted vinyl booths, neon signage, jukeboxes and carhop waitresses, rendered in mint, turquoise, hot pink and cherry red. Recognize it by its revival-media lens: airbrushed album covers and movie posters, menu and business-card graphics with tail-fin script type, and blue-hour photography of glowing roadside neon, all staging an idealized, carefree mid-century roadside America rather than documenting it."
Dionysism,aes/Dionysism/SKILL.md,"Dionysism is a two-strain hedonistic aesthetic descended from the ancient Greek cult of Dionysus: dilapidated marble statues, ivy and grape clusters, and metal goblets brim-full of wine on one side; grainy night rooftop parties, red-washed smoky basements, and toga-clad friends on the other. Its palette anchors on wine red, black, earthy brown and linen cream, punctured by saturated party-color light washes; its signatures are spilled wine, draped linen, garlanded skin, and disorderly feasting. Recognize it by the marriage of classical antiquity with intoxicated night euphoria — never orderly, never sober, never glossy."
Disco,aes/Disco/SKILL.md,"Disco is the nightclub-born visual culture of 1970s New York and Philadelphia: mirrored disco balls scattering pinpoints of light across dark rooms, pulsing light-up dance floors, and bodies in sequins, Lurex and metallic polyester cut for movement. Its palette is metallic chrome and gold plus saturated neon magenta, violet, cyan, red, orange and yellow firing against near-black night interiors, rendered in grainy saturated film with halation and strobe echo-trails. Recognize it by mirror-sphere light scatter, platform shoes and bell-bottoms, androgynous glitter glamour, and euphoric communal dance-floor energy."
Disco_Deco,aes/Disco_Deco/SKILL.md,"Disco Deco (also called Psyche-Deco) is the mid-1960s-to-1970s revival of Art Deco geometry fused with disco-nightclub hedonism: bilaterally symmetric supergraphics, heavy geometric display typefaces, concentric rainbow arches, stepped ziggurats and stylized sunbursts in saturated yellow, red, orange, magenta, electric blue and teal, set on cream or black grounds or inside mirrored club interiors glowing with amber, purple and electric-blue light. Recognition hinges on the marriage of sleek jazz-age symmetry with party energy — disco balls, silver foil, sequins and lamé, medallion portraits, tunnel-like receding arches, and arced geometric lettering. Load this skill when an image or brief shows deco structure pushed into acid-bright, nightlife-saturated color."
Disco_Polo,aes/Disco_Polo/SKILL.md,"Polish post-communist dance-pop kitsch of the late 1980s to mid-1990s — cassette-stall compilation covers and low-budget music videos built on clashing neon saturation, chrome- and rainbow-gradient 3D beveled lettering, sunburst rays, starburst badges, halftone dots and cutout sticker photos of gel-haired performers in shiny suits and gold chains. Recognize it by primitive green-screen compositing, rented-limo and hotel-pool aspiration, wedding-hall party scenes and cheap offset-print gloss, all delivered with sincere provincial joy rather than irony or minimalism."
Divine_Machinery,aes/Divine_Machinery/SKILL.md,"Divine Machinery is a 2020s techno-sacral aesthetic that fuses CRT-era hardware — cable bundles, motherboards, monitor walls, transmission towers, e-waste assemblage — with Christian, especially Catholic, iconography: crucifixes, sacred hearts, angels, neon-lit cathedrals. Its ground is near-black, lit only by machine emission in phosphor green, BSOD blue and alarm red, with glitch, scanlines and pixel/terminal text functioning as liturgy. Recognize it when hardware is arranged as relic, altar or angel — the machine as divine messenger, the human as creator-god."
Dizelaši,aes/Dizelaši/SKILL.md,"Sanctions-era 1990s Serbian (Belgrade) street subculture look — bold color-blocked nylon tracksuits with trouser legs tucked into socks, black bomber jackets, baggy Diesel jeans, Nike Air Max sneakers, thick gold chains, shaved heads and aviator sunglasses worn even indoors at night. Saturated teal, magenta, purple, red and neon panel blocks set against concrete, brick arches and flash-lit club darkness, photographed as dense crew group portraits. Signals turbo-folk toughness, scarcity-era materialism and street credibility; also covers the cleaner Neo-Dizelaši revival variant."
Dokukawaii,aes/Dokukawaii/SKILL.md,"Dokukawaii (""poison cute"", aka Dokukawa or Neon Gore) is a 2010s Japanese aesthetic of maximum-saturation neon rainbow clashing with sickly medical-toxic motifs — gas masks, pill capsules, slime, bleeding void-eyes, keep-out tape. It renders cute girls, creature mascots and dolls in flat graphic poster or maximalist-clutter treatments with bold outlines, halftone dots and ironic Japanese/English slogans. Recognize it by its ""eye poison"" effect: candy-kawaii substrate pushed to acid saturation with a morbid, toxic sting."
Dollar_Store_Vernacular,aes/Dollar_Store_Vernacular/SKILL.md,"Dollar Store Vernacular is the cheap-commercial design language of 1990s–2000s local advertising: WordArt bevel-and-emboss logos, hard-edged photo cutouts pasted over starfield or sky gradients, clashing red/yellow/orange/blue/green on black, and overstuffed flyers, pop-up ads, infomercial frames and knock-off packaging loaded with prices, toll-free numbers and fine print. Recognize it by information overload, unaliased pasted edges, starburst price bursts, skeuomorphic clipart and sincere bargain hype; it lives on local TV commercials, small-business catalogues, shareware boxes, fairfood signs and convenience-store windows."
Dollcore,aes/Dollcore/SKILL.md,"Dollcore (ドーリー系) is a 2010s Japanese aesthetic built around ball-jointed and porcelain dolls: poofy empire-waist Lolita-derived dresses, peter pan collars, satin ribbons, ball-jointed tights, chunky platform Mary Janes and faceted gemstone hearts, all sunk in soft-focus, low-contrast haze. Recognize it by doll stillness — posed joint angles, masked or face-hidden figures, porcelain matte makeup — across a two-register palette of dusty porcelain pastels (blush, lavender, mint, cream) and mourning black against porcelain white. Typical subjects are the dolls themselves, ""living doll"" masked models, headless coordinate detail studies, accessory flat lays and dreamy collage edits with script captions."
Dollette,aes/Dollette/SKILL.md,"Dollette — the name adopted in the early 2020s for the delicate wing of Coquette — is a hyperfeminine soft aesthetic of the 2010s Tumblr lineage: dusty blush pink, ivory and beige in faded, low-contrast light, built on bows and ribbons, lace-trimmed milkmaid and babydoll tops, ditsy florals and gingham, pearls, lip gloss and perfume bottles, pointe shoes and romance ephemera arranged on floral patchwork quilts. Typical images are flat lays, hanger and dress-form garment shots, mirror selfies, shabby-chic pink bedrooms, and still lifes of love letters, vintage cakes and tea cups. Recognize it against Balletcore (dancewear-first), Bubblegum Coquette (saturated candy pink), Dollcore (porcelain-doll artificiality), Dark Nymphet and Waif (grunge, despair, sexualized narrative)."
Dolly_Girl,aes/Dolly_Girl/SKILL.md,"Dolly Girl is the mid-1960s London Mod-born fashion aesthetic of exaggerated childlike femininity: shapeless babydoll A-line mini dresses with Peter Pan collars, puffed sleeves, lace and ribbon trim, in nursery pastels (baby pink, powder blue, mint, lemon) plus gingham and daisy prints, worn with white tights, knee socks and flat Mary Janes. Signature cues are doll-eye makeup (heavy lower-lash mascara, drawn crease, pale lips), teased hair with blunt fringe or a pixie cut, satin bows and plush-toy props, and high-key studio or magazine-print presentation with halftone grain. Recognize it by the trio of above-knee hemlines, pastel nursery palette and gamine doll posing — not by any single garment."
Dolly_Kei,aes/Dolly_Kei/SKILL.md,"Dolly Kei (also Antique Kei) is a 2010s Japanese fashion aesthetic built on dark antique layering — black and deep jewel-tone velvets, distressed lace and embroidery, faux fur, and large creepy-fairytale accessories like lace chokers and skulls, drawn from Grimm and Andersen rather than Disney. Its images are candlelit, horror-vacui antique-shop interiors and thrifted vintage coordinates with braids, worn hems and clashing patterns, all soaked in amber lamplight. Recognize it by low-key warm lighting, maximalist clutter of taxidermy, bones, dried herbs and glass-front cabinets, and a battered, uncanny storybook mood."
Doomer,aes/Doomer/SKILL.md,"Doomer (Doomerwave) is a late-2010s internet aesthetic of pessimistic urban desolation: Soviet-era Khrushchyovka panel blocks, Brutalist concrete and post-industrial streets photographed at night, in winter snow, or under fog and overcast, all pulled toward a muted cold palette of grey, navy blue, black and dim purple. Signature elements include VHS/glitch media degradation, sparse warm window lights in vast dark facades, empty snowbound courtyards and tram lines, and optionally the crude beanie-and-hoodie Wojak figure or a nihilistic caption line. Recognize it by gloom-filtered low contrast, absent or tiny human presence, and a mood of resigned alienation rather than ruin spectacle or cozy nostalgia."
Dopamine_Dressing,aes/Dopamine_Dressing/SKILL.md,"Dopamine Dressing (多巴胺风) is an early-2020s, China-born fashion and interior aesthetic built on flat planes of highly saturated color blocking — hot pink, tangerine, sun yellow, neon green — with simple fruit, candy, smiley and rainbow motifs, glossy plastics and jelly accessories against plush maximalist silhouettes. Recognize it by coordinated contrasting chroma in every dominant surface, high-key shadowless lighting, lustrous light-reflecting materials, and an overtly optimistic, playful mood across lookbooks, open-plan interiors, product flat-lays and bilingual poster graphics."
Downtown_Girl,aes/Downtown_Girl/SKILL.md,"Downtown Girl (NYC Girl) is a 2022-born TikTok/Pinterest aesthetic romanticizing downtown city life through a 1970s–2000s lens: overcast or dusk-lit streets, subway windows, fire escapes and scaffolding, bookstores, record shops and cafés, all shot like a grainy digicam or film snapshot. Its palette is black, off-white, beige, coffee brown and denim with oxblood-red punctuation; its signature objects are oversized thrifted sweaters and band tees, combat boots and Doc Martens, canvas ecobags, over-ear headphones, vinyl and CDs, electric guitars, annotated books, cats and grids of ceramic coffee mugs. Recognize it by cozy autumnal urban intimacy and soft-grunge nonchalance, never glossy wealth or hyper-feminine polish."
Dragoncore,aes/Dragoncore/SKILL.md,"Dragoncore is a 2010s Tumblr-born aesthetic of draconic elegance and curated hoards — painterly dragons and still-lifes of coins, gemstones, crystals, pearls and fine jewelry in dark jewel tones (black, oxblood red, deep green, brown, grey) lifted by gold and silver glint. Signature elements include guardian dragons coiled over treasure, elemental palette families (fire, earth-crystal, water, air, ice), dim refined lighting, serpentine graceful creature design, and an opulent-but-tasteful, well-kept mood descended from Tolkien, Pern, Eragon, Wings of Fire and Dungeons & Dragons."
Draincore,aes/Draincore/SKILL.md,"Draincore is a late-2010s/early-2020s fan-born internet aesthetic from Drain Gang's SoundCloud/Tumblr/TikTok communities: maximalist, trashy-glossy digital collages fusing Y2K chrome, excessive sparkles and lens flare, glitch and chroma damage, low-resolution anime and distorted clip art, black-metal lettering, and kawaii fairy/flower motifs over blown-out white or acid-neon fields. Recognize it by noisy layered overlays, fake digital decay, ""cute-plus-decay"" juxtapositions, and a parallel earth-toned 90s-hip-hop streetwear fit-pic branch (baggy jeans, trucker caps, bling belts, androgynous layering). Mood is hyper-ironic, vulnerably nihilistic, Y2K-nostalgic."
Dreamcore,aes/Dreamcore/SKILL.md,"Dreamcore is the surreal early-2020s internet aesthetic of dream-logic space: low-poly 3D suburbia, domestic interiors and poolrooms washed in hazy pastel lavender-pink-peach light over saturated CGI lawns, with rainbows, solid clouds, floating eyes, winged angels, mushrooms and sparse cryptic red text. It pairs comforting nostalgic emptiness with one quietly wrong element, rendered in kitschy early-CGI or soft-grain photo-edit texture. Load this skill to recognize or generate dreamlike liminal suburbia, eye/mushroom/angel dream motifs, or pastel-haze dreamscapes that comfort and unsettle at once."
Dreampunk,aes/Dreampunk/SKILL.md,"Dreampunk is a mid-2010s internet aesthetic born from sample-free, ambient offshoots of vaporwave and from cyberpunk's night-city mythology: rain-soaked megacityscapes at night, lit by magenta, violet and cyan neon, populated by isolated figures or no one at all, and veiled in fog, film grain and light glitch corruption. Recognize it by deep blue–purple–black palettes with small-area neon accents, wet reflective asphalt, dense vertical CJK signage, dreamlike haze and album-cover typography. The mood is lonely, introspective and cinematic — a city experienced as a dream, never as an action scene."
Dreamy_Indie_Girlhood,aes/Dreamy_Indie_Girlhood/SKILL.md,"Early-2010s Tumblr photographic aesthetic of teenage girlhood shot on hazy analog film — washed pastel rainbow, overexposed highlights, light leaks, glitter and sticker overlays, cluttered suburban bedrooms, flower crowns, tulle skirts and Mary Janes. Born from Rookie Magazine and Petra Collins's ""female gaze,"" it favors moody, inward, unpolished intimacy: still lifes of girly totems, melancholy childhood mementos, sun-flared fields and water. Recognize it by film grain plus pastel fade plus DIY collage hand plus adolescent interiority, never by glossy polish."
Dresiarz,aes/Dresiarz/SKILL.md,"Polish working-class youth subculture of the late-1980s–1990s post-communist transition, defined by the full tracksuit uniform — frequently bootleg Adidas/Nike/Puma polyester with three-stripe piping — paired with athletic sneakers, shaved or buzzed heads, and concrete housing-estate (blokowiska) backdrops. The palette splits into a saturated sportswear layer (navy, black, heather grey, optic white, color-block panels of brick red, teal, bottle green, cream) set against a desaturated environment of concrete, peeling plaster and overcast sky, captured in flat daylight or harsh compact-camera flash. Recognize by crew group poses with deadpan stares, older BMWs and Fiats, pit bull-type dogs, and an amateur snapshot medium; mood is street bravado, group loyalty and materialist swagger, often filtered through satirical Polish media parody."
Drift_Phonk,aes/Drift_Phonk/SKILL.md,"Drift Phonk is the TikTok-era visual language of Russian-born aggressive phonk and drift-car culture (late 2010s onward): night-time JDM-style drift cars and skulls rendered in purple-magenta duotone with acid-green neon accents, crushed blacks, and VHS scanline/glitch degradation. Its signature carrier is square cover art pairing cars and/or skulls with jagged all-caps metal-style lettering, underglow neon, tire smoke, and meme-internet stickers. Recognize it by its cool purple/green/white/blue/gray palette, nocturnal emissive lighting, and degraded broadcast texture — never daylight, never clean."
Dungeon_Synth,aes/Dungeon_Synth/SKILL.md,"Dungeon Synth is the cassette-trading visual language of early-1990s black metal's ambient offshoot: xerox-degraded monochrome, candlelit corpsepaint portraits, chainmail coifs, and naive medieval-fantasy paintings of castles, ruined towers, misty conifer forests and winter mountains. Its palette is muted black, grey, moss green, brown and parchment, sometimes washed in a single cold blue or violet duotone, framed by blackletter or typewriter typography and tape-insert layouts. The mood is escapist, melancholic, archaic and deliberately lo-fi — photocopy grain, scan noise and hand-dubbed cassette artifacts are marks of authenticity, not flaws."
Dunhuang_Feng,aes/Dunhuang_Feng/SKILL.md,"Dunhuang Feng is the Chinese aesthetic descended from the Silk Road Buddhist art of the Mogao Caves (4th–14th c.), built on saturated matte mineral pigments — malachite teal, azurite blue, lead-red terracotta, earth ochre, kaolin white — applied in fluid contour linework with soft gradient shading. Its signature elements are ribbon-trailing flying apsaras (feitian), concentric lotus zaojing ceiling medallions, mild-featured Buddhas and Bodhisattvas with halo rings, dense orderly narrative mural bands, and desert-oasis frontier landscapes; its modern branch recycles these into a warm-toned guochao design system for fashion, packaging, interiors, games and stage. Recognize it by the cool-teal/warm-red mineral tension, ordered decorative abundance, and sacred flight-without-wings."
Dutch_Golden_Age,aes/Dutch_Golden_Age/SKILL.md,"Seventeenth-century painting of the Dutch Republic — intimate, meticulously observed scenes of domestic life, civic and individual portraiture, still life and low-country landscape, built on somber earthy browns, ochres and greys with reserved accents of ultramarine, vermilion and lemon yellow. Signature elements are chiaroscuro light from a single window or source, luminous linen whites and pearl highlights emerging from warm shadow, and jewel-precise rendering of textures such as wool, satin, glass, wood and feather. Typical subjects are letter-readers and servants at their tasks, merry companies, guild and anatomy group portraits, vanitas and banquet tables, dune flats under cloud-heavy skies, and costumed character heads."
E-Boy,aes/E-Boy/SKILL.md,"E-Boy (""electronic boy"") is the late-2010s TikTok-born youth aesthetic of young men in layered black streetwear — oversized graphic tees over striped long-sleeves, ripped skinny jeans, platform combat boots — hung with silver chains, padlock pendants and cross jewelry, topped by middle-parted curtained hair, often dyed, with chipped black nail polish. Its palette is strictly black-white-silver over concrete gray, shot in lo-fi phone-native frames (mirror selfies, wall fit-checks, grainy liminal candids) with cool desaturated grading and a performatively sad, deadpan pout. Recognize it by the combination of chain hardware, center-parted hair and online-selfie framing; it differs from emo and scene by its monochrome restraint and from E-Girl by its absence of makeup grammar."
E-Girl,aes/E-Girl/SKILL.md,"E-Girl is a late-2010s TikTok-born online-persona aesthetic mixing dark alternative fashion — oversized band tees, pleated plaid skirts, fishnets, chain belts, spiked chokers — with kawaii softness: plushies, hot-pink accents, anime and gaming props. Its face signature is heavy winged eyeliner, blush swept horizontally across the nose bridge, and drawn-on hearts or tears under the eyes, framed by blunt bangs and split-dye or streaked pink/pastel hair. Recognize it by phone-native vertical framing (high-angle selfies, headless outfit checks), bedroom sets lit by ring light or pink/purple LED strips, and a black-dominant palette with pink, red or lilac accents in either desaturated fade or neon-saturated treatment."
Early_Cyber,aes/Early_Cyber/SKILL.md,"Early Cyber is the raster-shock graphic language of the first desktop-publishing wave, peaking mid-1980s to mid-1990s: thermographic false-color portraits, heavy pixelation and dot-matrix fields, fractal swirls and warped display type collaged against flat geometric vector blocks. Its palette is rainbow-as-data — heat-map ramps, neon-on-black, pastel airbrush — applied to album sleeves, magazine covers and poster prints carrying cyberpunk-era optimism and dread. Recognize it by pixel-sorted faces, posterization, glow halos, head-up-display grids and panelled collage layouts with bitmap or stretched serif typography."
Earth_Tones,aes/Earth_Tones/SKILL.md,"Earth Tones (Fall Tones) is the American commercial and interior design aesthetic of roughly 1973–1984, built on chocolate brown, burnt orange and harvest yellow, rounded supergraphic circles and concentric arcs, wood veneer paneling, shag carpet and soft serif or rounded lowercase logotypes. Recognize it in faded-film photos of paneled dens, hotel rooms and camper interiors, in storefront signage and print ads where concentric color bands carry the composition, and in its 21st-century nostalgia revival with softened green-and-blue palettes. It reads as cozy, pragmatic post-oil-crisis warmth — never neon, never chrome, never hand-made folk."
Earthy_Black_Girl,aes/Earthy_Black_Girl/SKILL.md,"Earthy Black Girl (aka Black Girl Boho) is a 2020s TikTok-born Afrocentric Neo Soul revival aesthetic centered on Black women: earthy terracotta, olive and cocoa browns lifted by Pan-African gold, red and green; waist beads, cowrie shells and layered gold jewelry over bare skin; headwraps and heat-free textured hair; crochet, linen and Kente/Ankara/bogolan prints; Kemetic and Adinkra symbols worn beside moon phases and lotus glyphs. Typical images are warm, faded, intimate mirror selfies, garden portraits, outfit collages and flat-lays. Recognize it by the triad of beaded adornment, diaspora spiritual symbols and soft analog warmth — never by one fixed scene."
Easter,aes/Easter/SKILL.md,"Seasonal holiday aesthetic of Christian Resurrection Sunday, built on a bright pastel palette — mint, baby pink, butter yellow, lavender, white and fresh green — and folk symbols of renewal: dyed eggs in straw nests and wicker baskets, bunnies, chicks and lambs among spring grass, tulips and blossom sprigs. Soft high-key daylight, matte natural textures (hay, wicker, eggshell, ceramic, kraft paper) and a tender, playful, hopeful mood carry it across registers from rustic lifestyle photography to flat vector clipart and watercolor greeting art. Recognize it by the egg-and-bunny symbol set plus pastel eggshell color logic; separate it from plain spring imagery by its holiday symbols, and from Christmas or Halloween by its light-valued palette and daylight."
Eclectic_Grandpa,aes/Eclectic_Grandpa/SKILL.md,"Eclectic Grandpa (Grandpacore) is a 2020s TikTok/Pinterest microtrend of curated vintage menswear — oversized topcoats, shaggy cardigans, cricket vests, corduroy and quilted jackets, high-waisted wide trousers, sensible loafers or retro sneakers — in earthy neutrals punctuated by sparing bright accents. Recognize it by slouchy layered silhouettes, quietly clashing heritage patterns (houndstooth, pinstripe, gingham, cable knit), baseball caps and tinted glasses, and a nonchalant comfort-first mood captured in candid daylight or collage flat-lays."
Eco-Beige,aes/Eco-Beige/SKILL.md,"Eco-Beige (also Eco-Rustic) is a late-1980s-to-mid-1990s commercial aesthetic of performed naturalism: unbleached linen, kraft paper, twigs, raffia straw, exposed wood and brick, in a beige-cream field accented by sage green, bark brown and dusty blue. Recognize it by hand-tied twine and cloth-wrapped packaging, pressed botanicals and tree-or-leaf brand marks, stripped-down boutique, spa and wellness interiors, and soft, grainy, low-contrast light that reads homespun and authentic. It is the brand-facing, rustic subsect of Zen-X, born from 1990s environmental consciousness and often deployed as greenwashing."
Edwardian,aes/Edwardian/SKILL.md,"Edwardian (1901–1910, Britain and its global echo) is the aesthetic of the pre-WWI ""long summer"": ivory lace, silk satin and chiffon in pale pastels with gold and jewel-tone accents, the S-bend ""pouter pigeon"" silhouette crowned by enormous feather-and-flower hats, tailor-made walking suits, morning coats and Homburgs, tennis lawns, parasols and tea tables. Recognise it by formal upright portraiture in soft diffused light or in sepia and silver photographic registers, airier Baroque Revival and Queen Anne interiors carrying Art Nouveau ornament, and a mood of optimistic, class-coded leisure. It sits between Victorian gloom and 1920s modernism, lighter in palette and posture than the first and far more formal than the second."
Egyptian_Revival,aes/Egyptian_Revival/SKILL.md,"Egyptian Revival is the Western monumental and decorative design language of c. 1800–1850 (with a Victorian afterlife) that recasts ancient Egyptian mass into crisp nineteenth-century masonry and objects: battered pylon gateways, cavetto cornices, lotus-bud and palm-leaf columns, obelisks, winged sun disks and paired sphinxes, in sandy beige, ochre and terracotta stone or in black marble and patinated bronze picked out with ormolu gold. Recognize it by strict bilateral symmetry, sloping trapezoidal silhouettes, cemetery/memorial programs, hieroglyph banding, and a solemn, geometric stillness."
Electro_Swing,aes/Electro_Swing/SKILL.md,"Electro Swing is the visual arm of the swing-house music scene: a 2010s internet-born ""anachronism stew"" that remixes 1920s–1950s archive material — sepia paper, halftone photo cutouts, flappers, tin robots, gramophone horns — with modern intrusions like neon signage, headphones and flat vector bounce. Recognize it by a desaturated sepia/grayscale/cream base spiked with electric blue or magenta neon, rubber-hose characters caught mid-dance, sunburst poster layouts, distressed film grain, and stacked Art Deco, circus or letterpress typography. The mood is always celebratory: a party where the archive and the dance floor collide."
Electroclash,aes/Electroclash/SKILL.md,"Electroclash is the ironic late-1990s/early-2000s revival of 1980s new wave and electro, filtered through techno-era graphic design: jet black, metallic silver and stark neon (hot magenta, signal red, electric yellow, cyan) deployed as xerox duotones or airbrushed vector gradients. Signature elements include analog synthesizers and vocoders held as props, Liquid Sky-derived androgynous glam with clashing makeup, fishnet, sequins and plastic visors, deadpan robotic performance poses, and DIY cut-and-paste collage set with ransom, stencil or thin outline-script type. Typical subjects are monotone performers, staged club tableaux, flash-burned fashion portraits, and flat graphic covers built from hard-edged color fields."
Electronic_Body_Music,aes/Electronic_Body_Music/SKILL.md,"Electronic Body Music (EBM) is the stark visual language of the early-1980s Düsseldorf–Brussels post-industrial electronic scene: a monochrome uniform of black, grey, white, signal red and olive drab; military surplus, leather harnesses, ribbed tank tops and fresh-cut crops; Socialist-Realist hammer-and-cog emblems, stencil capitals and constructivist poster geometry; grainy analog video and high-contrast photography of anonymous, disciplined bodies posed as workers and commanders. Load this skill to recognize or generate EBM album sleeves, club posters, band portraits and video stills, and to keep them separate from Aggrotech horror, Cybergoth neon, Rivethead gear-clutter and New Beat psychedelia."
Emo,aes/Emo/SKILL.md,"Mid-2000s MySpace-era subculture look and its DeviantArt illustration twin — jet-black straightened hair with a long side-swept fringe over the eyes, skinny jeans, tight band tees, studded belts, Converse, heavy eyeliner on all genders, in a black-dominant palette pierced by blood red, paper white, or a single neon ""coontail"" streak. Signature content runs from flash-blown mirror selfies and suburban outfit shots to sketchy pencil-textured chibi line art with broken hearts, skulls, stitches and huge empty eyes. Confessional, melodramatic, tender-angst in mood; distinct from goth, scene, and the later e-kid and emo-rap styles."
Emo_Rap,aes/Emo_Rap/SKILL.md,"Visual language of mid-2010s SoundCloud emo rap — black-dominant frames cut with white line-work and blood-red or violet-magenta accents, dyed dreadlocks and face tattoos, silver chains over ASSC/Thrasher/Vlone/FTP hoodies, withered roses, broken hearts, skulls, barbed wire and weeping nostalgic-cartoon edits. Rendered through lo-fi processes: direct-flash snapshots, xerox paper grain, glitch/datamosh smears, red or purple duotone washes, scrapbook collages of handwritten notes and Polaroids. Subjects are lone melancholic figures, masked hooded avatars, object still-lifes and minimal icon-on-black album graphics expressing grief, numbness and confessional vulnerability; peak era 2016–2020."
Equestrian,aes/Equestrian/SKILL.md,"Equestrian is the aesthetic of horseback riding as a practiced craft: horses, tack (saddles, bridles, bits, stirrups) and the disciplined partnership between rider and animal, dressed in English or Western riding attire. Its palette is earth colors, white, tan and muted blue — dappled grey coats, tan breeches, black velvet helmets, oiled brown leather — lit by soft overcast arena light, high-key noon sun, or moody stable shadow with breath steaming in cold air. Recognize it by tack close-ups, braided manes, tucked-in show shirts, sand footing, and quiet moments of connection in stables, show rings and paddocks."
Erokawa,aes/Erokawa/SKILL.md,"Erokawa is the Japanese cute-erotic aesthetic coined by Kumi Kōda in 2005, fusing kawaii sweetness with lingerie-level eroticism under a pink-and-white pastel regime. Signature elements: kawaii lingerie (frilled bralettes, bloomers, lace trim), fashion harnesses and garter straps, lace chokers and collars hung with heart padlocks, cat ears, and maid-style frills, rendered in high-key soft light across photo lookbooks, pastel anime illustration, and pink-duotone manga panels. Subjects are sexy-cute women or anime girls — solo or in yuri pairs — posing with playful, female-gaze confidence rather than explicit exposure."
Eshay,aes/Eshay/SKILL.md,"Australian youth-subculture aesthetic (Sydney, late 1990s–2000s) built on a uniform of designer sportswear — polo shirts, puffer vests, athletic shorts — anchored by Nike Air Max Plus ""TN"" sneakers, a bumbag slung across the chest, branded caps and gold jewellery, over a black/white/grey/navy palette with single saturated brand accents. Images read as amateur phone snapshots or drill-video stills: harsh on-camera flash or flat overcast daylight, crews packed shoulder-to-shoulder against brick-veneer walls, train platforms, rail yards and suburban backyards, faces sometimes hidden by balaclavas or check scarves. Recognise by piqué polo knits with chest logos, glossy quilted nylon puffers, tan check trim at accessory scale, and mundane Australian suburbia as stage."
Ethereal,aes/Ethereal/SKILL.md,"Ethereal is a 2010s–2020s internet aesthetic of otherworldly delicacy: high-key pastel imagery in pink, white, blue and soft green, soaked in soft focus, luminous bloom and drifting sparkle. Its signature elements are weightless subjects — flowing lace gowns, veils, swans, fairies, angels, princesses and classical dancers — staged in dreamy gardens, ponds, ballrooms and fairy-tale castles with sincere, irony-free romanticism. Load this skill when an image feels heavenly, blurred, luminous and wholesome rather than sharp, saturated, opulent or ironic."
Ethno-Chic,aes/Ethno-Chic/SKILL.md,"Ethno-Chic (Ethnic Chic) is a travel-collected global-craft aesthetic born from 1960s hippie-traveler souvenir culture and refined with modern clean-lined design: neutral plaster, linen and wood shells layered with saturated geometric textiles (kilim flatweaves, African wax prints, ikat, embroidered bands), woven-basket gallery walls, rattan, jute, terracotta and dark wood. Its palette spans warm earth tones and jewel tones grounded by black and white, and its subjects range from eclectic interiors and sun-baked terraces to fashion in handcrafted embroidery, headwraps and beaded jewelry. Recognize it by visible handwork, mixed cultural provenances, storytelling objects and abundant warm natural light."
Ethnogoth,aes/Ethnogoth/SKILL.md,"Ethnogoth is a mid-2010s European Goth substyle that fuses loose Middle Eastern, North African and Central Asian folk robes — black kaftans and kandooras — with an 80s-derived Goth face of matte pallor, smoky black eyes and near-black lips. Its signature is a silhouette-concealing garment buried under hammered Kuchi silver and gold: stacked bib necklaces, coin chains, filigree crescent or horned crowns, turbans and sheer veils, often over shaved or partially shaved heads. Recognize it by hieratic, frontal portraits where metal glints against matte black cloth, icon-like solemnity, and folk embroidery meeting dramatic Goth makeup."
Euphoric,aes/Euphoric/SKILL.md,"Euphoric (Euphoria Aesthetic / Euphoriacore) is a late-2010s Gen Z style born from HBO's Euphoria: moody saturated cinematography in deep purple, indigo, magenta and hot pink, glitter-tear and rhinestone makeup used as emotional storytelling, neon gel lighting, and Y2K cut-out, sheer-mesh, skater-grunge and vamp fashion registers. Recognize it by rhinestone tear tracks on glossy skin under colored light, fairy-light bokeh and starburst flares, tinsel and sequin night interiors, and a dreamlike haze that fuses euphoric high with vulnerable ache. Use it for teen-interiority portraits, club and bedroom night scenes, expressive makeup imagery and social-native collage edits."
Expressionism,aes/Expressionism/SKILL.md,"Early-20th-century modernist mode (Germany and Austria, c. 1905–1920s) that trades objective reality for inner state: distorted or elongated figures, mask-like faces, and intense, arbitrary, symbolic color set in dissonant chords. Signature elements include agitated or swirling brushwork, woodcut-derived blunt black contours, tilted and compressed space, and subjects of urban alienation, psychological turmoil, embraces, animals and spiritual yearning. Recognize it by emotional dissonance — acid blue against vermilion, pale flesh against rust — and by anatomy and perspective bent to feeling rather than fact."
Factory_Pomo,aes/Factory_Pomo/SKILL.md,"Factory Pomo is the late-1980s-to-mid-1990s postmodern machine aesthetic: gears, cogs and metal ridging drawn with early-CAD precision, fused with Art Deco sunbursts, Constructivist type bars and Bauhaus primaries in clashing, color-inverted combinations. It lives on theme-park gates, arcade interiors, kids' science-show title cards, video-game box art, sports logos, soda cans and trade-show booths — symmetric, hard-edged, airbrushed and speckle-textured, lit either flat-graphic or by festive magenta-and-green neon at dusk. Recognize it by pristine painted industrialism played for fun: gear portals, beveled chrome type, granite-speckle fills, and simple shapes inverted against black, white or grayscale metal."
Fairground_Baroque,aes/Fairground_Baroque/SKILL.md,"The ornate artisan aesthetic of the European travelling fair at its Belle Époque peak (c. 1850–1914) — hand-carved, gilded softwood carousels, booth facades and fairground organs dressed in polychrome allegorical painting, bevelled mirrors, twisted brass poles and bulb-traced scrollwork. Palette of deep red, gold leaf, ivory, forest green and royal blue with high-contrast polychrome accents; signature subjects are carved carousel horses and exotic animals, rocaille bas-reliefs, painted medallions, pipe-organ cases and lithograph posters. Recognize it by the tension of monumental, hand-worn decoration on temporary modular structures: warm gilded spectacle, never factory gloss."
Fairy_Grunge,aes/Fairy_Grunge/SKILL.md,"Fairy Grunge (also Grunge Fairycore / Grunge Fairy) is an early-2020s, pandemic-born internet fashion aesthetic that fuses fairycore whimsy — translucent insect wings, elf ears, moss, crystals, woodland settings — with the distressed, thrifted layering of 1990s grunge and kinderwhore. Recognize it by a muted earth palette (moss green, bark brown, black, bone cream), fishnets and torn knits worn in foggy forests, overgrown ruins and cloudy or night light, rendered in grainy soft-focus photography, digital collage or painterly folklore illustration. The mood is dreamlike, dark and escapist: whimsy deliberately weighed down by imperfection."
Fairy_Kei,aes/Fairy_Kei/SKILL.md,"Fairy Kei (フェアリー系, ""fancy"") is a Harajuku retro-fashion aesthetic built entirely from 1980s children's pop culture — My Little Pony-era toys, Care Bears, Rainbow Brite, magical-girl anime and early shoujo manga — rendered in a fluffy, floaty palette of pastel pink, baby blue, lavender, lemon and mint. Recognize it by unicorn-and-rainbow motifs, plush and tulle textures, oversized sweatshirts over fluttery petticoats, stuffed animals worn as clothing or bags, and high-key candy maximalism; typical subjects are pastel fashion coords, vintage toy collections, plush-cluttered rooms and shelves, and die-cut fancy-goods illustration."
Fairycore,aes/Fairycore/SKILL.md,"Fairycore is a late-2010s/early-2020s internet aesthetic of romanticized fairy mythology: soft-focus, glowing imagery in pastels and earth tones (blush pink, cream, butter yellow, moss green, lavender) dusted with glitter, sparkles and lens flares. Signature elements are translucent fairy wings, elf ears, mushrooms, moss, butterflies, flower crowns and sheer tulle or lace dresses, set in enchanted forests, streams and wildflower glades with gentle animals like fawns, bunnies and cats. Recognize it by its dreamy bloom, tiny-figure-in-vast-nature scale play, and optimistic ""accessible magic"" mood — distinct from Cottagecore's rustic domesticity and Fairy Grunge's decay."
Fallen_Angel,aes/Fallen_Angel/SKILL.md,"Fallen Angel (Dark Angelcore) is a 2020s Tumblr/Pinterest aesthetic of the exiled, rebellious angel: solitary winged figures with black, grey, or tattered wings, rendered in stark monochrome or desaturated storm-light palettes with chiaroscuro shadow, classical ruins, overcast skies, scattered feathers, and small fire or gold accents. Recognition hinges on tragic high contrast and a mood of sorrow, pride, and fall from grace — the deliberate inverse of heavenly Angelcore purity."
FantasY2K,aes/FantasY2K/SKILL.md,"FantasY2K (Medieval Y2K) is a kitsch late-1990s-to-2000s aesthetic that recuts Medieval Fantasy costume — lace-up corsets and stays, flare and puff sleeves, long skirts, hip belts, crochet, brocade and sheer layering — into Y2K silhouettes with deliberately anachronistic modern hair, makeup and cuts. Recognize it by highly saturated jewel and earth tones (burgundy, rust, teal, royal purple, orange), metallic beading and heraldic or Art Nouveau ornament, gaudy cluttered compositions, and early-2000s surface artifacts such as over-edited glow, holographic sheen, awkward 3D-render smoothness and flat book-cover illustration. Typical subjects are runway models in medieval-revival couture, film and TV court scenes and heroes, stylized castle-and-unicorn landscapes, and camp, self-aware knight-and-princess tableaux."
Fantasy,aes/Fantasy/SKILL.md,"Fantasy is the aesthetic of imagined pre-industrial worlds: mist-wrapped forests, cliff-top castles, moss-eaten ruins and sunbeam-lit glades inhabited by dragons, stags, wolves and cloaked travellers. Its palette runs from deep moss green and stone grey through parchment cream to sunrise amber, lit by volumetric mist, forest god-rays and golden-hour backlight, with signature props of potion bottles, brass keys, leather-bound books, scrolls, crystals and swords. The mood is wonder, adventure and companionship — escapism that stays hopeful rather than horrific."
Fantasy_Astronomy,aes/Fantasy_Astronomy/SKILL.md,"Fantasy Astronomy depicts the study of the heavens in fictional, magical worlds, borrowing the look of Scientific Revolution and Victorian observatory culture: midnight-navy and bluish-purple night fields, gold and silver line-work, parchment star charts and engraved moon plates, brass telescopes, astrolabes and armillary spheres, candlelit observatories with whimsical architecture, and star-embroidered Victorian-to-midcentury dress. Signature elements are constellation line-work over deep blue, circular celestial medallions framed by scholarly marginalia, gilt instruments, and a quiet blend of research and divination. Use this skill when an image fuses antique astronomical science with overt magic, night-blue palettes and hand-made (engraved, painted, stitched) cosmos imagery."
Farmer's_Daughter,aes/Farmer's_Daughter/SKILL.md,"Late-2010s/early-2020s lo-fi rural-Americana snapshot aesthetic that pairs nymphet-coded suggestiveness with farm-domestic iconography — braids tied with ribbons, denim overalls and daisy dukes, eyelet and crocheted milkmaid tops, cowgirl boots and ruffled socks set in dirt yards, hay fields, cow pastures, trailers and roadside groceries. Palette of milk cream, dry-grass tan, soil brown and faded denim, punctured by cherry red and light pastels, shot like amateur flash or overcast film snapshots. Reads as a carefree farm idyll with a faint Southern-Gothic undercurrent of menace."
Fashioncore,aes/Fashioncore/SKILL.md,"Fashioncore (FXC) is the early-2000s youth style born in Southern California metalcore and hardcore circles, recognizable by jet-black flat-ironed hair with a side-swept swoop fringe and bleached ""skunk"" sections, white studded belts over fitted band tees and black skinny jeans, and skull, diamond and bone iconography in a black–bleached-blonde–red palette. Portraits carry a vain, confrontational, mosh-pit-ready posture and a mid-2000s compact-digital photo treatment of direct flash, color casts and blown highlights. Use this skill to recognize or generate 2000s hardcore-fashion imagery and to keep it distinct from emo, scene, horror punk, mallgoth and metalhead looks."
Fauvism,aes/Fauvism/SKILL.md,"Fauvism (Les Fauves, Paris and the French Mediterranean, c. 1905–1908) is oil painting in which pure, straight-from-the-tube color is divorced from descriptive reality — vermilion, cobalt, emerald and cadmium yellow set in deliberate dissonant contrasts — laid on in thick, vigorous dabs across a flattened, simplified space. Signature elements include arbitrary facial and shadow hues (a green stripe down a portrait's face, teal planes on skin), patterned interiors and textiles, Mediterranean landscapes and harbor scenes, schematic nudes and dancers, and an undulating arabesque contour line. Typical subjects are landscapes, portraits, seated figures and readers, interiors, still lifes of vessels and fruit, and bathers."
Female_Horror_Game_Protagonist_Fashion,aes/Female_Horror_Game_Protagonist_Fashion/SKILL.md,"A 2023 TikTok-born fashion microtrend that styles the wearer as the final girl of a Japanese horror game (Fatal Frame, Silent Hill, Haunting Ground): hyper-feminine white or cream babydoll blouses with Peter Pan, puritan or sailor collars, lace shrugs and fitted vests layered over pleated or tiered-ruffle black miniskirts, thigh-high socks, knee boots, black chokers and skeleton-key pendants. Palette of white, cream, black and gray with sparse oxblood-red accents; lighting runs from soft catalog daylight to dim single-source interiors with flashlight cones and PS2-era grain. Recognize by the layered coquette silhouette — untucked frilled top elongating the waist over a short skirt, legwear bridging the gap — staged for or placed inside quiet, haunted interiors."
Femboy,aes/Femboy/SKILL.md,"Internet-native aesthetic of the late 2010s–early 2020s in which a male-identified, masculine-or-youthful-featured person performs codified feminine dress — thigh-high socks (black, pink, purple, striped or fishnet-layered), pleated mini skirts, oversized hoodies, cat- or bunny-ear headbands, chokers — in a palette of pink, lilac, baby blue, white and pastels anchored by black contrast pieces. Imagery is vernacular smartphone self-portraiture: bedroom mirror selfies, LED-washed rooms, plush bedding, soft doll-like hair and light eye-focused makeup. Recognize it by the deliberate juxtaposition of feminine garment grammar on a male-coded body, played with coy, soft, playful innocence."
Femcel,aes/Femcel/SKILL.md,"Early-2020s ""chronically online"" aesthetic built around the cluttered otaku bedroom as sanctuary: stacks of manga, moe figures and posters, 2000s Japanese tech relics (CRT monitors, beige PCs, flip phones) and 90s/2000s anime canon imagery, all shot or edited in deliberately unpolished lo-fi. Its signature move is juxtaposition — baby-pink kawaii pastels, plushies and moe girls welded to nihilistic lowercase captions, sketchy high-contrast ""loser girl"" drawings with eyebags and spiral eyes, and oldweb forum/Windows-9x screenshot artifacts. Recognize it by flash-lit snapshot candidness, screen-within-screen compositions, hoarded clutter, and deadpan despair packaged as cute; also known as Lainpilled, Hikikomoricore or Hikicore."
Femme_Fatale,aes/Femme_Fatale/SKILL.md,"Femme Fatale is the ""deadly woman"" aesthetic born of 1940s film noir and carried forward by spy fiction and neo-noir: a poised, mysterious seductress framed in black, oxblood-and-scarlet red, dark jewel tones and metallic gold, lit by chiaroscuro, candlelight or venetian-blind shadow. Signature elements include silk and leather couture, long gloves and veiled hats, red lips and nails, cigarettes and cocktail glasses, concealed knives and thigh holsters, wealthy old-money interiors, and deliberately withheld faces. Typical subjects range from period chanteuses and modern spies to macro fragments (lips, nails, a blade against lace) and black typographic declaration cards."
Fetish_Goth,aes/Fetish_Goth/SKILL.md,"Fetish Goth is the 1990s goth-club substyle that folds BDSM-derived gear — corsets, strap harnesses, O-ring chokers, fishnets, buckled platform boots — into sleek black glamour. Its visual DNA is near-total black rendered in mirror-gloss latex, PVC and patent leather, punctuated by silver hardware and blood-red accents, worn over pale skin with heavy black liner and dark lips. Recognize it by hourglass corseted silhouettes, strapped harness geometry, specular streaks on glossy surfaces, and a poised, confrontational mood in club, stage, studio or street portraits."
Feísmo,aes/Feísmo/SKILL.md,"Feísmo is the unintended built aesthetic of Galicia, Spain, from the 1960s onward — unfinished concrete frames with rebar stubs, bare brick and cement-block facades, granite farmhouses capped by cantilevered brick additions, and clashing building heights under flat Atlantic overcast. Its palette is raw concrete grey, oxidised rust brown, dull orange brick and moss-stained granite, set against the deep wet green of the Galician landscape; its register is the deadpan documentary snapshot of inhabited incompleteness, never abandonment. Recognise it by the collision of old stone vernacular with ad-hoc modern construction, mismatched materials, half-finished forms, and utility infrastructure tangled through heritage."
Figuration_Narrative,aes/Figuration_Narrative/SKILL.md,"Figuration Narrative is the French movement of the 1960s–early 1970s of politically charged storytelling painting: flat matte planes of vermilion, cobalt, cadmium yellow and olive green, hard black contours, and mass-media syntax borrowed from comic strips, film stills, press photography and letterpress headlines. Its scenes — anonymous street crowds, soldiers, dictators, shop-window mannequins, consumer glyphs — are mounted in panel grids, polyptychs, superimposed planes and clashing framings so that a static image reads as duration and as critique. Load this skill when an image pairs Pop-like bold flat colour with narrative sequence, typographic fragments and overt social or political commentary rather than consumer celebration."
Film_Noir,aes/Film_Noir/SKILL.md,"Film Noir is the monochrome crime-film aesthetic of 1930s–1950s Hollywood — black-grey-white palette, low-key chiaroscuro with venetian-blind shadows, fog and rain-slicked streets, fedoras, trench coats, revolvers and femme fatales. Recognize it by hard light-dark contrast, period costume and props (rotary phones, cigarettes, liquor glasses, detective files), Art Deco city nightscapes, and a mood of pessimism, secrecy and corruption."
Fisherman_Aesthetic,aes/Fisherman_Aesthetic/SKILL.md,"Mid-2020s Pinterest-coined fashion aesthetic (Fishermancore, Sardinecore) that reinterprets working-waterfront dress through a modern, often feminine lens: Aran cable-knit sweaters, Breton stripes, waxed barn coats, wellington boots, net totes and kitschy marine-life accents (sardine tins, lobsters, fish-shaped bags) in navy, cream, charcoal and earthy beige-green with pops of rainwear red or yellow. Recognize it by overcast harbor light, matte utilitarian fabrics, layered practical styling and one whimsical marine object per frame — understated chic, never yacht-club crisp or costume-literal."
Fjortis,aes/Fjortis/SKILL.md,"Swedish 2000s teen-girl aesthetic of deliberate artificiality: orange fake-tan skin ending in an unblended jawline stripe (the ""fjortisrand""), chalk-white ointment lips, black kajal ""spider leg"" lashes and teased platinum-blonde hair, captured in harsh-flash, low-resolution mirror selfies and high-angle duckface poses. Neon pink tops, intentionally visible push-up bras, low-rise jeans, zip-up hoodies and Canada Goose parkas signal status across bedrooms, parties and club interiors. Recognize it by the inverted makeup contrast (dark face / white lips / white-blonde hair) plus the amateur early-digital camera grammar of LunarStorm, Playahead and Bilddagboken profile pictures."
Flamenco,aes/Flamenco/SKILL.md,"Flamenco is the performing-art aesthetic of Andalusia (modern form from the late 18th century), visually built on the ruffled, polka-dotted traje de flamenca, fringed Manila shawls, roses pinned into a bun, and the classical guitar, isolated against black voids, smoky studio gradients or glossy runway floors. Its palette anchors on red, black and white with gold, yellow and green accents, and its mood is duende — percussive tension, grief and pride frozen mid-compás. Recognize it by tiered volantes ruffles, lunares dots, silk fringe, arched braceo arms with broken wrists, heeled zapateado shoes, and hard single-source light carving saturated color out of darkness."
Flapper,aes/Flapper/SKILL.md,"Flapper is the youth aesthetic of 1920s Western women: knee-length, drop-waist tubular shift dresses, shingle-bobbed hair under pulled-down cloche hats, ropes of pearls, beaded fringe and feather boas, rendered in soft silver-gelatin or sepia studio light, flat Deco-bright poster color, or warm cinematic revival. Palette of ink black, ivory, beige and tobacco brown spiked with Deco brights in violet, jade and metallic gold; signature props include cigarette holders, chandelier earrings, sheer rolled stockings and 2–3 inch Mary Jane heels. Recognize by the straight ""up-and-down"" silhouette, kicked chorus-line legs, cupid's-bow lips and an air of cheeky, consumerist defiance."
Flat_Design,aes/Flat_Design/SKILL.md,"Digital-native vector aesthetic of the 2013–2023 interface era (post–Frutiger Aero), also called Vector Minimalism: matte solid color fields with no gradients, gloss or texture, a limited palette anchored in white, light grey, light blue and light green with a few saturated accents, rounded geometric shapes, grid-organized layouts and instantly decipherable pictogram icons. Typical subjects are smartphone and OS interfaces, tile/card grids, app icon sets, clean device mockups on seamless white, and simplified vector illustration (Corporate Memphis figures, layered silhouette landscapes). Recognize it by shadowless uniform lighting, crisp vector edges, generous whitespace and ""function over style"" orderliness."
Fleischer_Style,aes/Fleischer_Style/SKILL.md,"Fleischer Style (Rubberhose / Inkblot Cartoon / Old Cartoon) is the 1920s–1930s American animation look of Fleischer Studios: jointless noodle-tube limbs, pie-cut eyes, white gloves and oversized shoes on round ink-black bodies, staged in grainy grayscale film space with flat theatrical perspective, sentient objects and jazz-age musical gags. Recognize it by elastic squash-and-stretch anatomy, solid black ink masses against soft gray washes, whimsical-dark surreal sight gags, and — when color appears at all — a flat limited set such as poster red, cream and black rather than full-spectrum rendering."
Flogger,aes/Flogger/SKILL.md,"Flogger is the Argentine Fotolog-era teen subculture (peak 2007–2009) whose visual DNA is the amateur flash snapshot: androgynous teens with sleek ironed side-swept fringes covering one eye, neon color-blocked skinny jeans, loose V-neck tees and Converse-style sneakers, throwing peace signs in crowded friend huddles at malls and plazas. Its palette clashes hot pink, turquoise, lime and lemon yellow against black hair and neutral denim, with secondary modes in chibi avatars and annotated ""how-to"" diagrams. Recognize it by eye-covering bangs plus simultaneous neons plus upload-posed body language."
Flower_Power,aes/Flower_Power/SKILL.md,"Flower Power is the mid-to-late-1960s American peace-movement aesthetic: daisies and wildflowers worn in the hair, held to the face, or offered to soldiers; floral-print mod fashion; and a floral variant of psychedelia expressed in hand-painted, paisley-filled poster lettering. Its palette runs from saturated poster magenta, marigold, lime and violet to sun-bleached film pastels, lit by blown-out golden sunlight or flat screen-print evenness. Recognize it by flower crowns, garlands, pastoral gardens, curvy ornamental type, earnest tenderness and faded film grain — not by earthy tie-dye hippie rusticity or slick commercial retro."
Folk_Horror,aes/Folk_Horror/SKILL.md,"Folk Horror is the rural horror aesthetic of folklore, surviving paganism and communal ritual: fog-bound woods, moorland clearings and isolated farmsteads inhabited by robed cults, antler- and bird-skull-masked figures, straw effigies and ruined stone chapels. Its palette is muted earth — moss green, bark brown, straw ochre, peat black, bone white — delivered through film grain, haze, overcast scatter or a single torchlit source. Recognize it by ritual circles and processions, animal masks and skins, gnarled mossy trees, standing stones and wreath-crowned figures, and by the tension of old superstition pressing against an empty modern countryside."
Food_Mascot_Kitsch,aes/Food_Mascot_Kitsch/SKILL.md,"Food Mascot Kitsch is the advertising aesthetic of the American cereal-and-snack aisle: anthropomorphic cartoon mascots — tigers, rabbits, leprechauns, pitchers, peanuts, elf boys — with oversized heads, huge excited eyes and open-mouthed grins, drawn in thick black outlines against flat saturated primaries and appetite orange. Originating with the 1877 Quaker trademark and codified in the 1950s–60s Leo Burnett golden age, it lives on cereal boxes, snack bags, fast-food signage and advergames, framed by explosion bursts, speed lines and catchphrases set in starburst type. Recognize it by high-key flat lighting, milk splashes and cereal-confetti scatter, brand logotype lockups, and a mood of enforced, doubt-free cheerfulness."
Forestpunk,aes/Forestpunk/SKILL.md,"Forestpunk is a 2010s internet aesthetic of wild, self-sufficient wilderness life: fog-shrouded dense forest, bare winter woods, deer and crows, bone-and-antler still lifes, bushcraft camps and rough cabins, rendered in desaturated earth tones (deep green, bark brown, charcoal, black) with muted red and bone-white accents. Its signature fusion is gloom-grade natural atmosphere plus an explicit DIY/punk layer — hand-lettered anti-capitalist posters, pin badges on denim, flannel, worn combat boots, lo-fi grainy photography. Recognize it by raw, harsh nature paired with handmade, anti-consumerist artifacts; never pastel, never manicured, never cozy-glossy."
Fotonight_Web,aes/Fotonight_Web/SKILL.md,"Fotonight Web is a 2023-born meme aesthetic that runs 2000s Frutiger Aero gloss through Chinese Shanzhai knockoff culture: low-resolution Photoshop montages of blue skies, airborne goldfish, water splashes and Aero glass bolted onto bootleg phones, misspelled ""Binbows"" OS boxes and CJK WordArt banners. Its palette is a garish tertiary spread — sky cyan, lawn green, sunshine yellow, tangerine orange, fuchsia — carried on JPEG artifacts, mismatched cutout scales and skeuomorphic UI shine. Recognize it by the collision of corporate Aero optimism with cheap counterfeit print and straight-faced dream nonsense."
Four_Colors,aes/Four_Colors/SKILL.md,"Four Colors is the mid-2000s consumer-tech marketing aesthetic built on four saturated anchors — electric lime, sky blue, hot pink, neon orange — deployed as flat vector fields, quadrant color panels, and color-variant product lineups (iPod ""Silhouette"" campaign, Nintendo console variants, iPhone 5c). Recognize it by shadowless flat color blocks, black dancing silhouettes trailed by white earphone cords, glossy plastic product renders on white or pale gradient grounds, concentric-circle and starburst vector ornament, and playful rounded multicolor logotypes; the palette may expand into a full rainbow but the four anchors always organize the frame. Prime 2004–2013, with a longer afterlife in Japanese retail and broadcast design."
Frasurbane,aes/Frasurbane/SKILL.md,"Frasurbane (""90's Urbane"") is the subdued, affluent postmodern style of late-1980s to mid-1990s American retail, advertising and interior design: earth-neutral palettes of brown, beige, tan, grey and cream warmed by a sepia-amber cast, punctuated by single restrained accents of green, blue or yellow; classical serif and italic typography; neo-traditional paneled interiors with columns, coffered ceilings and symmetrical bays; and curated still-life assemblages of scholarly objects — globes, astrolabes, compasses, clocks, sheet music, string instruments. Recognize it by textured paper grain, sepia or duotone photography, gilt frames and printed border devices, and a quiet ""adult contemporary"" sophistication aimed at baby-boomer suburbanites."
Frazzled_English_Woman,aes/Frazzled_English_Woman/SKILL.md,"A 2020s TikTok microtrend, named by RUSSH magazine in 2022, that recreates the dishevelled charm of early-2000s British rom-com heroines — chunky layered knitwear, oversized trench coats, midi skirts or flared jeans, knee-high boots, claw-clip messy updos, skinny scarves and overstuffed practical bags, in chocolate brown, oxblood, oat, heather grey and moss green under overcast daylight or warm lamplight. Recognize it by deliberate bulkiness, loose hair strands, tangled wired earphones, paperbacks and a harried-but-witty mood; it explicitly rejects Clean Girl polish and Coastal Grandmother crispness."
French_Girl,aes/French_Girl/SKILL.md,"French Girl (Parisian Chic) is the effortlessly cool Parisian lifestyle aesthetic born in 1950s–60s New Wave and yé-yé culture and revived in 2010s–2020s snapshot form. Recognize it by a neutral wardrobe — black, cream, beige, navy, denim — punctuated by a single red note (red lipstick above all), Breton stripes, trench coats, ballet flats, straw basket bags and a messy wind-ruffled fringe, set in Parisian apartments, cobblestone streets and café terraces under candid natural light or film grain. The mood is studied nonchalance: natural beauty, intellectual romance, visible ease and never visible effort."
French_Girly,aes/French_Girly/SKILL.md,"French Girly (フレンチガーリー) is a late-2010s Japanese aesthetic and Girly Kei substyle that stages antique French Haussmann material culture — moldings, gilded mirrors, marble staircases, damask wallpaper — in a blush-pink, cream, white and black palette accented with pearls, gold, tweed and oversized satin bows. Recognize it by coordinated girly fashion (neck-bow blouses, berets, houndstooth or tweed skirts, quilted handbags, Mary Jane pumps) photographed in warm hazy softness inside French-style interiors, plus roses, desserts, lace, and lookbook-style presentation tied to indie brands such as Epine."
French_New_Wave,aes/French_New_Wave/SKILL.md,"French New Wave (Nouvelle Vague) is the look of late-1950s–1960s French cinema: grainy black-and-white 35mm frames lit by found light — blown-out windows, overcast streets, single practical lamps — with handheld off-centre framing, jump-cut cropping and direct addresses to the lens. Signature subjects are young people in period dress (roll-neck sweaters, bob and pixie cuts, thin ties, lace and velvet) caught mid-gesture in cafés, apartments, classrooms and real city streets, surrounded by bystanders and consumer-modern clutter. The mood is cool, ironic and existential: realism, rebellion and cinephilia in greyscale."
French_Provincial_Style,aes/French_Provincial_Style/SKILL.md,"French Provincial (French Country) is a 17th–18th century interior and architectural aesthetic from rural France that balances rustic simplicity with manor-house refinement: warm neutral plaster walls, walnut and oak furniture on cabriole legs, toile and floral textiles, arched doorways, exposed ceiling beams, terracotta or parquet floors, and restrained gilt, mirror and crystal accents. Recognize it by symmetrical, sun-flooded rooms that feel inherited rather than staged — cream, greige, pale grey, sage and dusty blue schemes punctuated only by small gold highlights and textile-born color such as rug madder or toile blue."
Frozen_Ukrainian_Princess,aes/Frozen_Ukrainian_Princess/SKILL.md,"Frozen Ukrainian Princess is a Slavic winter-bridal aesthetic born from John Galliano's Fall/Winter 2009 ""Frozen Ukrainian Brides"" runway and revived on 2020s TikTok and Pinterest: porcelain bald-cap doll faces with smudged, melting dark eye makeup beneath layered coin-and-pearl veils, kokoshnik-shaped headpieces, sheer white tulle, fur trim and pale-gold folk embroidery. Its palette is ivory, cream, pale gold and frosted silver set against snow, frost and onion-domed church backdrops, with smoky grey-black concentrated at the eyes; the mood is spectral, ceremonial and melancholy."
Fruittari,aes/Fruittari/SKILL.md,"Fruittari is a mid-2000s Finnish teenage-boy street style built on a voluminous bleached or two-tone ""bird's nest"" pouf with a bold side-swept fringe, tight skinny jeans, branded hoodies and beanies, big-buckled belts and white low-top sneakers. Its palette pairs black, white, heather grey and indigo denim with candy accents of pink, mint and red, captured in flat Nordic daylight or compact-camera flash with an amateur IRC-Galleria snapshot vernacular. Recognize it by groomed male peacocking — scarves, chains, stud earrings, rectangular glasses — posed proudly against mundane Nordic suburb backdrops."
Frutevil_Aero,aes/Frutevil_Aero/SKILL.md,"Frutevil Aero is the meme-born 2024 inversion of Frutiger Aero: the glossy early-2000s stock-art vocabulary (translucent candy-colored computers, glass bubbles, lens flares, bokeh, mirror reflections) restaged inside ecological collapse — red blood-water and lava, smoky contaminated skies, cracked dry earth, skeletons, nuclear signage, bats and crows. Its palette runs red, brown, grey and black with ironic patches of green, rendered in naive digital photomontage fidelity. Recognize it by Frutiger Aero's cheerful glossy grammar surviving intact while everything it touches is poisoned, burning, or dead."
Frutiger_Aero,aes/Frutiger_Aero/SKILL.md,"Frutiger Aero (Web 2.0 Gloss, c. 2004–2013) is the optimistic corporate design language of early Web 2.0: skeuomorphic gel-and-glass icons, translucent Aero window borders, and glossy 3D renders set under saturated blue skies with cumulus clouds. Its palette is sky blue, leaf green and white with tertiary accents (electric lime, hot pink, neon orange), and its signature motifs are water droplets, bubbles, tropical fish in crystal-clear water, lens flares, aurora ribbons, bokeh dots and a glossy Earth globe. Typical subjects are consumer-tech product shots (Windows Vista/7, iOS 1–6, Wii, PS3, early Galaxy phones), eco-utopian green architecture, nature-macro stock imagery, and clean one-point-perspective corporate renders."
Frutiger_Eco,aes/Frutiger_Eco/SKILL.md,"Frutiger Eco is the corporate green-utopia gloss of mid-2000s to mid-2010s advertising, stock photography and packaging — a subgenre of Frutiger Aero built on high-gloss vector spheres, green-edited Earth globes, sprouting seedlings, wind turbines and solar panels, water droplets and pristine grassy hills under high-key sky-blue light. Recognize it by its locked foliage-green/sky-blue/white palette with yellow only as sunlight, by lens flares, bokeh and skeuomorphic shine on every surface, and by ad-layout negative space reserved for logos and slogans."
Funfair_Kitsch,aes/Funfair_Kitsch/SKILL.md,"Funfair Kitsch (Carnival Ride Art) is the airbrushed, LED-strobed visual language of traveling amusement rides from the 1970s onward — a standardized global export of Italian manufacture: neon pink, electric blue and high-visibility yellow gradients sprayed across glossy fiberglass ride shells, off-model bootleg cartoon mascots and nightlife collages painted from memory, marquee bulbs and RGB LED matrices flashing over visible trailer seams, hinges and grease-stained hydraulics. Load this skill to recognize or generate itinerant fairground facades, mascot lead cars, ticket kiosks, duck-pond game stalls and deep-fried food signage, with their uncanny, safety-washed, horror-vacui maximalism."
Funk,aes/Funk/SKILL.md,"Funk is the visual language of 1970s African-American groove culture: flared trousers and jumpsuits in clashing saturated oranges, magentas, purples, golds and turquoises, platform boots, Afros, sequins, satin and velvet, star emblems and psychedelic sunburst graphics. Typical subjects are full-body studio portraits, coordinated band ensembles, theatrical cosmic stage costumes, dancers mid-groove, and flat poster art with concentric rings. Recognize it by maximalist clashing color, shine-plus-plush materials, exaggerated silhouettes (flare, platform, huge collars and capes), and joyful, swaggering Black self-presentation; a late-1970s earth-tone register also belongs to the style."
Furry,aes/Furry/SKILL.md,"Anthropomorphic animal characters (""fursonas"") expressed through crafted fursuits and toony cartoon artwork, in bright happy pastels and neons that are often unnatural for the species. Signature elements include sculpted foam-and-faux-fur suit heads with plastic mesh or anime-printed eyes, oversized paw gloves with contrasting paw pads, star/heart/paint-drip markings, digitigrade padding, and convention lanyards and badge clutter. The mood is cheerful, frivolous and radically accepting, captured in casual snapshot lighting inside convention halls, bedrooms, backyards and parks."
Future_Funk,aes/Future_Funk/SKILL.md,"Future Funk (Vaporboogie) is the euphoric visual language of the early-2010s internet dance microgenre: 1980s–90s cel-shaded anime figures caught mid-dance, mid-wink or mid-transformation, graded in hyper-saturated neon magenta, cyan and violet with CRT bloom and clean VHS grain. Chrome script and kanji typography, cassettes, spinning vinyl, arcade cabinets, disco beams and Japanese bubble-economy nightlife evoke an idealized 1980s that never ends. Recognize it by neon duotone washes over retro anime line art, loop-friendly repetition and unironic party optimism — the opposite of vaporwave's glitchy decay."
Futurism,aes/Futurism/SKILL.md,"Italian avant-garde (1909–1944) that paints speed itself: Cubism-derived fractured planes set into motion by rhythmic repetition, blur and radiating ""lines of force,"" in bright, jarring Divisionist color — cobalt and teal skies against ochre, vermilion and chrome. Signature subjects are airplanes and diving aerial views, cars, trains, factories, cities, war machines, and asymmetric geometric fashion; signature structures are diagonal thrusts, spirals, light cones and interpenetrating planes. Recognize by machine euphoria and felt velocity — never by static, symmetrical or ornamental arrangement."
Gabber,aes/Gabber/SKILL.md,"Gabber is the working-class hardcore techno subculture of early-1990s Rotterdam: shaved heads or undercut skulls with tight braids and ponytails, colour-blocked 90s tracksuits (Australian L'Alpina, Cavello), satin bomber jackets with embroidered back patches, and Nike Air Max sneakers, shot on direct flash in warehouses, clubs and decayed industrial yards or tiled into documentary headshot grids. Recognise it by loud geometric sportswear colour-blocking (teal, magenta, violet, cobalt, lime) against black satin and concrete grey, hakken dance blur, photocopied rave-flyer graphics, and a communal, aggressive, deliberately unpretentious mood."
Galaxy_Print,aes/Galaxy_Print/SKILL.md,"Galaxy Print is an early-2010s Tumblr/Instagram fashion-and-graphic aesthetic that wraps leggings, hoodies, sneakers, flat-lay collages and quote graphics in saturated nebula prints — deep violet, electric blue and magenta clouds shot through with neon accents and white star speckles. Signature elements include all-over cosmic print on stretch fabric, sparkle and stardust overlays, silhouettes filled with nebula, and companion motifs of hipster mustaches, unicorns, wolves, cats and anime girls. Recognize it by cool cosmic saturation plus starfield scatter applied to everyday objects and casual fashion, distinct from realistic astrophotography, pastel-only kawaii, and warm summer-nostalgia palettes."
Ganguro,aes/Ganguro/SKILL.md,"Ganguro is the mid-1990s Shibuya-born gyaru substyle whose visual DNA is the extreme value clash of a deep artificial tan against bleached blonde or silver hair, thick black eyeliner, and white concealer worn as lipstick and eyeshadow for a panda-like face. Signature elements include neon miniskirts, chunky platform boots, hibiscus flowers and leis, candy-plastic jewelry, and the saturated, flash-lit look of egg-magazine street snaps. Recognize it in loud, playful portraits of tanned Japanese teens where skin, hair, plastic and print are all pushed to maximum contrast and chroma."
Gardencore,aes/Gardencore/SKILL.md,"Gardencore is a mid-2000s, nature-based aesthetic and the practical subgenre of Cottagecore, centered on home and community gardens: tended vegetable beds, greenhouses, terrariums and container plots, bare soil and compost, rusty hand tools, and upcycled junk planters such as boots, tins and watering cans. Its palette is earthy and weathered — sage and moss greens, soil browns, straw beige, rust orange, marigold yellow, galvanized silver-gray — lit by dappled daylight or soft overcast. Recognize it by harvest baskets, seed packets and hand-lettered labels, handmade miniatures, bugs and small animals, and a mood of thrifty, hardworking eco-consciousness rather than pastoral romance."
Garçonne,aes/Garçonne/SKILL.md,"Garçonne is the androgynous ""New Woman"" style of 1920s Paris — a boyish, linear silhouette with flattened chest, sleek bobbed hair (coupe à la garçonne), and menswear-derived tailoring (blazers, trousers, crisp white shirts, bow ties, cloche hats) set in a near-monochrome palette of black, white, gray and beige punctuated only by deep red lipstick. Recognize it by cool dandyish poise, severe unornamented styling, and the soft matte grain of monochrome studio photography or muted sepia-olive print advertising; it is deliberately austere where the Flapper is decorative."
Gay_Nineties_Revival,aes/Gay_Nineties_Revival/SKILL.md,"A late-1960s-to-1970s American nostalgia mode that resurrects 1890s music-hall kitsch — fern-draped conservatory dining rooms of exposed brick, medium-stained oak and heavy brass, Tiffany-style stained-glass lamps hung low over tables, and ornate Vaudeville Tuscan slab-serif lettering in brown, orange and old gold. Recognize it by hanging ferns under leaded-glass skylights, playbill posters and album jackets with drop-shadowed slab-serif type, penny farthings and novelty inventions, and gilded Gilded-Age theatricality, often spiked with a psychedelic-era pop-color burst."
Geek_Chic,aes/Geek_Chic/SKILL.md,"Geek Chic is a mid-2000s fashion aesthetic that restyles stereotypical nerd signifiers — oversized black horn-rimmed glasses, argyle sweater vests, bow ties, suspenders, gingham and plaid button-downs — as ironic, desirable outfits. Its palette sits in schoolhouse neutrals (heather gray, charcoal, black, cream) punctuated by oxblood red, mustard, navy and occasional mint, with prints doing the color work; typical images are snapshot-flat domestic, street-crossing or lookbook scenes showing knee socks, cropped high-waisted trousers, pleated skirts and leather satchels. The mood is playful, brainy self-awareness: intelligence worn as costume, nostalgia for the school uniform worn with a wink."
Gen-X_Home,aes/Gen-X_Home/SKILL.md,"Gen-X Home is the soft, domestic interior-and-product aesthetic of the late 1990s through early 2000s: muted earthy shells (sage green, warm oak, soft blue, terracotta, cool gray) color-blocked with saturated plum, tangerine, poppy and cobalt accents; curvy furniture, irregular glazed vases with gerbera daisies, and CRT-era tech housed in deep warm-wood cabinetry. Catalog-bright, high-key daylight, plush structured seating against metal-and-glass tables, statement pendants and halogen uplighters, curated shelf collections — the home-marketing twin of Corporate Cyberspace. Recognize it by lived-in pragmatic coziness plus bounded blocks of bold color, never full minimalism and never 1980s gloss."
Gen_X_Soft_Club,aes/Gen_X_Soft_Club/SKILL.md,"Gen X Soft Club (GXSC) is the late-1990s/early-2000s ""down-to-earth"" branch of Y2K Futurism: muted analog film in sage greens, dusty teals, beiges, tans and greys, washed with lomo cross-processing, bleach bypass, blur, bloom and vignettes over metro stations, airports, night storefronts and cityscapes. Signature elements are small lowercase Helvetica type, sparse vector line graphics, frosted glass and fluorescent glow, and anonymous blurred figures in civic interiors. Typical subjects range from album-cover layouts and soft-focus portraits to transit platforms and dusk cityscapes, all carrying a calm, gently melancholic urban optimism."
Gen_Z_Maximalism,aes/Gen_Z_Maximalism/SKILL.md,"Gen Z Maximalism (a.k.a. Dopamine Decor) is the 2020s TikTok-bred aesthetic of joyful clutter — full-spectrum, highly saturated clashing colors, patchwork and crochet and macramé textures, collage poster walls, plant-crowded rooms, and thrifted color-clash outfits shot in bright snapshot light. Recognize it by horror-vacui density, deliberate pattern clash, handmade and secondhand accumulation, and an anti-minimalist playfulness; its home turf is interiors and graphic design more than fashion. Use this skill to identify, plan, or separate it from Avant Basic, Decora, Kidcore, Dopamine Dressing, and Grocery Girl Fall."
Gen_Z_Soft_Club,aes/Gen_Z_Soft_Club/SKILL.md,"Gen Z Soft Club is the late-2010s/early-2020s revival of 1990s soft-focus tech-ad minimalism: desaturated sage, pale blue, grey and stark-white imagery with lomo blur, bloom halation and motion smear, overlaid with tiny monospace or thin extended futuristic type and dot/square pixel grids. Typical subjects are underground electronic flyers and visualizers, candid blurred youth portraits, night-city infrastructure and high-key white voids. Recognize it as muted, fogged, millennium-nostalgic club ephemera — quiet optimism, never loud chrome Y2K."
Genderless_Kei,aes/Genderless_Kei/SKILL.md,"Genderless Kei is the mid-2010s Harajuku street fashion of deliberately androgynous styling: doll-like makeup on male-presenting faces, colored contact lenses, dyed bowl-cut or shag hair, slim silhouettes of skinny jeans or slim trousers under oversized tops, and delicate jewelry. Its color language swings between pastel, candy-saturated, and strict monochrome black-or-white, photographed in flat-lit Harajuku street snaps, high-key studio portraits, or sticker-decorated selfies. Recognize it by the gender-blurred read combined with a polished beauty finish, platform footwear, and disciplined palette families rather than by any single garment."
Genericana,aes/Genericana/SKILL.md,"Genericana is a heritage-branding design aesthetic of the 1980s through early 2010s that recreates 1920s–1950s American trade signage: sign-painting and wood-type lettering, badge/crest/label lockups with ribbons, seals and stamps, carried on kraft paper, felt, tin and glass against reclaimed wood, exposed brick and Edison-lit shop interiors. Its palette is ink black, cream paper, brick red, heritage blue and light brown, and its mood is manufactured artisanal heritage — a faux-premium ""Est. 19XX"" solidity adopted by the hipster wave of the Great Recession. Recognize it by arched bold serifs, centered emblems, ornate trade-card borders and rustic-industrial substrates, never by glossy modern branding or flat mid-century illustration."
Geo-Boho,aes/Geo-Boho/SKILL.md,"Geo-Boho is an early-2010s Tumblr-born graphic and interior aesthetic that fuses stroke-based triangle geometry and elongated hairline sans-serifs with soft boho exoticism — dreamcatchers, feathers, animal totems, pale wood, macramé — all under a desaturated lo-mo haze of bone white, greige, dusty pastels and occasional prism gradients. Recognize it by centered triangle or mandala emblems, line-over-fill vector work, sun-bleached or string-lit ambient minimalism, and earnest spiritual-lite optimism on album art, boutique interiors, packaging, posters and music-video stills."
Ghostcore,aes/Ghostcore/SKILL.md,"Ghostcore is a 2010s internet aesthetic of ghosts, cemeteries and haunted domestic space, rendered in black, bone-white, sepia and fog-gray with heavy grain, dim flash light and the worn look of found photographs. Its signature elements are draped white sheets, translucent figures with pupil-less white or black eyes, handprints on glass, empty fog-bound graveyards, mansions and forests, and a deadpan humour that lets costume ghosts and occult zine collages sit beside genuine dread. Read it as photographic evidence of a presence that should not be there."
Gibson_Girl,aes/Gibson_Girl/SKILL.md,"American magazine aesthetic of the 1890s–1910s built on Charles Dana Gibson's pen-and-ink ideal of the ""New Woman"": a tall S-bend corset silhouette in a high-necked shirtwaist and floor-length flared skirt, voluminous pompadour hair often crowned by a wide-brimmed hat, and a serene, faintly haughty expression. The palette is strictly monochrome — ink black on paper white, or sepia and silver-grey studio photography — with motifs of sport, college life, the seaside, and wry dominance over bemused male foils. Recognize it by the S-curve posture, bouffant hair, magazine-plate reproduction texture (cross-hatch or halftone), and poised confidence; distinguish it from Edwardian society softness, Art Nouveau ornament, and the later pin-up."
Girl_Crush,aes/Girl_Crush/SKILL.md,"Girl Crush is the K-pop concept aesthetic formalized in the late 2000s by 2NE1 out of late-1990s techno-performance roots: black-dominant punk, biker and techwear styling cut with silver chain hardware, combat boots, fishnets and crop-top-against-baggy-pant silhouettes, sparked by red or neon accents. Recognize it by assertive stagings of women — staggered group formations, wide stances, chin-up glares — on industrial scaffolding, concrete pads or seamless white promo voids, lit by flat lookbook light or saturated color gels. Its mood is subversive, hoydenish, androgynous confidence addressed to female fans rather than ingénue objectification."
Girls'_Sleepover,aes/Girls'_Sleepover/SKILL.md,"Girls' Sleepover (slumber party, pajama party) is the domestic, group-centered aesthetic of girlhood friendship: bedrooms and living rooms over-stuffed with pillows, sleeping bags and blankets, a pink-and-white palette opened to any accent color, and nights organized around spa rituals, junk food, board games, movies and girl talk. Rooted in 1950s suburban coming-of-age culture and filtered through 2000s tween media, its imagery ranges from flash-lit film snapshots and warm string-light forts to mid-century commercial illustration and tween book-cover cartoons, always centered on multiple friends in pajamas inside a stereotypically girly room."
Girly_Kei,aes/Girly_Kei/SKILL.md,"Girly Kei (Gaari Kei) is a Japanese frilly-feminine fashion aesthetic born from 1990s magazines (Olive, CUTiE) and brands like Liz Lisa and LARME, built on pastel-pink, white and black coordinates of ruffled Peter Pan-collar blouses, high-waisted lace-hem skirts, bows and platform Mary Janes. It is recognized by lace, ribbons, frills, flower and heart prints, Sanrio-style kawaii props, perfume bottles and café sweet-trays, shot in soft high-key light often with sparkle or heart overlays. The style spans sweet pastel, gingham-preppy and black-anchored ""Dark Girly"" variants while keeping a preppy, idol-cute core."
Giscardpunk,aes/Giscardpunk/SKILL.md,"Giscardpunk is a France-centric retrofuturist aesthetic of the Giscard d'Estaing years (1974–81, stretching into the 1960s and late 1980s): blue-grey concrete megastructures, orange TGV noses and Renault hatchbacks, beige Minitel terminals with teal pixel screens, and airbrushed magazine renderings of planned cities. Its visual DNA is period print — halftone grain, poster type bands, diagrammatic transit maps — laid over a cool blue/grey/cream field punctured by state-orange accents. Recognize it by French signage, clean brutalist geometry, daylight technocratic optimism, and videotex-era analog tech, distinct from cyberpunk noir and nation-agnostic cassette futurism."
Glam_Rock,aes/Glam_Rock/SKILL.md,"Glam rock is the flamboyant British rock aesthetic of 1970–1976: platform boots, glitter and face paint, satin and crumpled metallic lamé, and androgynous performers posed on stages among drum risers and amp stacks. Its palette is maximalist — any hue licensed, unified by metallic sheen, candy saturation and hard spotlight against black voids — with camp theatricality, mullets and fluffed hair, bell-bottom flares and bodysuits as recurring signals. Recognize it by the fusion of rock gear (electric guitars, amp stacks, drum kits) with cabaret-grade makeup and glitter; it separates from disco's dancefloor gloss, goth's monochrome mourning and hair metal's 1980s spandex."
Glassmorphism,aes/Glassmorphism/SKILL.md,"Glassmorphism is the 2020s UI aesthetic of translucent frosted-glass panels floating over vivid gradient backgrounds, defined by lowered fill opacity, Gaussian background blur, and thin semi-transparent white border strokes. Typical subjects are operating-system interfaces, app cards and widgets, icon grids, 3D glass renders and AR/spatial head-up displays, in palettes of electric blue, violet and magenta gradients or their pastel and dark-neon variants. Recognize it by seeing distorted, blurred color bleeding through a matte panel edge-lit by a hairline white stroke — never opaque flat fills, never glossy skeuomorphic reflections."
Glitch_Art,aes/Glitch_Art/SKILL.md,"Glitch Art is the aesthetic of deliberate machine failure — pixel-sorted streaks, displaced horizontal slices, macroblock shards, scanline static and acid channel tints (magenta, cyan, violet, signal green) corrupting an otherwise legible photograph, film still or render, or dissolving it entirely into noise on a black void. Rooted in 1960s video sabotage and crystallized as a 1990s–2000s databending/datamoshing movement, it treats error as the subject: faces sliced into tinted bands, CRT and plasma screen artifacts, static fields, compression melt. Recognize it by the machine-grid geometry of its corruption (hard-edged rectangles, uniform scanline pitch, full-width band offsets) and by flat, screen-emissive color that ignores the lighting of the underlying scene."
Glitchbreak,aes/Glitchbreak/SKILL.md,"Glitchbreak (also Sewercore, Laincore, Dreambreak) is a late-2010s internet aesthetic born from Spotify-tagged atmospheric breakcore: melancholic anime figures, often Serial Experiments Lain-like, dissolved in pixel sorting, datamosh smears and scanlines over deep purple, black and dull-green fields punctured by neon pink and cyan. Signature elements include dated Y2K browser UI, pixelated bitmap typography, rudimentary wireframe 3D, lonely digital environments and square album-cover framing. Recognize it by its muted dark palette and mournful, dissociative mood — darker and slower than Glitchcore, more figure- and mood-driven than pure Glitch Art."
Glitchcore,aes/Glitchcore/SKILL.md,"Glitchcore (aka Eyestraincore) is a 2020s TikTok-born aesthetic of maximalist digital corruption: clipping-neon rainbows, pixel sorting and datamosh, checkerboard and dither pattern fields, sticker symbols (stars, hearts, smileys, peace signs), and anime, cartoon and video-game characters buried under layers of glitch. Signature cues include eyestrain saturation, RGB channel split, error-dialog and VHS ""PLAY"" text, and candy-cute icons paired with sick-sweet emo captions. Load this skill when recognizing or generating saturated glitch collage, corrupted-cartoon nostalgia, or hyperpop-era visual overload."
Global_Village_Coffeehouse,aes/Global_Village_Coffeehouse/SKILL.md,"Global Village Coffeehouse (GVC) is the US commercial-design aesthetic of the late 1980s through early 2000s — the ""world vibes"" look of 1990s coffeehouses, world-music album art, and eco-friendly food packaging. Recognize it by earth-tone grounds (terracotta, olive, beige, umber) warmed by airbrushed sunset gradients, rough woodcut-style line art with sketchy gaps and deliberately misregistered color layers, horror-vacui folk panels of petroglyph figures, spirals, suns, globes, hands and coffee-steam swirls, and hand-lettered irregular typography. It reads as warm, genial, faux-handcrafted multiculturalism: Starbucks-era coziness rendered as gouache and woodblock on recycled paper."
Gloomcore,aes/Gloomcore/SKILL.md,"Gloomcore is an internet-born visual aesthetic of fog-shrouded, liminal natural landscapes — evergreen forests, empty beaches, moors, streams, overgrown paths — rendered in muted greens, browns and greys with flat overcast or subtly ""off"" lighting and a soft-focus, snapshot-like surface. Its signature elements are mist and rain veiling distance, moss, lichen and fungus, dilapidated or plant-encroached structures, and optional shadowy beings, cryptids or surreal manufactured intrusions, all held in a tranquil-yet-on-edge dreamlike mood. Load this skill to recognize or generate quiet, desaturated, fog-bound nature imagery that reads as a half-remembered photograph rather than a crisp landscape print."
Goblincore,aes/Goblincore/SKILL.md,"Goblincore is a 2020s internet aesthetic that celebrates the ""ugly-beautiful"" underside of nature — moss, mud, fungi, snails, frogs, bones — and the hoarded ""shinies"" (tarnished rings, buttons, crystals, painted pebbles) of a carefree forest collector. Its visual DNA is earth-toned and shadowed: dark green, olive lime, bark brown, black loam and bone cream, punctuated by small saturated pops of mushroom-cap red, spore pink or candle amber; maximalist clutter, wet and worn textures, secondhand cloth, and intimate ground-level or hand-held scale under dappled woodland, overcast or candlelight. Load this skill to recognize or generate images of forest-floor macro specimens, cluttered trinket shelves and jars, mossy streams, worn adventurer clothing, or scavenged-object collages."
Golden_Age_of_Detective_Fiction,aes/Golden_Age_of_Detective_Fiction/SKILL.md,"Interwar (1920s–1930s) country-house mystery aesthetic built on the clash of aristocratic elegance and sudden violence — oak-paneled manor rooms, pearl strands, white tie and metallic brocade set against a single trace of blood, poison or a displaced clue. Palette of walnut and mahogany browns, ivory and pearl creams, oxblood red and poster orange under low tungsten lamplight; signature props include magnifying glasses and fingerprint powder, taxidermy and antler trophies, leather-bound private libraries, crystal decanters, steam trains and storm-lashed manor exteriors. Use for suspect ensembles, great-detective portraits, evidence still-lifes and cluttered estate interiors that read as polished suspense rather than horror, noir, academia or spy thriller."
Googie,aes/Googie/SKILL.md,"Googie is the populist Space Age commercial architecture of late-1940s-to-early-1970s Southern California — coffee shops, motels, gas stations, car washes and bowling alleys with upswept cantilevered roofs, parabolic arches, flying-saucer discs, starbursts and boomerang geometry in chrome, neon and pastel-plus-primary color blocks. Recognize it by roadside pole signs towering over open sky, rooflines that sweep upward as if in motion, and an unabashedly optimistic, car-culture futurism. Also known as Populuxe or Doo Wop."
Googie_Kitsch,aes/Googie_Kitsch/SKILL.md,"Googie Kitsch (Googie Revival) is the late-1970s-through-1990s revival of 1950s American atomic-age commercial pop: upswept roofs, boomerang tables and pillars, starbursts, orbit-diagram atoms and shooting stars, flashy neon pylons and script signage in flamingo pink, turquoise, mint and bold primaries over checkerboard floors and chrome. Typical subjects are coffee-shop and diner interiors, roadside snack-bar signage at night, cocktail lounges in saturated colored light, and flat print-ad or album-cover graphics with cutout figures, martini glasses and hand-lettered type. The mood is a tongue-in-cheek Jetsons utopia — automated fun, plastic modular space, consumer optimism — never dystopian."
Gorecore,aes/Gorecore/SKILL.md,"Gorecore (also Fleshcore, Slaughtercore, Murdercore) is a transgressive internet aesthetic of stylized bloodshed: saturated scarlet-to-oxblood reds staged against black and bone-white, carrying bloody knives, razor-blade and spike hardware, skeleton and organ motifs, SFX fake blood, and slasher-film grain. Typical subjects are body fragments (pale necks, bleeding hands), knife-themed goth-punk accessories and garments, creepy naive drawings, and high-contrast red-on-black posters or collage grids. Recognize it by hard red/black contrast, viscous paint-like drip silhouettes, and sweet-versus-deadly juxtapositions — never by photorealistic clinical gore or pastel softness."
Goreweb,aes/Goreweb/SKILL.md,"Goreweb (also Chaoscore, AGC Style, LiveLeakcore) is a 2020s internet aesthetic, a subgenre of Opium streetwear branding, that recasts mid-2000s shock-site horror — LiveLeak watermarks, cursed JPEGs, fake gore, deep-fried compression — into high-fashion hype imagery. Recognize it by bitcrushed black fields, arterial-red watermark text and splatter, spiky symmetrical slam-metal logotypes, dental and medical horror, Oldboy and gimp-mask streetwear motifs, thermal/night-vision casts, and degraded merch mockups. Its mood is aggressive, desensitized and shitpost-ironic — never vulnerable."
Gorpcore,aes/Gorpcore/SKILL.md,"Gorpcore is the 2010s outdoor-utility streetwear aesthetic: technical shell jackets, fleeces, puffers and baggy cargo pants in muted earthy greens, browns, greys and blacks, punctuated by occasional high-visibility orange, yellow or electric-blue accents. Signature elements are visible layering, hoods and beanies, functional hardware (zippers, buckles, drawcords, taped seams), small outdoor-brand logos and chunky hiking sneakers or boots, photographed in flat overcast light on mountain trails, in conifer forest, or against mundane urban concrete. Faces are often half-hidden by hoods, neck gaiters or wraparound shield sunglasses; the mood is understated, prepared and deliberately unpretentious."
Goth,aes/Goth/SKILL.md,"Goth is the music-born subculture aesthetic of late-1970s/1980s Britain (London, Leeds, the Batcave club), built on a black-dominant palette accented by deep purple, crimson, emerald and bone-white. Its signature elements are backcombed, teased deathhawk or shag hair; pale matte skin with heavy graphic eye makeup; fishnets, lace, velvet, studded leather and corsetry worn as outerwear; and heavy silver occult jewelry (ankhs, crucifixes, skull rings). Typical subjects are androgynous figures in pensive studio portraits, club and street snapshots, domestic group shots and romantic mourning tableaus, rendered in grainy monochrome or faded amateur color."
Goth_Punk,aes/Goth_Punk/SKILL.md,"Goth Punk (J-Punk) is a Japanese street fashion of the late 1990s–2000s that fuses goth and punk into black-dominant coordinates cut with red tartan, black-and-red stripes and red contrast stitching, loaded with silver chains, studs, buckles, spikes and exposed zips, worn by androgynous figures in thick-soled platform boots. Typical images are Japanese brand catalog and advertisement scans, street snaps, and clean cel-shaded anime character art featuring skull, spider, bat and cross motifs, bondage pants, pleated tartan skirts, sailor collars and edgy ""Engrish"" print. Recognize it by the black/red/white triad, the density of tartan-plus-metal hardware, and casual androgynous styling — distinct from Victorian Goth, Visual Kei stage wear, and Western Emo."
Gothabilly,aes/Gothabilly/SKILL.md,"Gothabilly (also hellbilly, dark pin-up) is a 1990s subculture aesthetic that cuts 1950s American rockabilly silhouettes — wiggle dresses, pencil skirts, swing skirts over petticoats, cuffed trousers, waistcoats — in a goth palette of black ground punctured by red, cream and purple, with polka dots and leopard print as pattern breaks. Recognize it by horror-kitsch motifs (skulls, bats, spiderwebs, coffins), pin-up grooming (victory rolls, Bettie bangs, winged cat-eye liner, dark red lips), fishnets, lace gloves, satin or PVC sheen, platform and creeper shoes, and a campy macabre-glamour mood that favors mood over aggression."
Gothic,aes/Gothic/SKILL.md,"Gothic is the literary and visual aesthetic of late-18th-century British Romanticism's dark side — haunted castles, crumbling ruins, weathered graveyards, candlelit interiors and wild storm-lashed moors, rendered in a near-monochrome palette of soot black, fog grey and bone white with oxblood red and mourning purple as the only saturated accents. Signature elements include silhouetted spires and wrought-iron gates, ghosts in white, memento mori skulls, ravens and bats, red velvet, candelabras, antique books, and a rendering lineage split between pen-and-ink book illustration (Beardsley, Doré, Gorey, Kay Nielsen) and chiaroscuro Romantic oil painting (Fuseli, Goya). Mood is suspense, dread and the sublime: emotion over reason, antique decay over modern shine."
Gothic_Belly_Dance,aes/Gothic_Belly_Dance/SKILL.md,"Gothic Belly Dance (also Dark Fusion Belly Dance or Tribal Goth) is a 1990s US performance-costume aesthetic that fuses American Tribal Style belly dance with Goth subculture: bare-midriff choli tops, hip skirts and coin-and-chain belts rebuilt in black lace, leather and velvet, loaded with bone, wood and stone jewelry, dreadlocks, piercings and tribal tattoos. Its palette is black-dominant with deep reds, purples and dark earth tones, photographed in low-key studio gloom, saturated stage gels, overcast cool light or high-contrast monochrome. Recognize it by the dance posture plus coin-metal-and-bone ornament over gothic darkness — never by glittering cabaret gold or pure street-goth fashion."
Gothic_Lolita,aes/Gothic_Lolita/SKILL.md,"Gothic Lolita (gosurori) is a Japanese street fashion of the late 1990s, pioneered by Mana of Malice Mizer, that fuses the doll-like, petticoat-supported Lolita silhouette with dark Western Goth elegance. Recognize it by knee-length black A-line or bell skirts over petticoats, lace-trimmed blouses with rectangle headdresses or side-worn headpieces, hime-cut jet-black hair, dark wine lipstick, and motifs of crosses, bats, coffins, chandeliers and deep red roses, accented with ivory lace or jewel tones (crimson, royal blue, purple). The mood is melancholy, mysterious, Victorian-doll elegance — neither punk aggression nor pastel cuteness."
Graffiti_Pop,aes/Graffiti_Pop/SKILL.md,"Graffiti Pop is the 1980s–early-1990s commercial packaging of New York street graffiti and hip-hop into a mass-media shorthand for ""urban cool"": wildstyle and bubble-letter murals, tags on brick, chain-link fences, street lamps, trash cans and run-down cars, lit by neon spray accents (hot pink, neon green, purple, electric blue, red) against grey concrete and rust. Typical subjects are baggy-clothed street kids, breakdancers, DJs, cartoon mascots in big trainers, boomboxes and spray cans, framed as music-video sets, TV intros, album covers, arcade ads and faded 35mm snapshots. Recognize it by the collision of grungy urban-decay props with saturated, airbrushed, cartoon-confident colour and hand-styled lettering."
Grandmillennial,aes/Grandmillennial/SKILL.md,"Grandmillennial (Granny Chic, New Traditionalist) is an early-2020s interior and lifestyle aesthetic that layers floral chintz, toile wallpaper, needlepoint pillows, ruffles, pleated lampshades, wicker and polished dark-wood furniture in pattern-on-pattern rooms grounded in soft pastels (sage, powder blue, blush) and punctuated by richer traditional notes (cobalt blue-and-white china, olive green, mahogany, burgundy). Recognize it by curated inherited clutter — china collections, gilt-framed heirloom paintings, gallery walls, brass vases of garden flowers, skirted tables — and by modest vintage-inspired fashion with pearls, brooches and monograms; the mood is sincere nostalgia and comfort, never ironic kitsch and never minimalist."
Granola,aes/Granola/SKILL.md,"Granola (Granola Girl/Guy, ""crunchy"") is a 2010s Instagram-and-TikTok lifestyle aesthetic of earnest outdoor recreation, built on lived-in Patagonia fleece, flannel shirts, Birkenstock sandals, Kånken packs and reusable water bottles photographed on trails, campsites and lake edges. Its palette is sun-faded earth — bark brown, olive moss, oat beige, terracotta rust, deep lake blue — rendered in soft natural light with a film-faded snapshot grain. Signature reads: unposed laughing candids, mossy forest and mountain biosphere, granola bowls and enamel mugs, friendship bracelets and braids, and Pinterest-style moodboard collages with handwritten captions."
Grażynacore,aes/Grażynacore/SKILL.md,"Grażynacore is the earnest-but-ironized visual dialect of glittery greeting graphics circulated by Polish women around 60 on Facebook, descended from 1960s socialist-bloc sound postcards and 1990s Disco Polo cassette art. Recognize it by saturated pink/red/brown/gold palettes, blinking glitter stars and bokeh sparkle, clipart roses and steaming coffee cups with cream hearts, soft-focus animals, and Polish diminutive greetings (""kawusia"", ""serduszka"", ""Miłego dnia"") set in glossy serif or script type over layered photo-and-clipart collage. The ironic variant keeps the warm container intact while inserting deadpan dissonant figures — communist-era politicians, Pope John Paul II, anime and video-game characters — into the same roses-and-coffee format."
Greaser,aes/Greaser/SKILL.md,"Greaser is the 1950s American working-class youth aesthetic of pomade-sculpted pompadours and ducktails, black leather or denim jackets over fitted white T-shirts, cuffed blue jeans and boots, posed with cigarettes, switchblades and flame-painted hot rods. Its palette is black, white and red held in check by denim indigo and asphalt gray, rendered in grainy 35mm snapshots or saturated revival-film color. Recognition anchors: gang group tableaus, defiant leisure, gleaming combed hair, and a machine cult of kustom cars and motorcycles."
Green_Academia,aes/Green_Academia/SKILL.md,"Green Academia (Botanic/Earthy Academia) is a 2020s internet aesthetic of field-science scholarship: pressed plants, nature journals with ink handwriting and Latin labels, bones, fossils, fungi, moss, and cloth-bound books studied in greenhouses, vine-choked libraries and damp forests. Its palette is desaturated moss-and-forest green with bark brown, parchment cream and stone grey, lit by overcast or window light with a faded analog film finish. Recognize it by the fusion of scholarly apparatus (specimens, journals, collections, old books) with living or preserved nature; distinguish it from Dark Academia (no gothic candlelight), Light Academia (no cream-and-marble classicism), Campcore (no recreational camping gear), Gardencore (no cozy cottage cultivation) and Goblincore (no muddy chaotic hoarding)."
Grime_Art,aes/Grime_Art/SKILL.md,"Grime Art (aka the Zombie Effect) is a mid-2010s internet-born digital style in which portrait photographs are invaded by hand-drawn cartoon slime: melting, dripping flesh in pastel pink, acid green or bright purple, solid glowing white eyes, droopy eyebags, extra eyes and pizza- or vomit-textured skin. Recognize it by the tension between an untouched photographic substrate and flat, vibrantly sickly, gravity-obeying goo confined to faces and hands, plus optional dripping hand-lettered captions. Typical subjects are selfies, celebrity portraits, memes, party snapshots, classical paintings and cartoon characters zombified into grotesque-playful caricatures."
Grindhouse,aes/Grindhouse/SKILL.md,"Grindhouse is the 1970s American exploitation-cinema aesthetic — degraded analog film (heavy grain, scratches, blurry motion), decaying urban sprawl, and shouted one-sheet poster design in blood red, soot black, aged-paper cream and one saturated accent such as flame orange, hot magenta or acid yellow. Signature elements include practical splatter effects, halftone dots and fold-creased print textures, collage anti-hero compositions with taglines and credit blocks, theater marquees and drive-in ephemera, and marginal ""problematic"" characters — blaxploitation heroines, vigilantes, bikers, sex workers, zombies. Recognize it as pulp social commentary worn as analog damage, revived by the 2007 Tarantino/Rodriguez double feature and neo-grindhouse game and music-video styling."
Grocery_Girl_Fall,aes/Grocery_Girl_Fall/SKILL.md,"Grocery Girl Fall (Grocerycore) is a 2020s TikTok-born fashion and interior microtrend, crystallized in autumn 2023, that furnishes clothes and rooms with edible vocabulary: fruit-shaped ceramic vases and lamps, pasta- and radish-print textiles, hyperrealistic food candles, anthropomorphized snack plushies, papier-mâché produce. Its palette is produce-aisle saturation — tomato red, butter yellow, leafy green, strawberry pink — staged either in thrifted vintage domestic rooms or on flat candy-colored studio grounds, always with camp humor and handmade DIY texture. Recognize it by food-shaped functional objects, food prints, and playful maximalist grocery displays; separate it from Maillard's brown tonality, Whimsigothic's occult dark, and non-food maximalism."
Groovival,aes/Groovival/SKILL.md,"Groovival is the late-1980s-to-mid-2000s revival aesthetic that fuses 1960s mod, flower-power hippie and 1970s disco imagery with acid-rave smileys and cyberdelic liquid swirls, in a high-key candy palette of yellow, pink, baby blue, purple, green and white. Recognize it by flat oversized daisy prints, tie-dye spirals, peace signs, kaleidoscopic radial bursts, bubble-groovy lettering, colour-block mod minidresses and go-go boots, all rendered with period revival production tells — vector flats, halftone print, lava-lamp CGI gradients, glossy catalogue photography — and a knowingly satirical, nostalgic wink."
Grunge,aes/Grunge/SKILL.md,"Grunge is the visual language of the Seattle sound of the late 1980s to mid-1990s: thrifted oversized flannel, ripped faded denim, vintage band tees, combat boots and unkempt hair, shot on grainy analogue film or assembled as torn, photocopied zine collage. Its palette is earthy and muted — brown, army green, grey, burgundy, faded denim blue — under overcast daylight, harsh club flash, or high-contrast black and white, with distressed textures, eroded handwritten type and slouchy anti-fashion silhouettes throughout. The mood is apathy, angst and lived-in authenticity: everything looks worn, borrowed and deliberately unpolished."
Guido,aes/Guido/SKILL.md,"Guido/Guidette is the loud, flash-lit aesthetic of working-class Italian-American crew culture from New York and New Jersey — 1970s disco roots, late-2000s Jersey Shore peak — built on bronze tanning-bed skin, gel-sculpted blowouts and crown poofs, gold crucifix chains and rosaries, Ed Hardy/Fila logo wear, leopard print and hot pink against Italian-tricolore accents. Recognize it by tight crew group poses under harsh on-camera flash at beaches, boardwalks and clubs, where vanity, machismo and conspicuous consumption are worn sincerely, not ironically."
Gulf_Futurism,aes/Gulf_Futurism/SKILL.md,"Gulf Futurism is the hypermodern aesthetic of the Arabian Gulf petro-states (born 2008, named 2012), pairing desert haze and colossal infrastructure — striped water towers, lattice-skinned skyscrapers, rusted oil crawlers, mirrored linear megacities — with traditional Gulf geometric ornament and oil-slick iridescence. Recognize it by sun-bleached sand-and-bone palettes punctured by one bold stripe, lattice or coral accent; sterile empty megastructures under washed pale skies or amber dust; tiny or absent humans; and a mood of prosperous alienation and surreal exaggeration."
Guochao,aes/Guochao/SKILL.md,"Guochao (国潮, ""National Trend"" / China-chic) is the post-2018 Chinese commercial-pop aesthetic that collides late-Qing and Republican-era signifiers — qipao, Peking-opera Dan headdresses, calligraphied folding fans, xiangyun clouds — with modern streetwear, gadgets and brand-poster grammar. Its visual DNA is saturated vermilion red locked against turquoise/kingfisher blue, gold trim, ink-brush jianghu typography with red seal stamps, dense collage or solid-red product staging, and confident, rebellious posing. Recognize it by opera coronet plus sneakers, palace wall plus product render, and brush-calligraphy title blocks treating heritage as something worn, sold and remixed."
Gurokawa,aes/Gurokawa/SKILL.md,"Gurokawa (""grotesque cute"" / ""creepy cute"") is a Harajuku-born Japanese aesthetic of the 2000s–2010s that fuses kawaii fashion grammar — candy pastels, hot pink, ruffles, bows, mascot charms, maximalist accessory stacking — with anatomical horror motifs: glossy eyeballs, fake blood drips, brains, bones, organs, teeth, and cute monsters caught mid-mischief. Recognize it by bright high-key lighting, gaudy all-over prints and charm clusters, and gore rendered as shiny toy-scale props rather than realistic wounds. Typical subjects are street-fashion coords, accessory flat lays, vinyl plush and dolls, nail art, and superflat-influenced chibi illustration."
Gustavian,aes/Gustavian/SKILL.md,"Gustavian — Swedish Neoclassicism of Gustav III's reign (c. 1772–1809) — is the pale Nordic translation of Louis XVI France: straight fluted or tapered legs on painted, lightly distressed grey-white furniture, restrained carved ribbons, medallions and laurel wreaths, gilding used as punctuation, and blue-and-white checks or linen stripes beneath crystal chandeliers and gilded mirrors. Interiors are high-key and airy in creamy whites, powdery blues, pale greys, soft yellows and muted greens, composed symmetrically to bounce scarce winter light. Recognize it by painted wood instead of showy grain, classical grammar at domestic scale, and a mood of elegant restraint poised between palace formality and rustic simplicity."
Gutter_Punk,aes/Gutter_Punk/SKILL.md,"Gutter Punk is the street-documentary aesthetic of transient punk nomads (crusties, punk-à-chien, perroflauta): tattered, patch-and-stud-covered clothing in black and weathered earth tones, dreadlocks or mohawks, facial tattoos and stretched piercings, and near-constant animal companions — dogs draped over laps, cats perched on shoulders — amid sidewalks, curbs, doorways and squat circles. Snapshot-flash or flat-overcast lighting, oversized backpacks, busking instruments and panhandling cups separate it from stage-bound crust or folk punk. Load this skill when recognizing or generating images of street-squatting punk travelers, buskers with dogs, or DIY anti-fashion squalor."
Gyaru,aes/Gyaru/SKILL.md,"Gyaru (gal) is the Japanese street-fashion subculture born in mid-1990s Shibuya, defined less by any single garment than by eye-enlarging makeup (droopy tareme liner, circle lenses, stacked false lashes, aegyo-sal eye-bag highlight), bleached or pink/silver-dyed voluminous curled hair, and maximalist over-accessorizing over animal print, denim, hot pink and black. Recognize it in flash-lit full-body street snaps and magazine-scan layouts: platform or thigh-high boots, fuzzy leg warmers, long deco nails, brand bags, oversized bows, peace-sign group poses, and a loud, confident, unapologetic mood that spans neon ganguro extremes, black-and-pink agejo glamour, and pastel hime sweetness."
Gyaruo,aes/Gyaruo/SKILL.md,"Gyaruo (ギャル男) is the masculine half of Japan's late-1990s-to-2000s Gyaru street fashion: young men with bleached, teased, high-volume ""sujimori"" hair, often artificially tanned, wearing tight brand-logo clothing layered with studded belts, wallet chains, stacked bracelets and sunglasses. The palette swings by substyle between black/white/gold and leopard print (Rock, Biker, Onii end), camo earth tones (Military), and sun-bright pastels or club neons (Surfer, American Casual, Sentaa Guy), delivered as Shibuya street snaps, harsh night-flash candids, or saturated Men's Egg magazine spreads with Japanese headline typography. Recognize it by volume-streaked bleached hair, peacocking hand gestures, accessory overload, and early-2000s Japanese snapshot/print media texture."
Hacker_Chic,aes/Hacker_Chic/SKILL.md,"Hacker Chic is the 1990s-crystallized aesthetic of computer intrusion and hacker subculture: near-black interiors lit only by phosphor-green or cold-blue terminal screens, monospace code and digital rain, CRT monitors, chunky keyboards, CDs and cables, gloved hands, hooded silhouettes and Guy Fawkes masks. Its signature moves are the screen as sole light source, text-as-texture (terminal logs, ASCII art, nfo headers), and anonymous or obscured figures, carrying an anti-corporate, information-wants-to-be-free mood. Load this skill for images of hacking culture, terminal interfaces, hacker dens, mask portraiture, or clandestine tech noir."
Hadeko,aes/Hadeko/SKILL.md,"Hadeko is a mid-to-late 2000s Japanese street fashion from Amerikamura, Osaka, built on saturated primary and full-rainbow palettes: oversized tie-dye shirts, baggy harem pants, rainbow-striped knits, and enormous frizzy ""bonzura"" wigs crowned with star clips, pom-poms and tiny perched hats. Recognize it in casual street-snap photographs of playful maximalist outfits where rainbow bands, tie-dye swirls and clashing primaries run from the wig halo down to platform shoes, with plastic toys, bead strands and smiley charms as accents. It sits next to Decora and Kidcore but is garment- and wig-driven rather than accessory-count-driven or nostalgia-driven."
Hair_Metal,aes/Hair_Metal/SKILL.md,"Hair metal (glam metal, sleaze rock) is the 1980s Sunset Strip hard-rock look: enormous backcombed, permed and teased hair, androgynous kohl-and-lipstick makeup on male performers, and layered studded leather, fishnet, animal print, denim and chain hardware. Its palette anchors black leather, platinum blond and chrome silver against saturated magenta, violet, scarlet and navy gel-lit backdrops, appearing in studio promo shots, album covers, stage photos and airbrushed illustration. Recognize it by volume-first silhouettes, crucifix-and-bangle jewelry, bandana-and-scarf layering, and a hedonistic ""sex, drugs and rock 'n' roll"" party-glamour mood."
Halbstarke,aes/Halbstarke/SKILL.md,"Mid-1950s West German youth-revolt aesthetic: black leather jackets, riveted denim jeans, checked shirts, studded belts, heavy boots and the Elvis-quiff (""Elvistolle""), captured in grainy monochrome press reportage on German street corners, tenement doorways and Vespa scooters. Subjects loiter in gangs, slouch against brick and rubble-era walls, or surge in cinema and concert crowds; the mood is defiant, bored and anti-""Spießigkeit"". Recognize it by the greaser-derived uniform placed inside German-speaking urban scenery and a documentary silver-gelatin black-and-white treatment."
Halloween,aes/Halloween/SKILL.md,"Halloween (Spookycore, All-Hallows Eve) is the mass-market holiday aesthetic of the supernatural and the harvest: a black-and-orange core dyad lit by candle glow, string lights, neon tube or blacklight UV, populated by carved jack-o'-lanterns, black cats, bats, spiders, skeletons, sheet ghosts and B-movie monsters. It spans registers from 1920s–60s sepia pin-up greeting cards and candlelit gothic graveyards to UV-fluorescent party rooms, pastel kawaii sweets and novelty skeleton knitwear. Recognition hinges on theatrical spookiness — camp, cute or gothic, but always staged as holiday decor, costume, candy or mascot graphic — rather than genuine terror."
Hallyu,aes/Hallyu/SKILL.md,"Hallyu (the Korean Wave) is the visual surface of South Korean pop culture — K-pop idol grooming and stylist-built stage concepts, K-drama romance, and K-fashion's milky pastel lifestyle. Expect ivory/cream bases washed with blush, peach, sakura and lilac; pearl and fine-gold jewelry; perfectly styled, dyed hair with light makeup and a single small earring; fan-culture artifacts like photocard grids, poster walls and idol collages; sheer-curtain daylight and high-key product light, with saturated violet-magenta stage gels as the concept-driven exception. Load this skill for images evoking Korean idol media culture, fandom rooms, Korean beauty coords, or soft romantic Korean lifestyle scenes."
Han-Western_Eclectic,aes/Han-Western_Eclectic/SKILL.md,"Han-Western Eclectic (Han-Yang Zhezhong) is a 2010s–2020s Chinese fashion aesthetic that layers vintage Western finery — lace, tulle, poke bonnets, lace parasols, pearl necklaces, Mary Jane shoes — onto preserved Ming-style Hanfu silhouettes: stand-collar jackets with side frog closures, wide sleeves, and pleated horse-face skirts. It reads as high-key pastel (ivory, blush, porcelain blue, sage) in soft, blooming daylight, with a genteel, nostalgic leisure mood set in rose gardens, white colonial facades, and lace-curtained rooms. Recognize it by its double signature: a historically cut Hanfu garment left intact, plus antique European accessories and trim — never modern Western wear."
Hands_Up,aes/Hands_Up/SKILL.md,"Hands Up (Handz Up!, aka Commercial Trance / Dancecore) is the graphic aesthetic of mid-2000s to early-2010s German and Central European eurodance: near-black canvases lit only by electric blue, neon pink, vibrant green and electric orange light trails, particle bursts and rainbow equalizer bars orbiting silhouetted or desaturated stock-photo dancers and headphone-wearing DJs, crowned by glossy chrome-beveled 3D logotypes. Signature elements include neon swirls wrapping a mid-action figure, shattering-glass energy bursts, oversized headphones, and optional JDM tuner cars; the mood is euphoric, maximalist digital-club optimism of YouTube visualizers and compilation covers. Use when recognizing or generating 2005–2013 eurodance cover, flyer or wallpaper art."
Happy_Rock,aes/Happy_Rock/SKILL.md,"Colorido / Happy Rock is the Brazilian teen pop-rock aesthetic of roughly 2009–2012: androgynous band-and-fan looks built on neon-candy color-blocked skinny jeans, customized graphic tees, glossy vests and puffer jackets, straight fringed hair with dyed streaks, and statement sunglasses or thick-rim glasses. Recognize it by high-key white or sun-saturated promo lighting, one dominant saturated hue per person in a group, vector-sticker and notebook-doodle graphic overlays, and an unmistakable mood of optimistic, friendship-driven fun — a deliberate anti-emo brightness."
Harajuku_Fashion,aes/Harajuku_Fashion/SKILL.md,"Umbrella street-fashion aesthetic of Tokyo's Harajuku district (1970s to present): maximalist, decorative, attention-grabbing coordinates spanning candy-pop magenta, mint, lemon and lavender through to goth and Visual Kei black, often clashed inside a single outfit. Signature elements include Sanrio-type character goods, polka-dot/star/skeleton prints, platform soles, layered socks and leg warmers, vividly dyed twintails, toy-like accessories and handmade headwear, typically captured in flat-daylight street snaps, crowded Takeshita Street scenes, cluttered boutique interiors, or bright solid-backdrop studio portraits."
Haunted_Mound,aes/Haunted_Mound/SKILL.md,"Haunted Mound (aka Butcher House Aesthetic, Rural Horrorcore, Sematarycore) is a late-2010s Northern California underground-rap aesthetic that photographs rural American mundanity — dirt roads, ranch houses, graveyards, cabin lofts, gas stations — through a deep-fried, flash-lit, over-sharpened lo-fi lens in burnt orange, blood red, black and forest green. Signature elements include the 2012-drill-derived uniform (baggy True Religion jeans, New Rock platform boots, Affliction-type graphic tees, Realtree camo), chainsaws and box cutters, taxidermy and sheet-ghost props, the ""Harold"" tree sigil, hooded Nazgul-style cloaks, and Pen & Pixel-style airbrush covers swapping luxury for hearses and skeletons. Load this skill when an image combines corrupted-snapshot degradation and rural occult myth with streetwear flex, rather than urban drill polish or cinematic folk horror."
Hauntology,aes/Hauntology/SKILL.md,"Hauntology is the 2000s British ""lost futures"" aesthetic: decayed artifacts of 1960s–70s welfare-state media — Brutalist concrete, Public Information Film grain, subverted civic posters, VHS tracking lines, xeroxed halftones — in muted olive, institutional mustard and aged-paper cream. Recognize it by faceless or masked figures, empty institutional corridors, folk effigies in overcast fields, and obsolete tape hardware, all treated as memory-decayed archive material carrying melancholy and quiet dread. Where Analog Horror frightens and Vaporwave ironizes, Hauntology mourns a future that never arrived."
Health_Goth,aes/Health_Goth/SKILL.md,"Health Goth is an early-2010s, net-art-born fashion aesthetic that fuses high-performance technical sportswear (mesh jerseys, compression gear, PVC/latex, technical sneakers) with sterile, rendered futurism in a strict black-white-grey monochrome. Signature elements include brand logos used as pure graphic contrast, angular futuristic typography, transparent and vacuum-sealed packaging, chrome and frosted translucency, clinical white voids and 3D-rendered interiors, and transhumanist props such as prosthetics and body-enhancement tech. The mood is clinical, anti-nostalgic and minimally dystopian — an ""exercise in aesthetics,"" not a lifestyle."
Heart_Emoji_Meme,aes/Heart_Emoji_Meme/SKILL.md,"Heart Emoji Meme (also called Soft Edits or Wholesome Edits) is a late-2010s Stan Twitter / K-pop fandom editing aesthetic in which candid photos, cartoons, pets and even ""cursed"" images are buried under maximalist swarms of glossy Apple/Android heart emoji, blush stickers, heart crowns and radial ""shaking"" motion blur. Its palette is hot pink, red, pastel purple and white with gold sparkle accents, capped by lowercase Arial or Snapchat-bar captions of exaggerated affection. Recognize it by platform emoji glyphs layered as crisp digital stickers over an ordinary snapshot base, vignette/zoom blur, and a soft hazy ""precious"" glow."
Hedi_Boy,aes/Hedi_Boy/SKILL.md,"Hedi Boy is the early-2000s rock-luxury menswear aesthetic built on Hedi Slimane's ultra-skinny silhouette — skin-tight black jeans or razor-narrow tailored trousers, cropped motorcycle leather or minimal tailored jackets, pointed Cuban-heel boots, voluminous mod-cut hair and black Wayfarer sunglasses worn indoors — rendered in a jet-black, charcoal, grey and white monochrome. Its native imagery is campaign and runway photography: seamless grey studio backdrops, high-contrast black-and-white or desaturated cool color, elongated vertical full-body framing, and poses of frontman nonchalance (head-down ""underlook"", slouched sprawl, mid-stride walk). Revived in the 2020s as ""Haute Indie Sleaze"", it carries androgyny, self-aware irony and rock 'n' roll romanticism as core values."
Heisei_Retro,aes/Heisei_Retro/SKILL.md,"Heisei Retro is a 2020s Japanese nostalgia aesthetic that stacks the consumer pop of 1989–2019 — Tamagotchi, decoden-decorated flip phones, Game Boys, QuickSnap disposable cameras, profile books, Sanrio-type plush, gyaru accessories — into candy-saturated maximalist collages, flat-lays and shop displays. Its palette anchors on hot pink with mint green, lemon yellow and cherry red accents; its signature language is blob katakana typography, sticker and speech-bubble overlays, sparkle bursts, glossy plastic and plush textures, and flash-bright or high-key lighting. Recognize it by dated early-digital tech plus clutter plus candy print language; it differs from Showa Retro (sepia, analog-only) and from generic Kawaii (no era markers)."
Heistcore,aes/Heistcore/SKILL.md,"Heistcore is the glamour-of-transgression aesthetic of the elaborate theft — vault doors and wall safes, gold-framed oil paintings swung open on hidden hinges, gloved hands cupping loose sapphires, scattered stacks of high-denomination banknotes, paper blueprints and forged IDs. Its palette is dark, deep and metallic (black, brushed steel, gold, cream paper) punctured by saturated jewel tones of ruby, sapphire and emerald, with motifs of catsuits, rubber masks, champagne, fur and museum wealth running from 1920s Egyptomania through mid-century caper cinema to contemporary heist media. Recognize it by the trio of security machinery, anonymous hands or masked faces, and Old Money objects framed as target or loot."
Hellenic,aes/Hellenic/SKILL.md,"Hellenic is the contemporary internet aesthetic of ancient Greece and its mythology — white marble statuary and colonnades, gold laurel wreaths and drachmas, red-figure pottery, pomegranates, grapes and wine, lyres, owls, thunderbolts and other god-attributes, staged with devotional reverence. Its palette spans marble white, beige and silver, ceremonial gold, ceramic black-and-terracotta, Aegean blue and, in its modern romantic register, blush-pink florals; light ranges from hard Mediterranean noon to museum diffuse to candlelit Greek-revival interiors. Recognise it by meander (Greek key) borders, peplos and chiton drapery, contrapposto figures, attribute-based god iconography and mythic still-life altars."
Herki,aes/Herki/SKILL.md,"Herki (Херки) is the Russian late-1990s/early-2000s teen subculture that compressed goth fashion into a cheap, fandom-driven uniform: black mesh and tulle, pale powdered skin under panda-thick black eyeliner, ankh chokers and the Ville Valo knit beanie, photographed on early digital compacts against Soviet apartment interiors (wall-hung grandmother's carpet, olive-green painted stairwell walls) or overcast cemeteries. Recognize it by black-dominant frames with subdued red/plum accents, harsh direct-flash snapshot lighting, performed adolescent melancholy, and VK/LiveJournal-era photo grammar with handwritten Cyrillic overlays."
Heroic_Realism,aes/Heroic_Realism/SKILL.md,"Heroic Realism is the state and wartime propaganda-poster style of the 1910s–1940s (peak 1920s–1930s): idealized, larger-than-life heroes — soldiers, factory workers, farmers, national personifications — painted in realistic lithographic or painterly technique with noble exaggerated anatomy, commanding gestures (pointing index finger, raised fist, uplifted tool or flag), radiating light rays and silhouetted masses behind them. Its palette is limited spot printing on cream paper: flag red, institutional blue, ink black, signal yellow and national colours, paired with bold all-caps condensed typography carrying an imperative message. Recognize it by vertical poster format, matte print texture, moral urgency and monumental scale; subjects range from recruitment and war bonds to labour drives, space race and civic campaigns."
Heroin_Chic,aes/Heroin_Chic/SKILL.md,"Heroin Chic is the early-1990s fashion-photography aesthetic of emaciated, androgynous youth — pale clammy skin, sunken dark-ringed eyes, stringy hair, angular collarbones and loose black clothing, shot on grainy black-and-white film in bare studios or run-down interiors with a vacant, apathetic deadpan. Its palette is black, paper white and greyed flesh, with at most a single oxblood-red lip accent; its mood is nihilist detachment, a reaction against glossy 1980s health. Recognize it by monochrome film grain, thin bodies, hollow stares and editorial-or-snapshot framing in the Calvin Klein Obsession register."
HexD,aes/HexD/SKILL.md,"HexD (also Surge, Hexxed, Hex) is the late-2010s SoundCloud microgenre aesthetic of deliberately degraded Old Web cover art — compressed, pixelated anime girls (succubi, vampires, winged figures) buried under Blingee-era glitter, occult stamps like hexagrams and demonic sigils, 2000s game sprites, and mismatched WordArt text. Its palette is white, pink, purple, black and holographic iridescence, all crushed by JPEG artifacts, GIF banding and dither. Recognize it by the cute-versus-occult clash: sparkle-strewn, low-resolution, melancholic ""deep internet"" collage that looks like a 2004 web graphic resaved a hundred times."
Hexatron,aes/Hexatron/SKILL.md,"Hexatron is the dark, sleek sci-fi aesthetic of mid-2000s-to-early-2020s gaming hardware, game CGI and film interfaces: near-black grounds lit by self-emissive neon blue, hexagonal and faceted angular geometry, holographic terminal-style UIs, and glossy 3D-rendered technology covered in panel-line ornamentation. It inherits Frutiger Aero's gloss and 3D shine but strips out all nature, substituting sharp corners, white-and-gunmetal shells, and red-orange alert accents. Recognize it by hex motifs, particle-ring holograms, product-render robots and consoles, HUD glyph columns on black, and chamfered, greebled machine surfaces."
High_School_Dream,aes/High_School_Dream/SKILL.md,"High School Dream is the nostalgic, media-shaped fantasy of the American high school as portrayed in 1980s-rooted, late-1990s/200s teen film and TV: bright school-spirit primaries (cherry red, royal blue, mustard yellow, hot pink) over cream institutional tile and mint locker enamel, with letterman jackets, pleated skirts, decorated lockers, cheer squads, pep rallies, yellow school buses and diner booths. Images stage teens as ensemble archetypes in idealized school spaces, rendered either as polished cinematic stills or grainy 35mm flash snapshots. Load this skill for stylized school-spirit imagery, teenage ensemble melodrama, or Y2K teen-media nostalgia."
Hime_Gyaru,aes/Hime_Gyaru/SKILL.md,"Hime Gyaru (""Princess Gal"") is a late-2000s Shibuya gyaru substyle of hyper-feminine princess glamour: pastel pink-and-white coordinates of lace, frills, pearls and rose prints, crowned by enormous curled honey-blonde hair (teased sujimori volume, blunt bangs) topped with oversized bows, fabric-rose clusters or tiaras, and a doll-face of circle lenses, heavy false lashes and high pink blush. Recognize it by high-key pastel photography, boutique interiors and Shibuya street-snap settings, decorated flip phones, and head-to-toe coordinated royalty motifs (bows, roses, pearls, rococo prints). Distinguish it from Lolita by its mature, glamorous silhouette and gyaru makeup, and from Agejo by its pastel court palette instead of black-red-gold hostess glamour."
Hime_Lolita,aes/Hime_Lolita/SKILL.md,"Hime Lolita is the princess branch of Japanese Lolita fashion: pastel Rococo-revival coordinates built on petticoat-supported bell or sack-back silhouettes, knee-length or longer, layered with copious lace flounces, ruffle tiers, satin bows and rose clusters, and crowned with miniature crowns, large bonnets or rose headdresses trailing lace veils. The palette runs pale pink, ivory, baby blue, mint and pale yellow with metallic gold as the only accent; hair is teased into high-volume curls and finished with pearls, lace gloves and heeled tea boots. Recognize it by opulence that exceeds Sweet Lolita plus regal headwear and 18th-century Robe à la Française gown lines."
Himekaji,aes/Himekaji/SKILL.md,"Himekaji (""casual princess"") is the 2008–2012 Japanese street style that dresses Hime Gyaru's rococo princess silhouette down into everyday wear: mini-length rose-floral and plaid skirts under cable-knit cardigans, fur-collared capes and ponchos, in dusty pink, ivory, beige and brown. Signature elements are lace trim, tiered ruffles, waist bows, Peter Pan collars, opaque tights with bow-trimmed Mary Janes or knee boots, and gyaru-descended dolly makeup (circle lenses, intense round pink blush, pink gloss) over long wavy hair. Typical images are head-to-toe coord snapshots, magazine catalog lineups and scans, mirror selfies, dress-form coord displays, and blush close-up portraits in soft high-key or muted film light."
Hip-Hop,aes/Hip-Hop/SKILL.md,"Hip-Hop is the visual culture of the Bronx-born four-element movement (DJing, MCing, breaking, graffiti): concrete plazas and block-party streets, wildstyle murals in spray-can saturation, cut-out album-cover collages with chrome or gold gradient display type, flame motifs, iced-out chains and baggy brand-logo streetwear. Its palette swings deliberately between documentary concrete gray, spray-can magenta/cyan/lime, gold-on-black bling, and airbrushed pastel dreamscapes, unified by halftone print grain, on-camera flash or theatrical spotlight, and a boastful, communal energy. Recognize it by graffiti lettering on public walls, turntables and corded mics, freeze-pose dancers, crew group shots, cash-and-car props, and sticker-grade cover graphics like Parental Advisory blocks."
Hipness_Purgatory,aes/Hipness_Purgatory/SKILL.md,"Hipness Purgatory (""Twee Hipsterdom"") is the hand-drawn visual language of 2000s–early-2010s hipster and twee culture: scratchy, thin pencil-and-ink linework on printer-white or notebook-cream paper, naive childlike figures, everyday objects, hand-lettered captions and scrapbook/collage materiality, splitting into a sparse deadpan register and a maximalist candy-psychedelic doodle register in black, white, blue, yellow, green, orange and hot magenta. Recognize it by wobbly amateur-confident line, visible paper grain and fold creases, flat marker color that misses its outlines, and an ironic handwritten voice; the whole thing reads as millennial optimism done DIY and deliberately anti-polish."
Hippie,aes/Hippie/SKILL.md,"Visual culture of the mid-1960s–early-1970s American counterculture (San Francisco Haight-Ashbury, Woodstock), recognizable by its twin palette of earthy brown, olive, mustard and rust alongside saturated psychedelic rainbow tie-dye and paisley. Signature elements include peace signs, flowers worn in the hair, bell-bottoms, fringed suede, headbands and bandanas, stacked handmade beads, and long unstyled hair on all genders. Typical subjects are festival crowds in meadows, outdoor meditation, flower-carrying protest marches, and communal groups in layered handmade clothing, captured in candid available light with film grain or golden-hour backlight."
Hippie_Goth,aes/Hippie_Goth/SKILL.md,"Hippie Goth (Boho Goth, Bohemian Goth, Gypsy Goth) is a 1980s fusion of Goth and Hippie dress: a black-or-brown spine layered under flowing bell sleeves, tiered maxi skirts, sheer chiffon shawls, lace, crochet and fringe in jewel and earth tones of plum, burgundy, forest green and rust. Signature signifiers are celestial and occult hardware (sunburst chain belts, cross and pentacle pendants, tarot, crystals), wide-brim or top hats with teashades, platform boots, and botanical, paisley or tie-dye prints, worn by mystic, free-spirited figures on stages, city stoops and forest paths in faded analog light. Recognize it by layered drape-in-motion, dark romanticism softened by folk craft, and grainy 70s–90s film warmth."
Hipster,aes/Hipster/SKILL.md,"Hipster is the analog-nostalgic, anti-corporate subculture aesthetic of gentrified city neighborhoods and Pacific Northwest woods, rooted in the 1940s and peaking 2009–2014. Its visual DNA is lo-fi film photography (grain, lifted blacks, washed filters), vinyl records and film cameras, fixie bikes, thrifted flannel, suspenders, round glasses and full beards, quirky storefront signage, and distressed stamp-style typography on paper. Palette swings between nature-based earth tones, deliberately dissonant ""unstylish"" clashes, and gothic/artist black-on-off-white minimalism."
Hollywood_Regency,aes/Hollywood_Regency/SKILL.md,"Hollywood Regency (Regency Moderne) is the interior, architectural and landscape style of Southern California movie-star homes from the 1920s–1950s: jewel-tone lacquer, silk and velvet against black-and-white checkerboard floors, gilt or silver sunburst mirrors, palms, Greek keys, and zebra/leopard animal-print accents over chrome, mirrored glass and crystal chandeliers. Rooms are staged like film sets — symmetrical, glossy, saturated — with slim-profile furniture, lacquered walls, and glamorous figures in satin. Use when recognizing or generating opulent, theatrical interiors, star-house exteriors with mansard roofs and Doric columns, or cocktail-hour glamour vignettes."
Hopecore,aes/Hopecore/SKILL.md,"Hopecore is a 2020s TikTok/Instagram editing aesthetic of radical optimism: low-resolution found-footage nature, animals and tender candid moments washed in lens flares, white bloom and sparkle filters, overlaid with short second-person affirmations in basic serif or sans-serif type. Recognize it by sunlit meadows and tree canopies, blown-out ""divine"" glow, grainy video-still softness, and gentle caption text addressing the viewer; it descends from Corecore as its anti-doomscrolling inversion."
Horror,aes/Horror/SKILL.md,"A dread-first aesthetic running from folklore-derived Gothic to modern slasher, survival-game and mascot horror, unified by high-contrast darkness, blood red and drained sickly palettes, and the uncanny corruption of familiar forms. Signature elements include masked or monstrous figures half-swallowed by shadow, corrupted children's mascots and dolls, grime and decay, rationed single-source lighting, and faces fixed past normal into grin or grief. Subjects range from ghosts, slashers and cosmic entities to wrong-feeling domestic rooms, always played straight to trigger fight-or-flight rather than playful spookiness."
Horror_Punk,aes/Horror_Punk/SKILL.md,"Horror punk (""fiendcore"") is the visual language of the late-1970s/early-1980s US punk subculture that wears classic-monster iconography as identity: black leather and studs over corpse-paint white faces, devilock fringes and deathhawk mohawks, grinning Crimson Ghost-style skulls, tombstones, bats and campy comic-book gore. Its palette is black-grounded with blood red, deep purple, sickly pale white and creature green, deployed across band cluster portraits, emblem-dense poster art, painted jacket backs and gel-lit stage shots. Recognize it by the mix of punk hardware (studs, patches, bullet belts, band tees) with Universal Monsters and 1950s B-movie schlock treated with irony and affection rather than dread."
Hot_Cheeto_Girl,aes/Hot_Cheeto_Girl/SKILL.md,"Late-2010s TikTok meme aesthetic caricaturing a hyper-feminine, working-class high-school girl: Flamin' Hot Cheetos or Takis packaging used as prop, wardrobe and backdrop, in a loud palette of brand red-orange, logo yellow, black and gold. Signature signals are huge gold hoop earrings, extra-long acrylic nails, dramatic false lashes, overlined glossy lips, butterfly clips, and flash-lit selfie or sticker-collage framing with a defiant, mid-chew attitude. Recognize it by snack-bag graphics plus deliberate ""too much"" loudness in mundane school, home or brand-saturated settings."
Hot_Rod,aes/Hot_Rod/SKILL.md,"American automotive subculture aesthetic from 1930s Southern California dry lakes: stripped pre-1949 Fords with chopped roofs, exposed chrome V8 engines, deep gloss lacquer in red, black and yellow, hand-painted flames and pinstriping. Recognize by fenderless upright grilles, fat rear tires, dry-lake/drag-strip/garage settings, companion pin-up and greaser fashion, and black-cream-red screen-print garage posters. Mood: speed, wrench-turned craftsmanship, mid-century Americana anti-conformity."
Huang-mao,aes/Huang-mao/SKILL.md,"Huang-mao (""yellow hair"") is the Chinese-speaking world's visual stereotype of the young street layabout: cheaply bleached brassy-blond hair in a mullet, buzz cut or bowl cut, loud floral or abstract-print shirts, skinny tees, muscle shirts, denim or leather jackets, thin gold chains, tattoos and a cigarette. Born in 1980s–90s Hong Kong triad films and copied by marginalized mainland Chinese youth of the 1990s–2000s, it pits warm brassy hair and gold against cool teal night-market gloom, fluorescent grey and concrete, framed like a realist crime-drama still or poster. Recognize it by loitering groups, confrontational gestures, night food stalls and an unpolished, mixed-color-temperature screen realism."
Hygge,aes/Hygge/SKILL.md,"Hygge is the Danish aesthetic of cozy contentment — candle and firelight glow, chunky knit wool, Fair Isle socks, ceramic mugs of tea, and intimate first-person views of laps, hearths and window nooks. Its palette runs from flame amber and oat cream to deep hearth brown, with only sparse cool accents (cobalt glaze, denim, grass green); its subjects are small pleasures staged in a hyggekrog corner or beside a fireplace, usually with partial human presence rather than faces. Recognize it by warm low light sources, lived-in textile texture and sheltered intimacy; though strongest in autumn and winter, it is a year-round mood that also admits gardens, grass and soft summer daylight."
Hypebeast,aes/Hypebeast/SKILL.md,"Youth streetwear status culture of the mid-2000s through late 2010s, built on limited-edition sneakers, box logos and oversized back prints from drop-culture brands (Supreme, Off-White, BAPE, Palace, Yeezy). Visually: black/white/grey base outfits punctured by scarlet, safety orange or volt accents and loud prints (camo, plaid, diagonal hazard stripes), documented in flat-light urban fit pics, sneaker still lifes and drop-day queues. Recognize it by logo legibility, grail footwear as the focal point, and the resale-tag scarcity narrative."
Hyperborean,aes/Hyperborean/SKILL.md,"Hyperborean is a 2020s TikTok/4chan edit aesthetic built from chaotic, deliberately degraded VHS-glitch collage: idealized ""ancient European"" source plates (Greco-Roman statue busts, snowy mythic fantasy painting, crusaders, Nordic warriors) stacked with esoteric sun-wheel emblems, conspiracy charts, anime figures and shitpost meme faces (Trollge, Wojak), capped by pixel-font slogan banners. Recognize it by conflicting source palettes unified under tape damage — chromatic-aberration fringes, scanlines, macroblocking, mirrored kaleidoscopic borders — and by its solemn-vs-absurd juxtaposition. Documented here for recognition and critical analysis; its hate-symbol and slogan layer is detection-only and must never be reproduced in generation."
Icepunk,aes/Icepunk/SKILL.md,"Icepunk (Coldrave) is an early-2010s internet microgenre aesthetic of frozen monochrome — deep cobalt and pale ice blues, whiteout snow, frost crystals, light glowing inside ice, mist and desolate winter landscapes, all mediated through dithered early-CGI, Y2K chrome type and glitched Unicode snow-glyphs. Born in 2011 as a self-declared meme reaction against seapunk, it pairs numb blizzard isolation with ironic mixtape-cover grandeur: snow-laden towers and castle spires, low-poly frozen figures, literal ""ice"" gems, cyan glow on black voids. Recognize it by a cold-only palette, crystalline or crushed-digital texture, and a mood of desolate, numb, half-joking cold."
Imparsthetic,aes/Imparsthetic/SKILL.md,"Imparsthetic (Scamarticlecore) is a 2020s TikTok-born subgenre of Weirdcore that recycles the look of 2000s–early-2010s web scam articles: surreal digital collages and manipulated ""found"" photos whose bodies, fruits and gadgets carry extra or wrong parts (supernumerary eyes, USB tongues, meat-filled denim), annotated with bold marketing text, arrows, circles and speech bubbles. Its palette swings between sterile stock-photo white pierced by saturated organic accents (raw-meat red, apple green, pill-mosaic multicolor) and harsh-flash amateur snapshot color, all at low-fi JPEG fidelity. The mood is disgusted curiosity with the fourth wall intact — the image is a discovered curiosity or false advertisement, never a message addressed to the viewer."
Impressionism,aes/Impressionism/SKILL.md,"Impressionism is the Paris-born painting movement of the 1870s–1880s (Monet, Renoir, Degas, Pissarro, Morisot, Sisley, Cassatt) that records the fleeting effect of daylight on modern life. Recognize it by small, thin, visibly broken brushstrokes of unmixed color, open and cropped compositions, violet-blue shadows instead of black, and a matte, unvarnished surface that reads as a rapid ""impression."" Subjects range from rivers, harbors, gardens and tree-lined paths to cafés, boulevards, boating parties, dancers and domestic intimacy — always ordinary modern life caught in a single consistent light."
Incelcore,aes/Incelcore/SKILL.md,"Incelcore (aka E-punk, bedroom punk, losercore) is a late-2010s post-Internet aesthetic born on 4chan's /r9k/ and /mu/, recognizable by dithered black-and-white or low-bitrate snapshot imagery, crude MS Paint wojak/soyjak drawings, cluttered NEET bedrooms with CRT monitors, energy-drink cans and cigarettes, and collage cover art mixing red blackletter type, chrome Y2K lettering and clipart. Its signature is deliberate amateurism — flash-lit webcam photos, JPEG artifacts, rough magic-wand cutouts — paired with retro gaming hardware, provocative slogan clothing and deadpan ironic provocation. Load this skill when imagery reads as terminally-online DIY album art or room documentation rather than any designed or photographic tradition."
Incroyables_and_Merveilleuses,aes/Incroyables_and_Merveilleuses/SKILL.md,"Parisian Directoire-period (1795–1799) fashion-subculture aesthetic: women in sheer, high-waisted white muslin column gowns with ribbon-tied sandals, reticules and cashmere shawls; men in very short coats with oversized collars, chin-swallowing cravats, tight pale breeches and knotted club canes. Palette of ivory and powder pastels anchored by black hats and umber grounds, with slate blue, nankin buff and coral red as the only saturated notes; rendered in hand-coloured fashion plates, smooth neoclassical oils and flat naive panel portraits. Mood is theatrical, ironic extravagance — elegance pushed deliberately past good taste as an anti-Jacobin political joke."
Indie,aes/Indie/SKILL.md,"Indie (vintage indie / indie grunge) is the muted, analog aesthetic of 1980s–90s British independent music culture: grainy monochrome or duotone-tinted film photographs, faded pale neutrals with desaturated blue, red and green, and record-sleeve or fanzine graphics set over ordinary working-class subjects in thrifted anoraks, cardigans, striped t-shirts and jeans. Its signature motifs are records and CDs, books and poetry, Polaroids and melancholy overlaid text, all carried in a moody, unassuming, nostalgic atmosphere that deliberately rejects mainstream gloss. Use when recognizing or generating images of analog, anti-glamour alternative music culture in the post-punk indiepop lineage."
Indie_Kid,aes/Indie_Kid/SKILL.md,"Indie Kid (New Indie / TikTok Indie) is the 2020 TikTok aesthetic of grainy, oversaturated smartphone snapshots showing thrifted early-2000s fashion — crop tops with baggy jeans, sweater vests, tartan tennis skirts, bucket hats, polymer clay fruit earrings, butterfly claw clips — in skateparks, convenience stores, grassy parks and sticker-covered bedrooms. Its palette clashes neon lime, cobalt, tangerine, hot pink and lilac over natural denim, wood and grass backdrops, edited with heavy saturation, lifted or punched contrast, visible grain and optional fisheye distortion. Recognize it by candid friend groups, POV sneaker shots, smiley and rainbow motifs, blush-heavy makeup, and an ironic coming-of-age, main-character mood."
Indie_Sleaze,aes/Indie_Sleaze/SKILL.md,"Indie Sleaze is the flash-blitzed party-documentary aesthetic of mid-2000s to early-2010s nightlife in New York, London and Los Angeles: grainy compact-camera snapshots with harsh on-camera flash, red-eye, hard wall shadows and blacked-out backgrounds. Signature elements are smudged eyeliner, messy bleached or greasy hair, ripped and striped tights, band tees, American Apparel basics, thrifted fur and metallic statement pieces, neon pink/green and silver pops against black, and a cigarette in hand. Typical subjects are candid crowds, couch pile-ups, It-girls and dance-punk performers mid-party — always people, never polished, never staged-clean."
Indiecraft,aes/Indiecraft/SKILL.md,"Indiecraft is the mid-2000s handmade-media aesthetic of maquettes, puppets, felt and construction-paper collage staged like tiny theatre sets and shot in soft warm light or faded vintage film casts. Signature elements include cardboard architecture, stitched felt creatures, cut-paper geometry, everyday objects given dot-and-smile faces, and scale play between human bodies and oversized craft props, all in a palette running from cardboard brown and cream to construction-paper mustard, tomato, teal and magenta. Recognize it by texture first: if the world in frame looks built by hand from paper, yarn, felt or clay — seams, tape and wobble included — it is Indiecraft."
Indigenous_Futurisms,aes/Indigenous_Futurisms/SKILL.md,"Indigenous Futurisms is a plural, present-tense speculative aesthetic (term coined by Grace Dillon, practice rooted in 1990s–2000s Indigenous digital art and ongoing) that folds regalia, beadwork, ribbonwork, hide and feather material culture into science-fiction frames: starfields, ruined-and-regrown cities, desert horizons, low-poly machinima and photo-composite cosmos. Palette deliberately varies by culture but clusters around hide ochre and tan, turquoise and ribbon-satin reds, cosmic indigo-black with star white, and saturated pop accents; signature elements include processional rows of regalia figures, celestial bodies overhead, critical pop-culture remix (Star Wars iconography repainted in Indigenous material culture), and beadwork treated as technology. Mood is sovereign, resilient and often wry — presence in the future, never nostalgia for the past."
Industrial,aes/Industrial/SKILL.md,"Visual language of the industrial music subculture, from mid-1970s UK (Throbbing Gristle, Industrial Records) through 1980s EBM and rivethead culture: monochrome xerox-grain photography, brutalist and constructivist stencil graphics in black, concrete grey, bone white and stark signal red, raw metal, concrete, chain-link, military surplus and fetish gear, obsolete machinery and dystopian decay. Recognized by high-contrast duotone, distressed screenprint, authoritarian-propaganda layout grammar used subversively, deadpan uniformed group portraits, and harsh beam-and-haze stage light. Cold, confrontational, mechanized mood; shock deployed as social critique."
Industrial_Decay,aes/Industrial_Decay/SKILL.md,"Industrial Decay (also Urban Decay) is the photographic aesthetic of abandoned post-industrial structures — factory halls, metro stations, silos, gantry cranes, bridges, beached ships — rendered in muted grays, earth browns and rust reds. Its signature elements are flaking rust and corrosion, crumbling concrete, broken glazing, peeling paint, intruding moss and vines, and debris heaps, lit by diffuse daylight through failed roofs and windows. Born from late-20th-century urban exploration photography of deindustrialized cities, it locates beauty in material deterioration itself and carries a somber, contemplative, nostalgic mood."
Industrial_Gothic,aes/Industrial_Gothic/SKILL.md,"Industrial Gothic is the machine-dread aesthetic of the late 1970s through late 1990s: monochrome, sepia and gunmetal imagery of exposed wires, pipes, bolts and gears, peeling paint and rust, lit by a single harsh spotlight or a cold cathode glow, with muted oxide red or deep blue as the only accents. Its subjects are strange, overwhelming machines, distressed monochrome human faces, flesh-machine fusions, and cavernous black-painted club and retail interiors, carried chiefly by metal and industrial album art, graphic design and video-game environments. Recognize it by the combination of decay texture, theatrical low-key lighting and nihilistic mood rather than by any one object."
Ink-wash_Feng,aes/Ink-wash_Feng/SKILL.md,"Ink-wash Feng (Shuimo Feng) is the modern Chinese design aesthetic descended from Tang-dynasty literati ink painting and the Shanghai Animation Film Studio's ink-wash animation: a monochrome black-white-gray spine built on five-tone ink gradation, dominant negative space (liubai), wet-bleeding xieyi brushwork, and small muted mineral accents of cinnabar, ochre or indigo. Typical subjects are misty mountains and rivers, bamboo and rocks, flowers and birds, floating clouds, tiny temples and boats, vertical calligraphy lines with red seals, and figures in sheer gradient hanfu or trailing ink-ribbon drapery. Recognize it by void-heavy asymmetric composition, diffuse mist-modulated light, and brushed, bleeding edges instead of hard outlines — whether on paper, packaging, fabric, or digital game key art."
International_Typographic_Style,aes/International_Typographic_Style/SKILL.md,"Swiss / International Typographic Style graphic design of the 1930s–1960s: asymmetric poster and identity work built on invisible mathematical grids, neutral grotesque typefaces (Helvetica, Univers, Akzidenz-Grotesk) deployed at monumental and minute scales, flat limited-palette ink fields on paper white or black, objective black-and-white photography and geometric pictograms. Recognize it by flush-left ragged-right text blocks, tiny functional metadata (dates, places, credits), letterforms cropped by the trim, repeated modular geometry, and overprint transparency effects. The mood is clean, anonymous, objective clarity — design as public information, not decoration."
Internet_Awesomesauce,aes/Internet_Awesomesauce/SKILL.md,"Late-2000s-to-mid-2010s Tumblr/YouTube/DeviantArt aesthetic of ironically ""epic"" random humor: galaxy starfields used as canvas, full-spectrum rainbow gradients, photo-collage cats, unicorns and dogs augmented with laser eyes, junk food raised to mock-heroic status, pixel sprites and chrome airbrush lettering. Recognition hinges on saturated maximalist collage, deliberate scale and lighting mismatches, and meme-era quotation (Nyan Cat, Shooting Stars, Doge, rage faces) treated with faux-grandeur."
Ishoku_Hada,aes/Ishoku_Hada/SKILL.md,"Ishoku Hada (異色肌) is a Harajuku-born Japanese fashion and avant-garde makeup subculture of the mid-2010s in which the skin is painted an opaque, oversaturated fantasy hue — candy pink, cyan, violet, lime, tangerine — to build an anime- or alien-inspired persona. Signature elements include clashing maximalist prints (leopard, stripes, polka dots, checks), cartoon-fantasy headwear (antennae, horns, cross clips, heart-shaped sunglasses), weird-cute plushies, fuzzy leg warmers, fishnets and manba-derived sticker makeup, captured in flash-lit, cluttered snapshot portraits. Typical subjects are solo or small-group portraits of painted-face youth in clubwear posing playfully at the camera."
Ita,aes/Ita/SKILL.md,"Ita (itasha, itabag) is a 2000s Japanese otaku aesthetic of skinning vehicles, bags and cases in full-surface anime, manga and videogame character art, maximalist Japanese text and attached merchandise. Its visual DNA is the decorated object itself — a vinyl-wrapped car, train, truck or helicopter, a badge-stuffed bag — rendered in saturated, franchise-keyed color and photographed proudly at meets, conventions or neon-lit streets. Recognize it by fandom decoration applied to a physical surface, never by generic anime imagery alone."
Italo_Disco,aes/Italo_Disco/SKILL.md,"Italo Disco is the sleeve-and-stage aesthetic of late-1970s to 1980s Italian synthesizer dance music: soft hand-airbrushed illustration in pastel-to-neon gradients (magenta, teal, cobalt, lemon), glamorous melancholic figures in sharp 1980s fashion, and sincere sci-fi camp — laser grids, robots, chrome, palm trees, cosmic backdrops. Recognize it by airbrushed skin and skies with no hard edges, diagonal color-block or script typography, halftone and graph-paper patterns, and a mood of romantic escapism; it is distinct from American disco's gold-glitter photographic realism and from synthwave's hard digital neon."
Japandi,aes/Japandi/SKILL.md,"Japandi is a minimalist interior and object aesthetic of the late 2010s that fuses Japanese wabi-sabi with Scandinavian hygge: warm neutral palettes (off-white, greige, oat, mid-brown), pale oak and bamboo, linen and bouclé textiles, matte imperfect ceramics, washi paper lanterns, and sculptural branches arranged sparsely and asymmetrically. Recognize it by low unadorned wood furniture, lime-plaster walls, diffused daylight, generous negative space, and few but deliberate objects; typical subjects are serene rooms, tablescapes, and craft-object still lifes."
Japanese_Ivy_Style,aes/Japanese_Ivy_Style/SKILL.md,"Japanese Ivy Style (Ametora) is Japan's reverent, detail-obsessed reproduction of 1960s American collegiate dress — button-down oxford shirts with a precise collar roll, natural-shoulder navy blazers, creased khaki chinos, penny loafers over white socks, tipped cricket vests and cardigans, with madras plaid and seersucker stripes as controlled pattern bursts on a navy/khaki/white/grey ground. Recognize it in mid-century silhouettes shot as didactic magazine pages (halftone grain, Japanese text columns, English display type), grainy campus or street snapshots, or muted modern lookbooks with thick-rimmed glasses and studied-leisure props like books, records, flutes and tennis rackets."
Japonisme,aes/Japonisme/SKILL.md,"Japonisme is the late-19th-century European and American assimilation of Japanese art — ukiyo-e flatness, asymmetry, contour and pattern — into Western painting, posters, printmaking and the decorative arts. Recognize it by flat planes of indigo, vermilion, olive and chrome yellow laid against cream paper or gold grounds; cropped, off-center compositions with high or absent horizons; women in kimonos with fans, parasols and folding screens; rain streaks, clawed waves, plum blossom, chrysanthemums and calligraphic cartouches. It sits between ukiyo-e (its Japanese source), Aestheticism (its tonal cousin), Impressionism (its borrower) and Art Nouveau (its descendant)."
Jejemon,aes/Jejemon/SKILL.md,"Jejemon is the Filipino youth internet aesthetic of the late 2000s–early 2010s: lo-fi webcam and phone-camera selfies of teens in flat-brim caps (often rainbow-striped), scene side-swept bangs, basketball jerseys, flannel and skinny jeans, wrapped in Blingee-era glitter borders, mirror-duplicate collages and rainbow WordArt captions written in leetspeak ""Jejenese"" (JeJeM0N pOh!!, iM1SsYuUh). Candy-bright magenta, purple, cyan and yellow sit over flash-blown bedroom interiors, stairwells and schoolyards, with crew group poses, peace signs, duckfaces and silicone wristbands. Recognize it by Taglish leetspeak text overlays, DIY sparkle/lens-flare editing, Nokia-era SMS screenshots and proudly cheap, exuberant DIY styling."
Jersey_Maid,aes/Jersey_Maid/SKILL.md,"Jersey Maid (ジャージメイド, ""Tracksuit Maid"") is a Japanese hybrid fashion aesthetic (2008–present) that fuses oversized athletic tracksuits with maid costume grammar — a frilly apron and lace headwear worn over a zip-up track jacket or jersey dress with sporty sleeve stripes, finished with slouchy leg warmers and chunky platform sneakers. Recognize it by its pastel blue / lavender / pink or strict black-and-white palette with occasional cyber-neon accents, its matte polyester-knit-versus-crisp-lace texture clash, and its mirror-selfie, studio-look and neon-lit street framing."
Jiangnan_Water_Town,aes/Jiangnan_Water_Town/SKILL.md,"Regional waterside aesthetic of China's Taihu Lake basin: canals functioning as streets, Suzhou-style houses with white plaster walls and black tile roofs, small stone arch bridges, and wupeng black-awning boats under misty drizzle. Palette of ink black, weathered plaster white and jade-teal water, lit by diffuse overcast or soft dusk light, with wet bluestone and mirror-calm reflections. Recognize by the water-network town fabric — upturned eaves, lattice flower windows, willows, oil-paper umbrellas, lantern-strung eaves — and a serene, poetic, slow-life mood."
Jiangshi_fiction,aes/Jiangshi_fiction/SKILL.md,"Jiangshi fiction is the horror-comedy folk-fantasy look of 1980s–90s Hong Kong cinema: hopping reanimated corpses in black Qing-dynasty mandarin official robes, pale green-tinged skin, arms locked outstretched, sealed by yellow cinnabar-script Taoist fulu talismans, opposed by Taoist priests with peachwood swords, glutinous rice and eight-trigram mirrors. Its palette is cold night teal, fog grey and corpse-pale green punctured by talisman yellow and cinnabar red, staged in dim ancestral halls, mortuary rooms and misty walled courtyards. Recognize it by the rigid hop posture, the Qing official hat and rank-badge robe, and the exorcism prop kit; separate it from wuxia by its undead stiffness and funerary folk-horror tone."
Jiggy_Era,aes/Jiggy_Era/SKILL.md,"Late-1990s hip-hop and R&B aesthetic (1997–99, aka the Shiny Suit Era) built on oversized metallic vinyl and patent-leather suits, fisheye-lens music-video cinematography, chrome-and-black ""cheese grater"" sets, saturated single-colour lighting, and ""Ghetto Fabulous"" luxury props — champagne, speedboats, casino neon, platinum chains. Palette anchors are neon green, royal blue, silver chrome and black, extended by candy-red, violet and steel-teal vinyls; mood is celebratory, escapist, millennial-optimist. Recognize by glossy reflective tailoring, ultra-wide lens distortion, illuminated industrial tunnels, small tinted shades and chrome script logos."
Jirai_Kei,aes/Jirai_Kei/SKILL.md,"Jirai Kei (""landmine type"") is a 2020s Kabukichō, Tokyo subculture aesthetic that pairs ultra-feminine coordinates in a strictly limited black–white–muted-pink palette — ruffles, Peter Pan collars, satin ribbons, lace, heart-shaped hardware — with a dark undercurrent of color-matched energy drink cans, pills, syringes, box cutters, Kuromi/My Melody plushies and night neon street scenes. Images are heavily processed: hazy pale-pink high-key filters or harsh flash under red-magenta signage, anime-proportioned eye editing, twin tails with hime-cut bangs, tear-bag ""pien"" makeup, and emoji/sticker/speech-bubble overlays. Recognize it by the two-color outfit discipline, the cute-versus-menacing prop juxtaposition, and the eerie puppy-eyed sadness beneath the sweetness."
Jologs,aes/Jologs/SKILL.md,"Philippine working-class youth aesthetic of the late 1990s to late 2000s, split between a masculine pole of baggy streetwear — oversized basketball jerseys, checkered polos, bandanas, headcaps, sunglasses, wide-leg denim pooling over chunky sneakers — and a feminine pole of Jolina-pop maximalism: floral prints, platform wedge sandals, plastic beads, star clips and pastel teen-magazine collages. Anchored in dark masa colors (denim indigo, maroon, brown, gray, black) that collide with loud pink-lilac-lime pop overload, and delivered through period media: on-camera-flash digicam snapshots, faded film scans, halftone magazine pages and friendster/hi5-era glitter graphics. Reads as loud, tacky, proudly unrefined rebellion."
Juggalo,aes/Juggalo/SKILL.md,"Fan-subculture aesthetic of the Insane Clown Posse fandom (Detroit, mid-1990s onward): hand-applied black-and-white evil-clown face paint over casual hip-hop and skater merch, Hatchetman logos, Faygo soda bottles, and Dark Carnival horror-circus iconography, captured in lo-fi snapshot flash, dim club light, or overcast festival daylight. Recognize it by matte white greasepaint faces with black hatchet brows and blacked-out grins, candid groups of painted ""family"" at festivals, tailgates and club shows, and a confrontational yet warm working-class mood."
Juminocore,aes/Juminocore/SKILL.md,"Juminocore is a 2020s Western-coined internet aesthetic (TikTok/Pinterest, circa 2024) built on the curated clutter of Heisei-era Japanese kawaii trinkets — gachapon capsule toys, Sanrio and Rilakkuma character goods, sticker-plastered Nintendo DS clamshells and dangling acrylic phone charms. Its palette is muted sage green, cream white, silver and powder blue with small strawberry-red and peach accents, photographed in bright, soft, high-key daylight as flat lays, packed shelves, charm-laden bags and decorated handheld tech. Recognize it by maximalist but color-coordinated small-object density, glossy plastic and plush textures, and optional hand-drawn star doodles or scrapbook overlays on pastel surfaces."
Junkpunk,aes/Junkpunk/SKILL.md,"Junkpunk (Salvagepunk, Scavenged Punk, Scrappunk) is a 2010s salvage aesthetic in which weapons, clothing, machines and whole settlements are built from repurposed trash — rusted scrap, lashed cordage, bullet-casing necklaces, corrugated shantytown walls — each object legibly employed for something other than its original purpose. Its palette is bronze, brown, tan and black stretched toward ochre, oxide green and signal red; its motifs are broken machines, e-waste piles, barricades, layered scavenger fashion and Dada-descended collage, lit by bleached desert sun, single-bulb alley light or neutral studio documentation. Recognize it by visible joinery and rebuilding: welds, zip ties, twine lashings and lived-in clutter signal optimism-in-ruin rather than despair."
Kandi_Raver,aes/Kandi_Raver/SKILL.md,"Kandi Raver (Kandi Kid) is the handmade-bead jewelry subculture of the American rave scene, early 1990s to present: forearms stacked wrist-to-elbow in pony-bead bracelets, multi-strand cuffs and perler-bead pixel panels in clashing neon rainbow, exchanged through the PLUR handshake at clubs, blacklight parties and daytime festivals. Recognize it by glossy plastic bead maximalism worn on arms and hands, snapshot flash or UV lighting, dyed hair, fishnets and fuzzy leg warmers, and poses of trading, hugging and peace signs."
Karasu_Zoku,aes/Karasu_Zoku/SKILL.md,"Karasu Zoku (""crow tribe,"" later called Mode fashion) is the 1980s Japanese all-black avant-garde style born from Yohji Yamamoto and Rei Kawakubo's 1982 Paris ""black impact"": head-to-toe matte black in heavy, asymmetrical, ankle-length layers of wrinkled cloth — deep V-necks, collared capes, saggy skirts, slashed sleeves, heavy pants — on androgynous figures with choppy black hair. Recognize it by monochrome black differentiated only by texture and value, flat diffuse light, and grey studio or Tokyo street settings, with zero accent colour, zero jewellery, zero occult iconography. Typical subjects are full-length standing or walking figures, runway models, and small flocks of black-clad pedestrians."
Kawaii,aes/Kawaii/SKILL.md,"Kawaii is the Japanese aesthetic of childlike cuteness that crystallized in 1970s Japan around Sanrio/San-X character culture: pastel palettes anchored by white with pink as the default lead, rounded chibi forms with oversized eyes and blush cheeks, anthropomorphic animal mascots, strawberries, decorated sweets, plush toys, lace-and-ribbon trinkets, all under bright, shadowless light. Recognize it by flat candy color, sticker-and-sparkle decoration, rounded girlish typography or Japanese text, and a mood of innocent, fluttering delight; it spans illustration, product design, fashion, food and interiors while refusing shadow, sharpness and adult gravity."
Kawaii_Gamer,aes/Kawaii_Gamer/SKILL.md,"Kawaii Gamer is the late-2010s Western streamer-room aesthetic in which gaming hardware is rebuilt in cuteness: pastel pink, purple and blue PCs, keyboards, controllers and cat-ear headphones, bunny-eared gaming chairs and cat-paw pillows, buried under maximalist Sanrio, Pokémon and anime plush, figurines and Japanese snack clutter lit by neon signs and LED wash. Recognize it by pastel-dominant color on white structural bases, kawaii anime fan-art wallpapers glowing on monitors, and TikTok setup-tour framing; the subject is always the marriage of gaming technology with kawaii merchandise."
Key_West_Kitten,aes/Key_West_Kitten/SKILL.md,"Key West Kitten is a late-2010s Tumblr/Pinterest aesthetic of romanticized, hyperfeminine Florida Keys beach life, rendered in a washed-out pastel triad of teal, pink and pale yellow with a hazy, dreamlike faded-filter surface. Signature elements are palm trees, roadside beachside motels and diners with script signage, heart-shaped sunglasses, ice cream and milkshakes, pink dolphins, flamingos, seashells, pools and floaties, and vintage swimwear, all drawn from Lizzy Grant-era Lana Del Rey nostalgia. Recognize it by its faded-2000s-snapshot texture, vernacular roadside Americana preferred over luxury, and coquette softness with a wistful, childhood-memory melt."
Kidcore,aes/Kidcore/SKILL.md,"Kidcore (also ""Kidult"") is a late-2010s internet aesthetic of 1990s–early-2000s childhood nostalgia: saturated primary colors and rainbow stripes, glossy plastic toys, stickers, pony beads and cartoon graphics assembled with a more-is-more abundance. Typical subjects are toy and bead heaps, ball pits and play rugs, stickered faces and decorated sneakers, striped knitwear and overalls, sprinkle-laden sweets, and playful children's-store interiors, all rendered in bright high-key or casual flash light. Recognize it by primaries-on-white loudness, toylike plastic shine and franchise-era motifs — never muted, never moody, never minimalist."
Kinderwhore,aes/Kinderwhore/SKILL.md,"Kinderwhore is an early-1990s US punk-grunge fashion aesthetic built on childlike babydoll and Peter Pan-collar dresses in nursery pink, ivory and baby blue, deliberately ruined with ripped fishnets, combat boots, smeared red lipstick and raccoon eyeliner. Its signature read is innocence-versus-ruin: thrift-torn satin and lace, messy bleached hair clipped with barrettes, caught in harsh flash snapshots or grainy black-and-white gig film with an ironic, confrontational deadpan. Load this skill when images pair doll-like feminine costume with punk distress, smeared glamour and amateur lo-fi photography."
Kingcore,aes/Kingcore/SKILL.md,"Kingcore is the martial, mature branch of Royalcore — regal authority rendered in black-dominant chiaroscuro lit by antique gold, with deep crimson, royal blue and imperial purple as the only saturated hues allowed. Signature elements are pointed crowns, steel swords gripped or raised, chessboards, heraldry, fur-trimmed military coats with bullion embroidery, lions and black horses, oil-paint tableaus and flame-lit still lifes. Typical subjects are monarchs, commanders and the instruments of rule, composed with patience, confidence and menace held in check."
Kissaten,aes/Kissaten/SKILL.md,"Kissaten is the aesthetic of the mid-20th-century Japanese coffeehouse: dim amber light through Tiffany stained glass, ornately carved dark wood, forest-green or scarlet velvet booths, shelves of mismatched porcelain cups, siphon brewers and copper kettles, and pudding, parfait or cream-soda floats crowned with a cherry. Recognition hinges on the Showa-era Japanese graphic layer — kanji and katakana signage, oval enamel signs with floral wreath borders, hand-lettered storefronts — set against a palette of brown, forest green, scarlet, amber and cream with small saturated soda-float accents. The mood is hushed, nostalgic and frozen in time, never bright or kitschy-loud."
Kitsch_Las_Vegas,aes/Kitsch_Las_Vegas/SKILL.md,"Kitsch Las Vegas is the tacky, over-the-top spectacle culture of the Las Vegas Strip from the 1950s through the 1970s — figurative neon signage blazing against black night, wall-to-wall hot pink and cherry-red interiors, wedding chapels, slot machines, showgirls and rhinestone Elvis impersonators. Its visual DNA is saturated red-to-magenta chroma, bulb-studded and tube-bent signage, feather-and-sequin costuming, and crowded staged tableaux of conspicuous wealth, rendered in vintage color-film or postcard-chrome saturation. Load this skill when images of casino signs, shotgun weddings, gambling floors or showgirl spectacle must read as deliberately tacky spectacle rather than modern luxury."
Kmeng_Steav,aes/Kmeng_Steav/SKILL.md,"Kmeng Steav (Bek Sloy) is the early-2010s Cambodian street-youth aesthetic: dyed side-swept fringes over one eye, checkered polos and counterfeit-logo tees tucked into skinny jeans, crew snapshots packed around scooters, village porches and club doorways. Its palette runs blue, yellow, black, purple and white under faded warm phone-camera filters or magenta club light, with peace signs, finger hearts and remix-DJ watermarks sealing the ""cute but gangster"" party mood. Recognize it by crowded low-res group frames, knockoff brand prints, and fringed hair as the crown of the look."
Knightcore,aes/Knightcore/SKILL.md,"Knightcore is a Tumblr-born martial-medieval aesthetic centered on the figure of the knight: weathered steel plate and chainmail, riveted leather, wool cloaks, and swords gripped in gauntleted hands, set against misty forests, castle ramparts, fields and open skies. Its palette is silver steel, earth brown, dark green and fog grey, punctured only by heraldic red or royal blue, lit by overcast diffusion, dusk amber or candlelit sepia. Recognize it by armor-and-weapon close crops, chivalric and religious symbolic imagery, and a solemn, honorable mood — never courtly opulence, never high-magic spectacle, never horror."
Kogal,aes/Kogal/SKILL.md,"Kogal (kogyaru, Heisei gyaru) is the mid-1990s Japanese schoolgirl branch of Gyaru culture: high school uniforms deliberately broken into fashion — hitched-up plaid skirts, beige knit sweaters, slouched white loose socks over loafers or platforms — worn with bleached or honey-dyed hair, heavy make-up and, in the classic era, tanned skin. Signature cargo includes decoden (phone cases, mirrors and trinket boxes crusted with pearls, cabochons and whipped-cream glue), added neck bows, charm-laden shoulder bags, and glossy daytime street-snap group poses. Palette runs beige, white, black and pastels laid over grey, navy or lavender plaids."
Korean_Cozy_Beige,aes/Korean_Cozy_Beige/SKILL.md,"Korean Cozy Beige (also called Beige Milk Tea or Korean Neutral Beige) is a Korean Instagram-to-Pinterest aesthetic of tidy domesticity in an ivory–oat–milk-tea-brown palette: bottled milk tea and lattes in clear or white cups, cookies and tiramisu on ceramic plates, linen bedding by sunlit windows, rattan baskets, oatmeal knits, study desks with laptops and washi-taped prints. Natural window light, clean blog-style compositions and slow-living minimalism give it a cozy-yet-mature tone, with cuteness admitted only as tiny character accents (Rilakkuma, Line Friends, Sanrio). Recognize or generate it through neutral palette dominance, orderly negative space, faceless candid presence, and cafe-study-home subject matter."
Krocha,aes/Krocha/SKILL.md,"Krocha is the flash-lit, neon-on-black youth subculture look of Viennese malls, fairgrounds and Netlog profiles circa 2005–2008: gelled bleached Vokuhila mullets, solarium-orange tans, keffiyeh scarves, neon Ed Hardy caps, V-neck tees and oversized belt buckles over tight jeans and white sneakers. It survives visually as harsh compact-flash party snapshots and motion-blurred phone-camera video stills, plus a Vectordelia-style graphic arm of black dancing silhouettes on pink/yellow/fluorescent-green splatter with distorted-capitalization slang (""BAM OIDA"", ""kRocHa traxx""). Recognize it by teenage group poses with peace signs and pointing fingers, argyle diamonds, brand-logo maximalism, and consumer-leisure settings (mall atriums, funfair ride platforms, contest stages)."
Krushclub,aes/Krushclub/SKILL.md,"Krushclub is the strictly monochrome cover-art and edit aesthetic of the early-2020s bitcrushed Jersey Club microgenre — black, white and dithered grey only, soaked in CRT scanlines, pixel crush and radiant bloom glow. Its signature stock is stars, hearts and butterflies in repeating scatters, anime angels and goth girls with blown-out glowing eyes, low-poly and PlayStation-era packaging relics, barcodes, vertical Japanese text and illegible metal-style logotypes. Recognize it by greyscale digital decay (scanlines, dither, photocopy contrast) fused with Y2K gaming nostalgia and rave-cute iconography."
LOLcore,aes/LOLcore/SKILL.md,"LOLcore is a short-lived mid-2010s fashion aesthetic (peak autumn 2014) that turns Pop Art and mass consumerism into couture — clashing high-chroma primaries and secondaries, cartoon/manga and fast-food logo prints, oversized childlike accessories such as giant lollipops, mascot-head backpacks and cartoon gloves, staged in candy shops, supermarket aisles and runway sets. Recognize it by its deliberate silliness and self-mockery: bodycon dresses, colorful faux fur and patent vinyl loaded with branded kitsch, shot as flash-bright editorials, runway looks or flat magazine illustrations, in open revolt against Normcore minimalism."
Lad_Culture,aes/Lad_Culture/SKILL.md,"Lad Culture (Laddism) is the visual language of 1990s British working-class male youth crews — groups of lads in Adidas tracksuits, football shirts, striped rugby polos, parkas and bucket hats, caught in boisterous snapshot realism on terraces, pub benches, high streets and playing fields. Its palette is sportswear block color: kit red, royal and sky blue, navy, optic white and black, lit by overcast UK daylight or harsh on-camera flash. Recognize it by the crew rather than the individual: arms over shoulders, mock-wrestling, deadpan banter, beer cans, football iconography and lads'-mag cheek, never solo glamour."
Larme_Kei,aes/Larme_Kei/SKILL.md,"Larme Kei is the mid-2010s Tokyo ""sweet girly artbook"" aesthetic of LARME magazine — hyper-feminine coordinates that pair girlish pastel frill (pink puff-sleeve blouses, tulle, ribbons, pearls) with mature or sexy anchors (black pencil skirts, leather, chokers, garter details), shot in soft hazy light or assembled as collage-edited magazine spreads with transparent bows, hearts and dreamy English script. Signature cues: blunt or wispy bangs, cry-eye pink eyeshadow with circle lenses, unsmiling pouty faces, Mary Janes or pumps with sheer lace socks, and texture mixing of lace, sheer, fur and leather over a pink-black-red-white palette."
Laser_Grid,aes/Laser_Grid/SKILL.md,"Laser Grid is the 1980s technosphere aesthetic of glowing perspective or flat grids, hand-drawn wireframe vector lines and airbrushed chrome on black grounds, extending into sleek right-angled interiors clad in mirror panels, glass blocks and chrome slats. Signature elements are luminous neon grid planes, laser beams with airbrushed halos, pinstriped logotypes, and metallic airbrush gradients; typical subjects are consumer-electronics ads, computing magazine covers, cartridge and package design, striped corporate logos, and monochrome reflective rooms. Recognize it by light-on-dark vector glow plus period airbrush grain, or by pale plaster rooms structured by chrome wire grids and mirrored walls."
Light_Academia,aes/Light_Academia/SKILL.md,"Light Academia is the 2010s Tumblr-born, sunlit counterpart of Dark Academia: a desaturated cream–beige–camel palette lit by natural golden light, populated by old books, white marble and plaster sculpture, Beaux-Arts colonnades and Haussmannian moldings, cursive letters, wool knits and plaid, porcelain tea sets and cozy domestic study scenes. Recognize it by its optimistic, tender scholarship — hope, friendship and happy endings rendered in ivory, tan and pale gold — never by gothic gloom, blackness or tragedy."
Liminal_Space,aes/Liminal_Space/SKILL.md,"Internet-born aesthetic (crystallized in the late 2010s around The Backrooms legend) of transitional spaces devoid of people — school hallways, mall concourses, waiting rooms, stairwells, parking lots, vacant playgrounds, pool halls — dressed in late-20th-century institutional fabric: linoleum, drop-ceiling tiles, beige ceramic tile, cool fluorescent troffers. Palette runs cream yellow and building-neutral beige through black-and-grey shadow, frequently degraded by grain, compression noise and camera date stamps. Mood is uncanny familiarity: nostalgia and comfort fused with quiet dread, a place waiting for people who never arrive."
Live_Laugh_Love,aes/Live_Laugh_Love/SKILL.md,"Live Laugh Love is the 2000s-born US feel-good slogan aesthetic: brushy, thick-thin script and tall narrow Rae Dunn-style block caps carrying saccharine or winking-ironic affirmations across wooden signs, chalkboards, glazed pottery, wall decals and social-media shareables. Its palette is cream, greige beige, wood brown, chalkboard black and blush-pink pastels, lit soft and high-key, with terracotta or gold-foil script as the accent. Recognize it by word art as the compositional hero over domestic subjects — coffee, home, family, self-love, wine-mom irony — never mascots, pastoral narrative or western iconography."
Living_Doll,aes/Living_Doll/SKILL.md,"Living Doll is an early-2010s internet beauty aesthetic in which a human face and body are styled — circle lenses, doll makeup, poreless airbrushed skin, waist-length saturated hair, hyperfeminine frilled fashion — into a manufactured toy doll, uncanny and serene. Its palette is pink and pastels over porcelain matte skin, with platinum-blonde or crimson hair as the saturated accent; images are soft, evenly lit portraits, selfies, paired doll portraits and thumbnail-framed video stills. Recognize it by lens-enlarged wide eyes with heavy liner and lashes, tiny glossy lips, stiff posed stillness and a heavy digital-retouch sheen that sits between photograph and illustration."
Lo-fi_Art,aes/Lo-fi_Art/SKILL.md,"Lo-fi Art is the 2010s stream-culture aesthetic of quiet, anime-styled slice-of-life scenes — a solitary figure studying or listening with headphones in a cluttered cozy room, or an empty rain-slick city street at night — rendered in muted analogous cool colors (blues, purples, pinks) punctuated by small pockets of warm lamp or screen glow. Signature elements include rainy windows, houseplants, sleeping pets, Japanese signage, and deliberate analog degradation (film grain, soft focus, VHS static, pixel dithering). Recognize it by its ""chill-cozy"" stillness: low-energy mundane moments, environment-first composition, and a nostalgic pre-digital finish."
Lobotomy_Chic,aes/Lobotomy_Chic/SKILL.md,"Lobotomy Chic (aka the dissociative pout / selfie nihilism) is a 2020s Instagram-born aesthetic of feminine detachment: lo-fi point-and-shoot flash snapshots of young women holding a vacant, parted-lip pout or an eye-roll inside mundane, liminal interiors. Its palette is flash-bleached white, grey, brown, beige-yellow and light blue, with messy hair, smudged or absent makeup, ironic Catholic iconography (wall crucifixes, cross necklaces, nun habits) and plain-text parody tees. It reads as an amateur film scan or early digicam frame — grain, dust, awkward crops, deadpan mood — never as polished editorial photography."
Logomania,aes/Logomania/SKILL.md,"Logomania (Brandmania) is a maximalist fashion aesthetic built on the saturated, all-over repetition of luxury-house monograms and wordmarks across jackets, suits, tights, bags and hardware. Born in 1980s Harlem through Dapper Dan's sampled luxury streetwear, peaking again in Y2K pop culture and the 2010s streetwear-luxury merger, it favors brown monogram canvas, black-and-white jacquard, navy, red and green, oversized silhouettes, bucket hats, sunglasses and oversized branded hardware. Recognize it by logo-as-fabric density: the brand mark is the textile itself, covering whole garments rather than appearing as a single small chest hit."
Lolicore,aes/Lolicore/SKILL.md,"Lolicore is the deliberately trashy visual language of the mid-2000s 4chan breakcore/speedcore scene: moe and slice-of-life anime cutouts defaced with black censorship bars, blood and firearm gurokawa overlays, Windows-UI debris, and maximalist deep-fried collages of stolen fan art, pixel fonts and graffiti tags over pastel-neon-black-red palettes. Recognize it by amateur cut-and-paste execution, censor-barred anime eyes, deadpan real-person photo inserts, and satirical shock juxtaposition; its 2020s register trades shock imagery for muted blue-purple databent glitch while keeping an anime anchor."
Lolita,aes/Lolita/SKILL.md,"Japanese fashion subculture (Harajuku, late 1990s–2000s) built on a petticoat-held bell or A-line skirt at knee length, dense lace, bow and ruffle trim, and headwear such as bonnets and head bows. Palette is keyed to substyle — Sweet pastels (baby pink, sax blue, butter yellow, ivory), Classic muted earth tones (brown, wine, sage, cornflower), Gothic blacks and dark reds — with prints of sweets, animals, florals, tartan or crosses. Recognize by the poofy skirt volume, opaque tights, round-toe strap shoes, shaped bags and parasols, photographed as everyday wear in soft-daylight street snaps."
Lovecore,aes/Lovecore/SKILL.md,"Lovecore (also Heartcore, Crushcore, Cupidcore, Valentinecore) is a 2010s Tumblr-born internet aesthetic built on the commercial iconography of Valentine's Day — hearts on nearly every surface, love letters, roses, heart-shaped chocolates, lipstick kisses, cherubs — rendered in a strictly pink, red and white palette ranging from powdered blush to oxblood. Its surfaces are satin, pearl, matte paper, glossy plastic, yarn and neon glass; its lighting swings between diffused high-key blush and dark rooms lit by heart-shaped light. The mood is sweet, nostalgic and unapologetically sentimental, celebrating love itself — crushes, courtship rituals, queer joy — and never heartbreak."
Low_Poly,aes/Low_Poly/SKILL.md,"3D aesthetic of deliberately sparse polygon meshes — blocky, triangular faceted models rendered with flat or per-vertex shading, in either textureless vibrant simple colors or low-resolution pixelated textures. Born from 1990s PlayStation, Nintendo 64 and Dreamcast hardware and revived in the 2010s as an intentional, Modernist anti-realism. Signature cues: hard visible facets, saturated azure skies with cumulus clouds and turquoise water (the Sega Blue Sky lineage), liminal empty spaces, and — in its PSX branch — texel-gritty textures and dim vertex-lit interiors used for uncanny horror."
Lowbrow,aes/Lowbrow/SKILL.md,"Lowbrow (Pop Surrealism) is the underground Los Angeles painting movement born in the late 1960s from underground comix, hot-rod and tiki culture, punk and pulp kitsch. Recognize it by its glossy airbrush-or-glaze finish, big-eyed doll-children and anthropomorphic animal characters, candy-saturated sunset palettes or porcelain-antique pastels, and creepy-cute humor built on retro pop-culture citation. Typical subjects include tiki idols, rat-fink monsters, pinups, animated objects, meat-and-sweet still lifes, and parodies of old-master tableaux."
Lulicore,aes/Lulicore/SKILL.md,"Lulicore (可露丽风 / ""Canelé Style"") is a 2025 Chinese fashion aesthetic born on Rednote that dresses the body like a French canelé: a dominant base of crust browns and mocha mousse punctuated by discrete creamy pastel accents (pistachio, strawberry cream, butter yellow, lavender) standing in for the dessert's filling. Signature elements include canelé and dessert props, brown-outer-over-pastel-inner layering, slouch socks, berets and pearls, art-toy plush staging, and color-blocked poster layouts with retro cursive wordmarks. Mood is sweet, gentle and playful; typical subjects are full-body fit checks, café and street snapshots, and dessert-styled still lifes."
Lumberjack,aes/Lumberjack/SKILL.md,"Late-2000s ""lumbersexual"" workwear aesthetic built on red-and-black buffalo plaid flannel, raw selvedge denim, duck-canvas overalls, heritage work boots, watch-cap beanies and full beards. Its palette pins one loud brick-red plaid against earth-muted neutrals — brown, khaki, olive, indigo, weathered-wood grey — in posed outdoor portraits with axes at rest, split firewood, vintage pickups and conifer forest. Reads as romanticized manual labor: rugged, earnest, texture-forward, anti-gloss."
Lunarpunk,aes/Lunarpunk/SKILL.md,"Lunarpunk is the nocturnal twin of Solarpunk — a late-2010s speculative aesthetic imagining a sustainable, hopeful future that lives by night, lit only by moonlight, starlight and bioluminescence. Its visual DNA is a deep indigo-violet-black palette pierced by soft teal, foxfire-green and orchid glows emanating from living things (glowing mushrooms, radiant flora, moths, fireflies), over dark reflective water, moon-dominated skies, organic living-wood architecture and solitary cloaked or hooded figures. Recognize it by night-as-setting plus living light plus occult-natural motifs; distinguish it from Solarpunk's daylight greens, Cyberdelia's chemical neon, Dreampunk's hazy liminality, Goth's mourning black, and Naturecore's sunlit coziness."
MDLR,aes/MDLR/SKILL.md,"MDLR (""Mec de la Rue"") is the late-2010s Spanish street-rap subculture of working-class barrio youth: glossy puffer jackets and hooded tracksuits in black, gray and navy, a fanny pack (riñonera) slung diagonally across the chest, air-unit sneakers, hoods up or balaclavas, posed in duos on tiled sidewalks beside parked cars or under harsh phone-flash at night. Signature cues include acronym hand gestures, electric scooters, snapshot-real lighting, and a saturated poster-graphic variant, all tied to Morad's drill scene and an ethos of neighborhood pride. Use this skill for images of Spanish/Mediterranean street youth in sportswear, flash-lit corner poses, or flat-color graphic portraits carrying the same codes."
MLG,aes/MLG/SKILL.md,"MLG (Major League Gaming / montage parodies) is a 2010s YouTube-born parody aesthetic (peak 2014–2017) that mocks competitive Call of Duty and Halo frag movies through maximalist collage: over-saturated rainbow gradients, neon green and gold, hitmarkers stamped onto non-gaming objects, 8-bit ""Deal With It"" sunglasses, Doritos and Mountain Dew logos, sniper scopes, air horns, Illuminati triangles and meme faces layered with zero negative space. Recognize it by ironic ""epic"" gaming-HUD grammar applied to mundane subjects, glossy sponsor-logo parody, and compressed JPEG clip-art clutter; separate it from plain meme maximalism by its FPS montage vocabulary and from deep-fried memes by the fact that degradation is incidental, not the point."
Mad_Scientist,aes/Mad_Scientist/SKILL.md,"Mad Scientist is a camp-gothic laboratory aesthetic in which neon green and ultraviolet purple glow against steel, glassware and dark haze — cluttered labs of imposing, deliberately confusing machinery, specimen tanks, bubbling flasks and manic white-coated experimenters. It runs from Frankenstein's gothic origins through 1930s horror-film labs to 1990s cartoon labs and synth-pop irony, always balancing ominous dread with knowing camp. Recognize it by self-luminous toxic liquids, tesla arcs, biohazard marks, brass-and-rubber gadgetry, and figures lit from below by their own experiments."
Madchester,aes/Madchester/SKILL.md,"Madchester (aka Baggy or the Second Summer of Love) is the visual culture of Manchester's indie-dance scene, 1987–1992: saturated rainbow psychedelia, hand-painted bubble-letter logotypes, 1960s pop-art portraits and paper collage, and baggy streetwear — bucket hats, oversized T-shirts, wide-legged jeans, trainers — captured in grainy snapshot or duotone-wash photography. Recognise it in band group shots, club and warehouse rave imagery, type-hero psychedelic posters and sleeves, and Manchester civic-pride signage; it fuses indie-guitar iconography with acid-house colour euphoria, which is what separates it from pure Acid House, Casuals, or grey anorak indie."
Mafia_Aesthetic,aes/Mafia_Aesthetic/SKILL.md,"Mafia Aesthetic (Mafiacore, Mobster Chic) is the romanticized visual language of the fictional Italian-American mob — pinstriped suits, fedoras, overcoats, Tommy guns, cigars, crystal tumblers and red velvet, rendered in high-contrast black-and-white or near-monochrome muted color pierced by a single oxblood-red or amber accent. Low-key chiaroscuro, cigarette smoke, film grain and fragmentary close-ups of hands, weapons and luxury props convey poised threat, ceremonial loyalty and imminent betrayal. Load this skill for Prohibition-through-Sopranos-era gangster tableaux, mob-wife glamour, smoky back-room still lifes, and greyscale editorial collages in this register."
Magical_Girl,aes/Magical_Girl/SKILL.md,"Magical Girl (mahou shoujo) is the Japanese heroine aesthetic born of 1960s shoujo media and codified by 1990s Sailor Moon-era cel anime: young girls caught mid-transformation in color-coded frilled costumes, wreathed in ribbon light-trails, stars, hearts and glitter, anchored in pink and gold. Recognition hinges on metamorphosis signifiers — wands, lockets, compact brooches, floods of white light, sailor-collar frills, brightly colored hair, animal mascots — plus team color-coding where each girl owns one hue, weapon and power. Load this skill for anime heroine transformation scenes, mahou kei fashion and prop still-lifes, sparkle-laden team lineups and ensemble poster collages; not for generic cuteness (Kawaii, Moe), retro anime mundanity (Animecore) or pastel street fashion without hero props (Fairy Kei)."
Magician,aes/Magician/SKILL.md,"Magician (Magiciancore / Stage-Magician Core) is the theatrical aesthetic of the stage illusionist, from 18th-century magic shows to vaudeville poster art and modern street-magic drama: tailcoats, top hats, white gloves, playing cards, crystal balls, rabbits, wands, velvet curtains and spotlight chiaroscuro. Its palette is jewel-dark — burgundy, deep blue, emerald, purple, black — pierced by gold, silver, cyan or lime accents, or faded cream-and-rose paper tones in lighthearted vintage takes. Recognize it by showman poster typography, levitation and trick tableau, ornate proscenium framing, and the declared tension of staged deception (""it's all an act"") rather than lived sorcery."
Maid,aes/Maid/SKILL.md,"Japanese pop-culture service-uniform aesthetic born in 2000s Akihabara maid cafés, built on the ruffled apron-dress: fitted bodice, flared skirt, contrasting lace-trimmed apron, frilled headdress, thigh-high socks. Palette splits between classic black-and-white servant contrast and kawaii pastels (pink, baby blue, lavender) cut by white lace; signature props are feather dusters, tea trays, parfaits and ketchup-doodled omurice, set in rococo pastel café interiors or promo-poster graphics. Recognize by the apron-plus-headdress uniform grammar and performed cuteness, whether in café promo photography, cosplay snaps, anime cel illustration, or menu/poster design."
Maidcore,aes/Maidcore/SKILL.md,"Maidcore is the mid-2010s Russian VK music-scene aesthetic of anonymous ""X the Maid"" personas (Nijiura Maids borrowed from 2chan), rendered as lo-fi ""Oekaki Punk"" anime cover art: jagged non-anti-aliased lines, sketchy flat fills, muted monochrome or fog-grey palettes pierced by neon magenta/cyan glitch accents, post-Soviet doomer settings, drug paraphernalia and bitmap pixel typography. Recognize it by the deliberate dissonance between a cute frilled maid costume and a bleak, noisy, depressive-aggressive treatment."
Maillard_Style,aes/Maillard_Style/SKILL.md,"Maillard Style (Maillard Feng) is a Chinese fashion microtrend of autumn 2023–24 that builds monochrome, head-to-toe outfits on a seared-steak gradient of browns — tan, caramel, rust, chocolate, burgundy — mixed through leather, shearling fur, chunky knits and satin brocade, with khaki or off-white accents. Recognize it by tonal brown layering, deliberate plush-versus-smooth texture clashes, quiet-luxury silhouettes (oversized coats, wide corset belts, slouchy boots, structured leather bags) and smoky matte brown makeup; it reads warm, autumnal, heritage-minded and faintly ""appetizing,"" the deliberate opposite of Dopamine brightness."
Mall_Ninja,aes/Mall_Ninja/SKILL.md,"Mall Ninja is the early-2000s internet stereotype of unearned ""badass"" weapon posturing, captured in low-resolution flash photographs, meme macros and forum screenshots of people in cheap black coats, fedoras and sunglasses brandishing tacky katanas, nunchaku and oversized or iridescent rainbow blades in basements, suburban yards and mall corridors. Its palette yokes camouflage olive/tan and polyester black to oil-slick rainbow blade accents, dragon embroidery and boastful overlaid first-person quotes, all rendered with sincere, unselfaware grandeur. Recognize it by the gap between lethal self-image and mundane, cheap, domestic reality."
Mallgoth,aes/Mallgoth/SKILL.md,"Mallgoth is the North American teen subculture look of the late 1990s to mid-2000s: a mall-bought, commercialized goth fused with nu-metal bagginess — black band tees, wide-leg Tripp-style bondage pants hung with chains and straps, fishnet, platform boots, studded belts, spiked chokers and ankh or inverted-cross silver, over pale skin with ""raccoon"" black eyeliner and dark lips. It photographs like a consumer snapshot: direct on-camera flash in bedrooms, basements, parking lots and shopping-mall interiors, black-dominant palette accented with red, purple and silver, mood of performative teenage angst undercut by dark humor."
Mallsoft,aes/Mallsoft/SKILL.md,"Mallsoft (Mallwave) is a 2010s vaporwave-offshoot aesthetic built on 1980s–90s shopping-mall architecture: skylit atriums, multi-level concourses, indoor fountains, potted palms, and neon storefront signage in pink, teal, mint, lavender, white, and gold. Its images split between bright ""golden era"" mercantile spaces and shuttered ""dead mall"" decay, typically softened by VHS grain, haze, or pastel CGI dreaminess to stage empty, nostalgic liminality. Recognize it by people-free tile-floored concourses, fluorescent coffered ceilings, skylight trusses, and consumerist architecture treated as memory rather than documentation."
Manba,aes/Manba/SKILL.md,"Manba is the extreme late-1990s/early-2000s Shibuya gyaru substyle: a deep, uniform artificial chocolate-brown tan armored with stark white ""panda"" concealer bands around the eyes and lips, voluminous bleached-platinum or neon-dyed hair extensions, face stickers and glitter, and loud neon or Hawaiian-hibiscus clubwear with leis and platform boots. Recognize it in flash-lit maximalist portraits, purikura booth prints and egg/Ranzuki magazine scans where saturated pink, mint, yellow and orange collide against dark tan skin, always with a deliberate, gleeful anti-elegance."
Mandrake,aes/Mandrake/SKILL.md,"Mandrake is the funk carioca street identity of Brazilian favela youth (Rio de Janeiro and São Paulo; music roots in the 1980s–90s, style cohering in the 2000s), built on logo-loud football club jerseys and brand tracksuits, gold or silver chains and watches, large mirrored sunglasses, snapback caps, visible tattoos and customized motorcycles, captured in harsh-daylight phone selfies, crew snapshots and glossy KondZilla-style video stills. Its palette is high-contrast club color — red-black, orange-black, white, saturated cyan and royal blue — punctured by metallic gold and mirror-lens glints. Recognize it by ostentatious ""chave"" posing, tropa crew groupings, baile funk and bare concrete street settings, and an attitude of defiant pride."
Manguebeat,aes/Manguebeat/SKILL.md,"Manguebeat (Manguebit) is the visual language of the 1990s Recife counterculture — maracatu-bright primaries (white, blue, yellow, red, green) on sun-bleached grounds, crabs and parabolic dishes grafted into mangrove mud, rope-laced alfaia drums, straw hats and dark sunglasses over thrifted rainbow stripes. Recognize it by flat print-like color, sunburst poster logic, mud-anchored fusion of folk percussion with analog tech, and a defiant, groove-carried mood of social and ecological critique."
Manueline,aes/Manueline/SKILL.md,"Manueline (Portuguese Late Gothic, c. 1490–1521) is the maritime ornament style of Manuel I's Portugal: honey-gold and cream limestone in which portals, windows, columns and arcades erupt into carved ship's rope, armillary spheres, shells, coral, oak and laurel sprigs and the Cross of the Order of Christ, all laid over a rigorous Late-Gothic skeleton of pointed arches, rib vaults and tracery. Recognize it by stone that behaves like rope and growing plants, by Age-of-Discoveries nautical emblems, and by sunlit pale-gold masonry against Atlantic sky or water; typical subjects are monastery cloisters and portals, water-edge fortified towers, great traceried chapter-house windows, pillories, fonts and tombs."
Marshmallow_Girl,aes/Marshmallow_Girl/SKILL.md,"Marshmallow Girl (Mashumaro Joshi) is a 2010s Japanese body-positive fashion aesthetic coined by La Farfa magazine, built on yurufuwa (loose-fluffy) dressing: rounded, uncinched silhouettes in bright candy pastels (mint, bubblegum pink, lemon, sky blue) over white and cream, with sweets-and-fruit prints, lace and bow trim, opaque tights and Mary Janes. Recognition hinges on joyful plus-size or soft-rounded subjects giving cute open expressions (waves, peace signs, smiles), high-key catalog or idol-group photography, and rounded coral-pink Japanese magazine typography. It differs from Gyaru (tanned, glam-sexy), general Kawaii (structured Lolita silhouettes, any body type), and Western Soft Girl (muted, dreamy pastels)."
Martial_Industrial,aes/Martial_Industrial/SKILL.md,"Martial Industrial is the album-sleeve and poster language of the 1980s European post-industrial scene: sepia or monochrome archival photography, grainy halftone and blind-stamped leather, centred heraldic or esoteric sigils, and letterspaced blackletter or roman capitals on black, olive drab, oxblood or parchment grounds. Signature subjects are massed shields and parade formations, classical and baroque sculpture, eagles and ossuaries, and hooded or turned-away uniformed figures, all arranged with funereal symmetry and propaganda-poster discipline. Recognize it by the combination of archival degradation, monumental statuary or military mass, and austere typographic framing."
Maximalism,aes/Maximalism/SKILL.md,"Maximalism is the aesthetic of deliberate excess, descended from Baroque and Rococo horror vacui, Victorian eclecticism, and the post-2010s anti-minimalist resurgence, recognisable by bold clashing colours, layered prints, wallpaper, rugs and collections that fill every inch of the frame. Signature elements include gilded ornament (rococo cartouches, c-scrolls, cresting), pattern-on-pattern surfaces, cabinets of curiosities and crowded shelves, trompe-l'œil ceilings, carved lacquer, and sentimental clutter; typical subjects run from ornament-saturated interiors and portrait-like gilded objects to baroque façades, dense figurative panoramas and candy-bright contemporary rooms. If a surface is empty, it is not maximalism."
McBling,aes/McBling/SKILL.md,"McBling (Trashy Y2K, Glam Y2K, 2000s Glam) is the maximalist ""trashy glamour"" aesthetic of US celebrity culture c. 2000–2008: hot-pink velour tracksuits, rhinestones and glitter, logo-mania (Juicy Couture, Von Dutch, Playboy), low-rise jeans, bedazzled flip phones, shot in harsh paparazzi flash or saturated music-video pink. Recognize it by a pink-dominant palette punctured by metallics and black/white graphics, animal prints, curvy 1970s script and tabloid typography, and candid fame-culture framing. It is not sleek chrome Y2K Futurism, nor the cleaner modern Barbiecore/Baddie revivals."
Meatcore,aes/Meatcore/SKILL.md,"Meatcore (also Fleshcore) is an obscure web-native aesthetic of raw meat, organs, blood and body horror treated with cuteness or artistic tenderness — styrofoam trays under cling film, marbled steak closeups, flesh-assemblage creatures and kawaii characters, in arterial red, reddish white and tray pink. It holds discord, discomfort and disgust in tension with body-positive and feminist readings of ""we are all just meat,"" and circulates as supermarket flash snapshots, dithered digital edits and flat cute illustration. Recognize it by uncooked flesh as the hero subject, commodity packaging print, and sweet-or-deadpan framing of abject material."
Mecha,aes/Mecha/SKILL.md,"Mecha is the Japanese postwar aesthetic of giant piloted humanoid machines and sleek androids: stark white and metallic-gray armor plate split by black panel lines, accented with primary reds and blues or military olive, cool blue sensor glow, samurai-crest silhouettes and exposed hydraulic joints. Subjects range from skyscraper-scale combat robots framed against smoke and explosion light, to catalog-clean gynoid renders, split-face mechanical portraits, and wearable headgear props on ordinary people — all unified by engineered panel-line logic and the man-machine union. It emerges from 1950s manga (Astro Boy, Tetsujin 28-go), matures through Gundam's military realism, and darkens with Evangelion's psychological turn."
Med-Tech_Visions,aes/Med-Tech_Visions/SKILL.md,"Med-Tech Visions is the slick pseudo-CGI stock imagery of medical and science communication from the mid-1990s onward: glossy 3D renders of organs, cells, neurons, DNA helices and microchips suspended in deep blue or black voids, lit from within by cyan glow with a single warm red-orange-yellow highlight element. Recognize it by translucent X-ray anatomy, electrograph traces, holographic data overlays, glassy cell membranes, and editorial wrappers such as magazine mastheads or supplement cartons; green is absent outside plant biology and pink/magenta stays confined to gradients."
Medicalcore,aes/Medicalcore/SKILL.md,"Medicalcore (also Hospitalcore, Nursecore) is an internet aesthetic that stages clinical paraphernalia — syringes, pills, IV bags, bandages, hospital beds, red-cross emblems — inside a sedative palette of white, pink, lavender, mint and baby blue, with red held back as a small emblematic accent. Its images (still-life photos, flat lays, macro shots, faded room snapshots, doll portraits, anime edits, collage grids) favor high-key haze, low contrast and shallow depth of field, treating sickness with tender, coping-oriented care rather than glamour or horror."
Medieval,aes/Medieval/SKILL.md,"European Middle Ages (5th–15th century) visual culture: flat tempera-and-gold-leaf picture planes on vellum, wool tapestry fields, frescoed arcades and gem-set goldsmith work, all organized by Christian devotion and feudal hierarchy. Signature elements include burnished gold grounds, a lapis-and-vermilion jewel palette, inscribed banderoles, heraldic beasts and fleurs-de-lis, millefleurs pattern fills, vielle-playing courtiers, plated knights and cloisonné reliquary crosses. Load this skill to recognize or generate manuscript illuminations, tapestries, wall paintings or reliquary metalwork in the pre-Renaissance European idiom."
Medieval_Fantasy,aes/Medieval_Fantasy/SKILL.md,"Medieval Fantasy stages a fantastical European Middle Ages (5th–15th century, England-flavoured) of knights, castles, crowns, swords and working magic. Its palette spans earthy wool-and-leather umbers, tans and grey-greens up to concentrated jewel accents of crimson, emerald, royal blue and purple on heraldry, gowns and cloaks, lit by overcast daylight, tall window light or candle glow. Read chainmail, tooled leather, frayed wool cloaks, velvet gowns, parchment and rough stone, carrying moods of chivalric devotion, quest and escapist pageantry."
Medievalcore,aes/Medievalcore/SKILL.md,"Medievalcore (2020s Medieval Revival, Castlecore, Weirdieval) is a maximalist fashion-and-design aesthetic that recuts Middle Ages archetypes — the Joan-of-Arc warrior, the dark-fairytale princess, the witch — into modern garments: chainmail and metallic-mesh dresses, rigid breastplate corsets, conical hennins, knitted bonnets, cloaks, tapestry prints and cross pendants. Its palette anchors metallic silver and gold against deep red, black, forest green and earthy brown, lit anywhere from candlelit chiaroscuro to runway flash and stage gel. Recognize it by armor treated as clothing, Gothic/Catholic ornament, distressed leather and cabochon jewels, and deliberately anachronistic, ""weird girl"" staging."
Melodycore,aes/Melodycore/SKILL.md,"Melodycore (MyMelodycore) is an early-2020s Sanrio-fandom aesthetic organized around the character My Melody: high-key pastel pink, white and cream imagery washed in soft bloom and glitter overlays, saturated with bows, ribbons, lace, hearts and character merchandise. Typical subjects are flat lays of character goods, frilled Girly Kei and Ryousangata outfits, decorated nail and makeup close-ups, and shrine-like pink room displays. Recognize it by its monochrome-pink devotion, dreamlike overexposed glow and kawaii innocence — the light twin of Kuromicore."
Meme_Rap,aes/Meme_Rap/SKILL.md,"Meme Rap is the visual language of 2010s ironic internet rap: lo-fi paste-up collages that crash sanitized childhood mascots, moe anime girls and early-2000s convenience-store products into mid-1990s gangsta-rap signifiers. Expect bubblegum pink and saturated primary clipart colors with neon accents, aliased WordArt typography, JPEG compression artifacts, hard-edged green-screen cutouts, and absurd wealth props like pink sports cars, cash stacks and Parental Advisory badges. Recognize it by deliberate amateurism — mismatched layer resolutions, webcam-flash photos dropped onto flat cartoon backgrounds, sticker-scatter borders — never by polished design."
Memphis_Design,aes/Memphis_Design/SKILL.md,"Memphis Design is the flamboyant postmodern style of the Milan-based Memphis Group (founded by Ettore Sottsass, 1980–1987): bright white or pastel grounds plastered with saturated geometric primitives, black zig-zag and squiggly lines, and clashing plastic-laminate patterns in pink, yellow, blue, red, purple and teal. Signature subjects are totemic, asymmetrical furniture, lamps and ceramics presented as sculptures, plus flat color-plane interiors, TV-studio sets and graphic layouts that sit deliberately between kitsch and elegance. Load this skill when an image shows anti-minimalist clash of hard geometry, printed pattern and candy color — not restrained modernism, not neon-on-black retrowave."
Memphis_Jr.,aes/Memphis_Jr./SKILL.md,"Memphis Jr. (alias Playskool PoMo) is the children's offshoot of 1980s Memphis–Milano design — candy-saturated reds, oranges, yellows, blues, pinks and purples deployed as hard-edged geometric patches (circles, triangles, checkerboards, polka dots, confetti sprinkles, Bacterio squiggles) on white or bright solid fields. It lives on late-80s-to-mid-90s play-center storefronts, toy packaging, mascot and logo lockups, paper-craft dioramas, preschool TV sets and early low-poly CGI playfields, always pairing rigid geometry with freeform squiggles and oversized multicolor lettering. Recognize it by patchwork pattern-on-pattern, primitive-solid assemblages (cones, spheres, zigzag slabs) and sincere childlike cheer rather than adult irony."
Memphis_Lite,aes/Memphis_Lite/SKILL.md,"Memphis Lite is the corporatized, consumer-grade evolution of Memphis Design that saturated popular culture from roughly 1984 to 1997 — pastel CMYK fields built on teal/aqua, pink/magenta and purple (or bright primaries spiked with those hues), dry-brush squiggles and scribbles, stippled gradients, misaligned geometric assemblages with solid drop shadows, and outlined brush-script type. It lives on album covers, TV title cards and game-show sets, mall and store interiors, cartoon key art, patterned upholstery and airport carpet, fashion, and paper cups. Recognize it by cut-paper shape groups separated by blank space, airbrush-and-stipple modulation of otherwise flat color, and playful Art Deco/Cubist figurative accents — never earth tones, never dark neon perspective grids."
Mermaidcore,aes/Mermaidcore/SKILL.md,"Mermaidcore is an early-2020s internet-native fashion and lifestyle aesthetic that stages subjects as if just emerged from the sea: iridescent fish-scale sequins and paillettes, seashells, pearls and coral set in a palette of aquamarine, seafoam, lilac and coral pink over pearl-white and deep-sea jewel blues. Recognize it by wet-look sheen, scale textures in fabric or makeup, sheer water-like fabrics and netting, and aqueous lighting ranging from high-key pastel to sapphire gloom pierced by light rays."
Messy_French_Girl,aes/Messy_French_Girl/SKILL.md,"Early-2020s, TikTok-born nightlife twist on Parisian chic — black leather jackets and oversized blazers thrown over slip dresses, smudged eyeliner under a bold matte red lip, bedhead hair with curtain bangs, and a cigarette held as an accessory. Palette of black, oxide red, cream and beige, shot on grainy, flash-lit film in cafés, bar counters, party sofas and rumpled bedrooms. Recognize it by candid snapshot framing, warm underexposed grain, one quiet luxury cue (quilted handbag, silk, pump) amid deliberate dishevelment, and a ""put together but never perfect"" attitude."
Metal,aes/Metal/SKILL.md,"Visual language of the heavy metal subculture, from its c. 1970 UK/US crystallization through its 1980s–90s extreme offshoots: a black-dominant palette punctured by blood red, bone sepia and rot green, illegible spiky band logotypes, battle jackets sewn with patches and studs, long hair and plain black clothing, corpse paint in the black-metal lineage, and morbid occult, skeletal and anatomical iconography rendered in grainy analog monochrome or low-key studio light. Typical subjects are band group portraits against void-black backgrounds, illustrated album-cover tableaus of skulls, skeletons, robed figures and decayed flesh, patch-vest still lifes, and the horns-hand gesture."
Metalhead,aes/Metalhead/SKILL.md,"Visual style of the heavy metal subculture from the 1970s onward — black leather with pyramid studs, sleeveless denim or leather battle jackets densely sewn with band patches and pins, long hair (or shaved head), black band T-shirts, and the corna hand gesture. Palette is black, worn indigo denim, silver hardware, white logo print and sparse blood-red, captured in faded analog snapshot, harsh on-camera flash, or haze-and-gel stage light against working-class backdrops of brick, parking lots and backstage rooms. Use when recognizing or generating images of metal fans, battle jackets, concerts, and biker-derived defiance iconography."
Metalheart,aes/Metalheart/SKILL.md,"Metalheart (also called Depthcore or Trendwhore) is the dark, edgy offshoot of Y2K Futurism that ran from 1998 to 2005: deformed 3D abstract shapes in polished chrome and bead-blasted metal, futuristic HUD-like UIs with minimalist icons, grids, coding text and technical sans-serif fonts, all floating on blurry near-black backgrounds pierced by lens flares and light streaks. Its palette is gray, black and white charged by a single saturated accent of blue, green, red or yellow, and its native habitats are album covers, website and console skins, and early-2000s game key art in the wake of The Matrix."
Metrosexual,aes/Metrosexual/SKILL.md,"Metrosexual is the groomed, consumer-polished masculinity of late-1990s and 2000s urban centers — men in carefully fitted neutral tailoring (light grey blazers, khakis, pale blue poplin shirts, fine-gauge knits) punctuated by a single confident accent such as ochre trousers, an oxblood knit or coral socks, plus considered accessories like silk scarves and man bags. Its signature is meticulous grooming (product-styled hair, shaped brows, manicured hands, tidy stubble or clean shave), trim coordinated outfits with deliberate footwear, and glossy editorial, street-style, runway or paparazzi photography in soft daylight or even studio light. Typical subjects are fashion-conscious metropolitan men posing or walking in city streets, solid-color studio backdrops, runways and press walls."
Mexican_Muralism,aes/Mexican_Muralism/SKILL.md,"Mexican Muralism (Muralismo Mexicano, 1920s–1950s) is the post-Revolution Mexican public-wall painting movement: monumental frescoes and industrial-enamel murals bound to stairwells, vaults, lunettes and courtyard walls, in an earth-mineral palette of ochre, terracotta and volcanic gray ignited by flame orange, mineral turquoise and gold. Signature elements are dense multi-episode narrative friezes of indigenous warriors, peasants, workers and revolutionary soldiers, pre-Hispanic vocabulary (feather headdresses, stepped-fret temples, serpents, maize), muscular allegorical nudes, and painted fire-light on matte plaster at architectural scale. Load this skill when an image or prompt involves didactic public wall painting, collective historical narrative, or mestizo national iconography rather than easel painting."
Mid-Century_Medieval,aes/Mid-Century_Medieval/SKILL.md,"Mid-Century Medieval (Medieval Revival) is a 1950s–1970s kitsch reinterpretation of Middle Ages iconography — castles, knights, heraldic shields, tarot figures, lutes and herald's trumpets — rendered in bright heraldic reds, yellows, blues and greens on cream paper stock or saturated analog film. Signature elements include embroidered tunics, velvet cloaks and trumpet sleeves fused with 1960s mod hemlines, flat storybook poster illustration, crest-and-shield commercial branding, and pageant-like studio or garden tableaus. Typical subjects are costumed models in lush gardens or against plain studio backdrops, fairy-tale album sleeves and film posters, and kitschy themed-restaurant heraldry."
Mid-Century_Modern,aes/Mid-Century_Modern/SKILL.md,"Mid-Century Modern (MCM, c. 1945–1969) is the post-war American design language of clean lines, organic-and-geometric forms and functionality over ornament: low-slung post-and-beam houses with walls of glass, warm walnut-and-teak interiors punctuated by mustard, burnt orange and turquoise pops, and flat- or triangle-roofed commercial storefronts with glass-panel fronts and period neon pylons. Recognize it by indoor–outdoor openness, molded plywood and fiberglass furniture on tapered legs, exposed wood beams, honest materials and an optimistic, uncluttered mood; subjects range from residential exteriors and living rooms to franchise signage and angular period product design."
Mid-Century_Nursery_Kitsch,aes/Mid-Century_Nursery_Kitsch/SKILL.md,"Mid-Century Nursery Kitsch is the pastel toy aesthetic of the 1950s–early 1970s American nursery: rubber-faced plush animals and matte ceramic figurines with oversized glossy painted eyes, airbrushed rosy cheeks, and tiny bow-shaped mouths, dressed in satin bows, party hats, and lace-trimmed clothing. Its palette is locked to baby pink, powder blue, butter yellow, mint green, cream, and white, arranged in maximalist collector clusters among die-cut paper ephemera, pennant garlands, and chalky gouache greeting-card illustration. Recognize it by the infant-schema animal face, fuzzy vintage plush pile, lightly glazed ceramic, satin ribbon, and soft, faded, shadowless snapshot lighting."
Midwest_Emo,aes/Midwest_Emo/SKILL.md,"Midwest Emo is the faded-snapshot visual language of the 1990s Midwestern emo scene and its 2010s revival — earth-tone suburbia, plaid flannel over plain tees, cuffed jeans and canvas sneakers, twinkly guitars and basement flyer walls, dusk skies over vinyl-sided houses. Recognize it by amateur point-and-shoot grain, overcast or on-camera-flash light, desaturated khaki–teal–brick palettes, group hangs or solitary melancholy, and styling that is deliberately unfashionable and sincere. It is emo without the black eyeliner and studs: sad, but warm, suburban and communal."
Midwest_Gothic,aes/Midwest_Gothic/SKILL.md,"Midwest Gothic is a mid-2010s Tumblr-born regional gothic aesthetic that frames ordinary rural American Midwestern life — weathered farmhouses, sale barns, grain bins, rail yards, mobile homes, cornfields, small-town street grids — in a macabre, desaturated light of overcast skies, mud seasons and snow fields. Its visual DNA is vernacular snapshot realism: flat shadowless daylight or weak night flash, bone-gray and taupe palettes with rust as the only accent, vast empty skies, absent people, and a faint folkloric wrongness at the edge of the frame. Recognize it by its dread of emptiness and indifferent nature rather than by ruins, grandeur, or monsters."
Milipili,aes/Milipili/SKILL.md,"Milipili is an early-2020s Argentine youth-fashion aesthetic of affluent, trend-conscious ""it girls"": a maximalist, revealing Y2K/McBling revival built on total-black outfits, low-rise pants, belly-baring crop tops, micro skirts, cargo pants and platform or knee-high boots, finished with glitter, rhinestones, chains and small designer handbags. Its palette is black, white and denim punctured by single saturated pops (hot pink, acid yellow, cherry red, electric blue), rendered in glossy vinyl, leather, holographics and matte cotton baby tees, and photographed in harsh direct-flash snapshots, mirror selfies and festival or concert candids. Typical subjects are young women posing cheekily solo, in tight friend groups, or performing on stage; the male variant is called Tincho."
Military_Chic,aes/Military_Chic/SKILL.md,"Military Chic is a civilian fashion aesthetic, originating in Napoleonic-era uniform borrowing and modernized by 20th-century combat gear, that fuses masculine military grammar — army jackets, camouflage print, cargo pockets, epaulettes, brass buttons, combat boots — with feminine styling in a khaki, olive drab, tan, brown and black palette. Recognize it by disciplined earth-tone or monochrome-olive ensembles, brass hardware, cinched utilitarian silhouettes, and a poised mood spanning ornate dress-uniform glamour to rugged field practicality."
Military_Goth,aes/Military_Goth/SKILL.md,"Military Goth is a social-media-era fashion aesthetic (2010s Tumblr, 2020s TikTok/Pinterest) that overlays goth theatricality — powdered pale base, smoked-out eyes, black or oxblood lips — onto a military uniform silhouette of peaked officer caps with occult insignia, structured epaulette coats, decorative ammunition belts and leather harnesses. Its imagery is portrait-format and overwhelmingly black, with olive drab or charcoal confined to outerwear, frequently rendered monochrome or heavily desaturated, lit either high-key against plain white or low-key with studio vignette. Recognize it by the co-presence of uniform headgear and heavy goth makeup; neither element alone defines the style."
Military_Lolita,aes/Military_Lolita/SKILL.md,"Military Lolita is a Japanese Lolita substyle that fuses the petticoat-held bell or A-line skirt silhouette with ornate 18th–19th century European dress-uniform tailoring: structured double-breasted jackets, epaulettes, gold buttons and braid, medals, and peaked military caps over knee-length voluminous skirts. Its palette is dark and formal — black, navy, deep green, khaki, burgundy — lifted by brass-gold trim and ceremonial props such as sabres and antique rifles. Recognize it by poised, disciplined full-body coordinate photography in soft lookbook light, where cute Lolita volume meets commanding regimental formality."
Millennial_Feng,aes/Millennial_Feng/SKILL.md,"Qianxi Feng (Millennial Feng, ""00s China"") is the mainstream street-fashion and snapshot aesthetic of 2000s China — bright pink, yellow and denim-blue casualwear (low-rise flared jeans, platform shoes, sequined mini bags, colored knee socks) caught on early consumer digital cameras against white-tile buildings with blue glass windows, continental-European plaza facades, UFO-shaped roofs and sign-dense pedestrian malls. Its mood is boom-era optimism, abundance and playful self-expression, often framed today as curated ""Beauty of the Boom Years"" nostalgia with vintage magazine-scan gloss."
Millennium_Disco,aes/Millennium_Disco/SKILL.md,"Millennium Disco is the glossy 1995–2005 disco-revival aesthetic in which 1970s dancefloor code — mirrorballs, platform shoes, flared trousers, afro wigs, halter leotards — is rebuilt with Y2K space-age polish: chainmail and lamé metallics, velour, rhinestone bedazzle, supergraphic starbursts and rounded geometric logotypes. Its palette runs oxblood red, gold, silver, purple and white through hot magenta and electric cyan, lit either by strobe-warm club glow or by airbrushed periwinkle-to-pink gradients. Recognise it in diva portraits, roller-rink and nightclub interiors, glitter-set display type, checkered dancefloors, and playful camp glamour that treats nostalgia as party fuel."
Millennium_Orientalism,aes/Millennium_Orientalism/SKILL.md,"Millennium Orientalism (also called Eastern Exoticism or Corporate Eastern) is a 1990s–2000s commercial fantasy aesthetic that stitches pan-Asian and Middle Eastern motifs — genie lamps, lanterns, dragons, lotus flowers, bindis, camels, pseudo-Arabic and pseudo-Chinese script — into glossy mall-kitch packaging, advertising and interiors. Its palette is plum, magenta and purple against metallic gold, saffron orange, hot pink and lacquer red, usually laid over airbrushed radial gradients scattered with white sparkle starbursts. Typical subjects are beauty campaigns with ""Eastern"" product names, toy and doll tie-in art, teen bedroom and bedding spreads, lantern-lit lounge interiors, and pop single covers."
Minet,aes/Minet/SKILL.md,"Minet is the look of affluent Parisian teenagers of the early-to-mid 1960s who gathered at the Drugstore Publicis on the Champs-Élysées: androgynous, deliberately worn-in Anglophile tailoring — crest blazers with gold buttons, houndstooth tweed, gabardine trenches, cropped corduroy trousers, Clarks and JM Weston loafers — punctuated by canary yellow, candy pink and pale blue Shetland sweaters. Visually it survives as grainy silver-gelatin street reportage of coiffed youth gangs lounging under lit DRUGSTORE signage, and as flat pop poster graphics on canary yellow with silhouetted figures. Recognize it by the fusion of 1960s Parisian streetscape, Mod-inflected schoolboy elegance, and an aloof, being-seen pose."
Minimal_Wave,aes/Minimal_Wave/SKILL.md,"Minimal Wave is the visual language of obscure late-1970s-to-mid-1980s pre-MIDI cassette electronics and its 2000s archival revival: black-white-and-grey xerox-grade imagery, heavy film grain and tape noise, stark stacked sans-serif or hand-scrawled typography, severe geometry, architectural one-point perspectives, tape machines and oscilloscope-style technical diagrams, and letterboxed Cold War-era film stills, at most broken by a single pale or saturated accent. Typical subjects are deadpan faces, cropped eyes and hands, subway tunnels, wireframe grids and amateur costumed figures, all carrying melancholy, detachment and lo-fi cassette-culture nostalgia."
Minimalism,aes/Minimalism/SKILL.md,"Minimalism is the reductive aesthetic of post-WWII Western art (peak 1960s–early 1970s, lifestyle revival since 2010), defined by decluttered frames, solid muted color fields and honest matte materials. Recognize it by white/neutral/pastel palettes, a single isolated subject held in generous negative space, unadorned cubic architecture, quiet solid-color clothing, museum-style object photography, and occasional flat De Stijl primary-color blocks used as geometry rather than decoration. The mood is calm, intentional, anti-consumerist order."
Mission_School,aes/Mission_School/SKILL.md,"Mission School (aka Urban Folk, Lowbrow Folk, New Folk) is the hand-painted bohemian street aesthetic of 1990s San Francisco's Mission District: muted earthy-urban house-paint colors, faux-weathered textures, folk sign-painting lettering, UPA-revival cartoon figures, graffiti softened into folk motifs, and cluster-hung assemblages on found boards and cardboard. Typical subjects are skaters, coffeeshop murals and packaging, row houses, fire escapes, quirky ordinary people, painted skate decks and wooden folk figures; the mood is DIY, deadpan-warm and deliberately amateur. Mainstream from roughly 1998–2008 as the ""more authentic"" successor to Global Village Coffeehouse branding."
Mizuiro,aes/Mizuiro/SKILL.md,"Mizuiro (水色, ""water color"") is a 2010s Japanese youth aesthetic of cool-toned, blue-gray graded photos and wobbly minimal illustrations built on a mandatory triad of light blue, cyan and white, with slouchy aqua tracksuits and hoodies, flared leg warmers, piles of white-and-blue plush mascots (Cinnamoroll above all), concealed faces under sticker overlays, and Web 1.0/webcore accents. Its mood is kawaii but pessimistic and fragile — otaku melancholy staged in arcades, parking garages, concrete streets and high-key white rooms. Recognize it by the ubiquitous cold aqua filter, matte plush-and-fleece textures, silver/black micro-accents and blush-pink leakage; note that ""Tenshi Kaiwai"" is a Western misnomer for its 2020s revival, not a separate angelic style."
Mob_Wife,aes/Mob_Wife/SKILL.md,"Mob Wife is a 2020s TikTok-born fashion aesthetic (c. 2023–2025) that costumes the romanticized Mafia wife of Goodfellas, Casino and The Sopranos: leopard and animal prints, vintage-coded fur and faux fur coats, black leather, knee-high black boots, chunky gold jewelry, oversized dark sunglasses, designer handbags and bright red lipstick over a black-dominant palette punctured by gold and red. Maximalist, loud-luxury and unapologetically materialist, it is the deliberate antithesis of Clean Girl minimalism. Recognize it by stacked fur and print textures, blown-out hair or silk headscarves, stone-stoop and gilded-interior settings, and warm golden-hour or direct-flash lighting with a filmic grain."
Mochette,aes/Mochette/SKILL.md,"Mochette (also Forgottencore, Grosscore, Ugly Cute, Nauseous Nostalgia) is a 2010s Tumblr aesthetic that welds tender feminine cuteness — pale pink lace, dolls and doll parts, ballet ribbons, babydoll dresses, floral quilts — to revulsive rot: mold, fungi, snails and worms, stained and torn textiles, peeling pastel rooms, raw and decaying matter. Its look is faded analog snapshot or washed-out film, in a sickly palette of blush pink, cream, sage-olive green, rust brown and gray, aiming for queasy tenderness and nausea rather than gothic fear. Load this skill when an image or prompt pairs dollish femininity with deliberate taint, decay, disease or vermin."
Mod,aes/Mod/SKILL.md,"Mod is the British youth-subculture aesthetic of late-1950s to mid-1960s London: razor-sharp tailored suits with narrow lapels, miniskirts and geometric A-line shift dresses, polo shirts buttoned to the top, and chrome-laden Vespa or Lambretta scooters. Its palette is black-and-white contrast punched with bold primaries (red, blue, yellow), orange and turquoise, arranged as flat color-blocks, polka dots, stripes and Union Jack or RAF-roundel emblems. Recognize it by androgynous boyish silhouettes, geometric Sassoon-style bobs, opaque tights and go-go boots, fishtail parkas, and deadpan graphic poses under flat studio light or grainy black-and-white press photography."
Modernism,aes/Modernism/SKILL.md,"Modernism (c. 1890s–1945, Western Europe) is the umbrella aesthetic of the radical break: fragmented Cubist planes, reduced geometric abstraction, machine-age precision, and white functionalist architecture on pilotis with ribbon windows. Its palette alternates between doctrinal De Stijl primaries, desaturated ochre-umber-grey Cubist earth, and machine-white plaster and steel; its signature moves are asymmetry, flattened or fractured space, stripped ornament, and function-first structure. Subjects range from papier-collé still lifes and deadpan dreamscapes to steel-and-glass villas, photomontage, and austere typographic book jackets."
Modernisme,aes/Modernisme/SKILL.md,"Modernisme (Catalan Modernism, c. 1888–1911) is the Catalan branch of Art Nouveau — architecture, design and painting in which structure melts into organic, curvilinear form (bone-like balconies, parabolic arches, undulating stone walls) and is skinned in trencadís broken-tile mosaic, stained glass and wrought-iron stemwork over earthy exposed brick and honey stone. Its palette spans vibrant ceramic polychromy (cobalt, turquoise, emerald, saffron, cream) and natural earth tones, with a parallel muted grey-beige plein-air painting branch and flat olive/ochre poster art with hand-lettering. Recognize it by nature-derived structural curves, fragmented ceramic colour, craft-integrated Gesamtkunstwerk richness, and a fin-de-siècle Barcelona bourgeois mood mixing vitality with Symbolist melancholy."
Moe,aes/Moe/SKILL.md,"Japanese character-design aesthetic codified in the 2000s from 1980s–90s bishōjo anime and otaku forum slang, built on neotenous proportions — oversized glossy round eyes with star-shaped or layered specular highlights, kitten-rounded skulls, minimized mouths and noses, and soft compressed body silhouettes. Palette runs pastel pinks, lavenders, mints and sky blues, or bold saturated hues reserved for hair, eyes and costume; signature markers are maid dresses, sailor or blazer school uniforms, kemonomimi (cat ears foremost), ribbons, twintails and chibi registers. Subjects are endearing youthful characters — solo busts, ensemble casts, chibi vignettes, gijinka mascots — rendered in flat cel paint or smooth airbrushed digital color under even, shadowless light."
Moe_Swag,aes/Moe_Swag/SKILL.md,"Moe Swag (""Gangstas with Waifus"") is a 2010s meme aesthetic that collages flat, cel-shaded moe anime girls into photographs, spray-paint murals and album covers of real-world ""tough"" figures — rappers, gangsters, masked militants, politicians, gopniks — posed in affectionate two-shots. Recognition hinges on the seam: a muted, warm-filtered or flash-lit photographic layer against saturated candy-colour anime inserts, deadpan or grinning embraces, dakimakura props, and casual JPEG grain. Humor, irony and cultural blending are the payload; finishes range from rough cutout edits to painted murals and meme-rap cover art."
Monochrome_Luxe,aes/Monochrome_Luxe/SKILL.md,"Monochrome Luxe is a semi-minimalist interior-design aesthetic of the 1980s–90s built on a black-and-white two-tone armature punctuated by at most one or two blocked saturated accents (cherry red, magenta, sunflower yellow, cobalt, teal-mint, tangerine). Signature elements are white square ceramic tile with dark grout, color-blocked laminate cabinets, matte or painted black metal, clear and frosted glass, articulated track and desk-arm spotlights, strict stripe/checker geometry, and — in its early-80s phase — exposed steel trusses and embossed sheet steel. Typical subjects are kitchens, bathrooms, bedrooms, dining rooms, cafes, bars and retail interiors rendered with catalogue-plate evenness."
Mori_Kei,aes/Mori_Kei/SKILL.md,"Mori Kei (Mori Girl / Mori Boy) is a Japanese street fashion of the late 2000s that dresses as if the wearer lived in the woods: many loose, body-hiding layers of off-white and earth-toned cotton, linen, wool knit and lace — the ""yurufuwa"" fluffy-soft look — stacked with cardigans, vests, knit shawls, tights, lace-up leather boots and baskets. Its palette is cream, beige, moss green and bark brown with small floral accents of soft pink or dusty blue; its motifs are forests, deer, moss, flowers, hanging herbs, cottages and fairy tales, lit in soft overcast or dappled shade. Recognize it by the erased silhouette of stacked loose layers, natural minimal makeup with high round blush, and a quiet, slow-life woodland mood."
Morute,aes/Morute/SKILL.md,"Morute (""morbid"" + ""cute"") is an early-2010s Tumblr aesthetic that frames macabre subjects — kitchen knives, rifles, extracted teeth, gas masks, decaying small-town houses — inside hyper-feminine girlhood settings of blush pink, milk white, lace, vintage dolls and Catholic kitsch. Its images fade like overexposed film or dim like vintage snapshots, and its signature move is the tender framing of dread: crucifix shrines on pink satin, doll-like figures in nightgowns holding weapons, empty pink rooms that feel unsafe. Recognize it by the pink/white/gray milk-faded palette, obsessive accumulations of religious paraphernalia, Kinderwhore-derived babydoll fashion, and an atmosphere of vulnerable, guilt-laden nostalgia."
Mote_Kei,aes/Mote_Kei/SKILL.md,"Mote Kei (モテ系) is a late-2000s Japanese feminine fashion aesthetic built around mass-appeal charm: quiet, ladylike coordinates in neutrals (ivory, beige, taupe, navy) with a single soft pastel accent, knee-to-midi pleated or tulle skirts, soft knits and puff-sleeve blouses, groomed brown wavy hair, and small ladylike accessories like structured bags, pearl headbands and thin heels. Its imagery is catalog- and magazine-born — full-body coordinate shots on white cycloramas, pale studio sets or sunlit streets, plus coordinate spreads and hair-tutorial pages with Japanese captions — lit high-key, even and shadowless. Recognize it by its balance rule: cute but not childish, softly sexy but modest, trendy but never loud, flashy or overly sexual."
Moto_Boho,aes/Moto_Boho/SKILL.md,"Moto Boho (also Moto Bohemian or Greaser Boho) is a mid-2010s-to-mid-2020s fashion aesthetic from US and Australian street and runway culture that fuses motorcycle hardness with bohemian softness — cropped or oversized black leather and distressed olive suede thrown over ruffled chiffon, prairie white, lace and crochet. Its palette grounds itself in black, oxblood, deep brown and forest green, lightened by sun-washed creams and faded pastels, with chunky studded belts, chains, fringed suede bags and heavy buckled boots as the hardware counterweight. Recognize it by the deliberate soft-vs-hard layering in a single silhouette: a delicate hem under heavy leather, fringe over lace, a combat boot beneath a tiered maxi skirt."
Motomami,aes/Motomami/SKILL.md,"Motomami is a 2020s Spanish internet-born aesthetic launched by ROSALÍA's 2022 album, fusing hard biker culture (black leather jackets, racing pants, cat-ear cyberpunk helmets, thigh-high moto boots) with soft feminine vulnerability (sheer fabric, pink nails, butterflies, handwritten confessions) on stark white paper voids. Its palette is black, lipstick red, paper white and soft pink, organized through torn-collage zine layouts, ballpoint scribbles, liquid-gothic red logotypes and Y2K sunglasses. Recognize it by the deliberate hard/soft duality: moto hardware and racing leather framed by minimalist art direction, scribbled marginalia and avant-garde helmets rather than garage or club realism."
Movida_Madrileña,aes/Movida_Madrileña/SKILL.md,"Post-Franco Madrid counterculture (late 1970s–1980s) whose visual DNA is stark black leather, fishnets and DIY studs collided with fuchsia, electric blue and signal red, worn by androgynous, heavily made-up crews in bars, clubs and concert halls. Two coexisting registers define it — grainy direct-flash black-and-white nightlife documentary, and hyper-saturated comic-poster painting with hand-lettered Spanish type and subverted Catholic kitsch. Recognize by teased quiffs and mohawks, camp theatrical posing, flat pastel or clashing polychrome backdrops, fanzine xerox grain, and collective euphoria rather than gloom."
Mudéjar,aes/Mudéjar/SKILL.md,"Mudéjar is the hybrid architectural and decorative style of medieval Iberia (12th–16th c.), in which Christian Romanesque and Gothic building structures are clothed in the ornamental vocabulary of Al-Andalus: intricate laid brick, blind arcades, sawtooth friezes, glazed azulejo insets in cobalt, green and white, carved yesería stucco, horseshoe and multi-lobed arches, and gilded artesonado wooden ceilings. Recognize it by terracotta brick masses under hard Mediterranean sun, tiered bell towers studded with lozenge tilework, arcaded patios on slender columns, coffered timber ceilings, and all-over aniconic geometric pattern extending even to lusterware ceramics. Typical subjects are church apses and towers, courtyards, portals, ceilings treated as full-frame pattern fields, and Hispano-Moresque dishes."
Mushroomcore,aes/Mushroomcore/SKILL.md,"Mushroomcore (Mushcore) is an early-2020s internet aesthetic that romanticizes fungi and the forest floor: earthy browns, soft creams and moss greens punctuated by the scarlet-and-white Amanita muscaria toadstool, rendered in moist macro close-ups, misty woodland scenes, foraging wear, mushroom embroidery, ceramic mushroom lamps and fairy-ring folklore. Recognition hinges on fungal centrality plus an earthy, damp, enchanted-understory mood — wonder and tender decay rather than general nature prettiness. Load this skill when images or prompts center mushrooms, toadstools, mossy forest floors, mycological craft or mushroom-motif fashion and decor."
Mythpunk,aes/Mythpunk/SKILL.md,"Mythpunk is the postmodern makeover of folklore — fairy tales and myth retold dark, poetic and surreal, dressed in baroque multicultural fashion with punk-goth fey twists. Its palette is aged organic (moss green, bark brown, parchment cream, dusty blue-grey) punctured by oxblood red or antique gold, rendered in painterly book-cover illustration, folk-naive panel painting, overcast woodland photography or dreamlike low-fi renders. Signature content: subverted fairy-tale tableaus, beast-and-maiden entanglements, thorn-choked woods, gloomy gothic stone, and non-linear, symbol-laden composition carrying morbidity, sensuality and a twisted tenderness."
Naarmcore,aes/Naarmcore/SKILL.md,"Naarmcore is an early-2020s Melbourne-born streetwear aesthetic: utilitarian, anti-fashion layering of puffer jackets, cargo and parachute pants, technical hiking shoes and beanies in a neutral earth palette of black, khaki, grey and beige. It reads as deadpan phone-camera snapshots of oversized, slouchy silhouettes against graffiti laneways, corrugated-iron backlots, overcast rooftops and festival shade-sail crowds. Recognize it by technical outdoor gear worn strictly in inner-city settings, baggy proportion play, white crew socks, and lo-fi flash-lit candid framing."
Nanchatte_Seifuku,aes/Nanchatte_Seifuku/SKILL.md,"Japanese 2000s ""pretend school uniform"" aesthetic (aka High School Fantasy) that romanticizes female high-school life through mix-and-match uniform pieces — blazers or sailor tops, pleated plaid skirts, ties and ribbon bows, loose socks, uwabaki indoor shoes, loafers — worn casually and photographed in faded pastel washes or muted film-snapshot tones. Signature subjects are school-calendar motifs: classrooms with wooden desks and blown-out window light, cherry blossoms over concrete schoolyards, bicycles with front baskets, decorated bags and plush charms, group outings shot from behind or in playful cropped angles. Mood is wholesome, nostalgic and friendship-centered, distinct from luxury Preppy, tanned Gyaru/Kogal and menacing Yandere school imagery."
Naturecore,aes/Naturecore/SKILL.md,"Naturecore is the 2020s umbrella aesthetic of romanticized wild nature — misty mossed forests, tree-covered mountains, lakes, streams, swamps, wildflower meadows and quiet fauna, rendered in a green-dominant palette of moss, fern, bark brown and bone white under diffuse, dappled or mist-softened light. Its images read as serene escapes from urban screen life: photographic and texture-forward (moss velvet, lichen crust, duckweed, fern fractals), with humans absent, tiny, or reduced to reverent hands. The range runs from sunlit meadow calm to quietly mysterious deep woods, never to horror."
Nautical,aes/Nautical/SKILL.md,"Crisp maritime aesthetic descended from sailors' workwear and navy tradition, built on a structural white-and-navy pair with small loud signal-red accents, weathered wood, brass and bold Breton stripes. Signature subjects are the sea and rocky coastline, lighthouses, boats and docks, ship wheels, anchors and life rings, seagulls and sea life, shingled beach houses, and sailor-collared dress from Victorian seaside walking suits to resort wear and sailor Lolita. Mood is serene, orderly and sun-bleached — yacht-club elegance or rugged fisherman charm — never murky, gothic or piratical."
Nazi_Chic,aes/Nazi_Chic/SKILL.md,"Countercultural appropriation of Third Reich uniform tailoring and insignia for shock value — black structured wool and leather uniforms, peaked caps, red brassards, Iron Cross / Totenkopf / party-eagle motifs and German blackletter type over a black-red-white palette with silver hardware glints. Born in mid-1970s London punk, it spread into metal, glam, industrial/EBM and fetish scenes and later into depoliticized East Asian pop spectacle. Recognize it by cold authoritarian discipline worn ironically: confrontational frontal poses, grainy monochrome or clinical desaturated lighting, crisp uniform geometry crossed with bondage gear."
Neko,aes/Neko/SKILL.md,"Neko is the kawaii aesthetic built on the anime cat-person trope: human figures given cat ears, tails and paw mittens, dressed in high-key pastels (pink, lilac, cream, rose gold) with optional black accents. Signature elements are fluffy faux-fur and chunky-knit textures, bell chokers and heart-ring collars, satin bows, frilled maid and Lolita touches, paw-print motifs, and blush-pink sparkle effects. Typical subjects are catgirls and feminized catboys in cosplay or avatar form, plush paw-mitten close-ups, dressed-up real cats, and pink duotone manga illustrations."
Neo-Aero,aes/Neo-Aero/SKILL.md,"Neo-Aero (Frutiger Aero Revival, early 2020s) is a nostalgia-maximalist digital aesthetic of wet-glass and liquid skeuomorphism, exaggerated lens flare, and floating bubbles or translucent spheres drifting over saturated grass-green hills beneath brilliant sky-blue ""Windows"" skies with wispy clouds. Recognize it by chrome-and-glass 3D typography, dewy manicured nature, rippling turquoise water, fictional glossy UI windows, and a washed-out heavenly white glow applied to album covers, posters, collages and renders; the mood is retrospective technological optimism and hyper-clean comfort."
Neo-Chinese_Style,aes/Neo-Chinese_Style/SKILL.md,"Neo-Chinese Style (Xinzhongshi, 新中式) is a contemporary Chinese aesthetic that distills traditional signifiers — Mandarin collars, frog closures, Chinese knots, Qipao/Hanfu-derived silhouettes, flower-bird-dragon embroidery — into modern tailoring, and quotes low-key Hui/Su architectural vocabulary in new concrete-and-glass buildings. Its palette runs from ink black and rice-paper neutrals through earthy tones and pastels to controlled flashes of vermilion, indigo and gilt; its staging spans clean lookbook/OOTD photography, saturated-backdrop avant-garde editorials, and symmetric blue-hour architecture with reflecting pools. Read it as poised Guochao cultural confidence: classical elegance simplified for daily wear, never period costume."
Neo-Pop,aes/Neo-Pop/SKILL.md,"Neo-Pop (New Pop) is the post-1980s postmodern successor to Pop Art: bright saturated commercial color, bold black contours enclosing hard-edged planes filled with polka dots, hearts, stars and stripes, glossy inflated or polished commodity forms, and dense appropriation collage of celebrities, cartoon characters, brand logos and advertising. Typical subjects include balloon animals, serial spot grids, anime-flavored figures, kitsch domestic objects and trademark parody, all delivered with playful irony and an industrial, gallery-polished sheen. Load this skill when an image must read as a celebration-cum-critique of consumer culture — maximal, candy-bright and glossy — rather than vintage comic-strip Pop, underground Lowbrow or otaku Superflat."
Neo-Tokyo,aes/Neo-Tokyo/SKILL.md,"Neo-Tokyo is the 1980s Japanese branch of cyberpunk — vertical canyons of megastructures and neon-lit skyscrapers stacked with kanji and katakana signage, holographic advertisements, and rain-slicked streets that mirror saturated magenta, cyan and violet light against deep blacks and cool grays. Codified by Akira and Ghost in the Shell, it pairs gleaming technological overreach with gritty urban decay, lone pedestrians, biker gangs and flying vehicles under a polluted night sky. Recognize it by signage-saturated vertical density, wet reflective asphalt, foggy atmospheric depth, and 1980s cel-anime or painterly concept-art rendering."
Neo-Vectorheart,aes/Neo-Vectorheart/SKILL.md,"Neo-Vectorheart (Vectorheart Revival) is a late-2010s Neo-Y2K revival of the Y2K-era Vectorheart look: hard-edged vector emblems chamfered at 45/60-degree angles, cryptic futuristic glyph typography, and hairline technical HUD scaffolding set on monochrome black-and-white fields with at most one saturated accent (signal red, acid lime, electric cyan, violet). It appears chiefly as logo and wordmark lockups, bass-music single covers, esports and game UI, and exploded machine schematics, ranging from sleek minimal lockups to maximalist ""gamer-grunge"" detail. Recognize it by notched angular shield marks, micro-monospace data readouts, glitch grain over matte black, and diagonal slash bands."
Neo-Y2K,aes/Neo-Y2K/SKILL.md,"Neo-Y2K (Y2K Revival) is the late-2010s/early-2020s resurrection of turn-of-the-millennium retrofuturism: liquid chrome and Metalheart metal forms, highly saturated blues, pinks and greens on clean minimalist grounds, dynamic techno typography and Japanese-ad collage logic. Typical subjects are studio fashion editorials (cargo pants, oval sunglasses, chunky sneakers), glossy CGI blobs and inflatable vinyl objects, chrome icon and logo sets, and playful sticker-collage posters. Recognize it by crisp modern render quality paired with affectionate, energetic nostalgia — glossy and playful, never melancholic, grungy or dystopian."
Neoclassical_Pomo,aes/Neoclassical_Pomo/SKILL.md,"Postmodern architectural and graphic style of the late 1970s–1990s that double-codes classical Roman and Greek grammar — pediments, colossal columns, exaggerated arches, obelisks, axial symmetry — with ironic, playful intent, setting marble and stone against curved glass curtain walls, neon tubing, synthetic finishes and bright pastels. Typical subjects are corporate and civic facades with oversized or freestanding classical fragments, dramatic empty lobbies and rotundas with stylized colonnades and faux-ruin props beside modern furniture, public plazas, and early airbrush/CGI advertisements and posters of floating digital columns and statues over gradient sunset skies. Recognize it by a white-dominant palette, factory-new stone, scale irony, sterile theatrical light, and the constant collision of antique form with late-century commercial material."
Neoclassicism,aes/Neoclassicism/SKILL.md,"Neoclassicism (c. 1760–1830, born in Rome, spread across Europe and North America) is the Enlightenment's return to Greco-Roman antiquity: symmetrical temple fronts, domes and coffered ceilings in pale limestone and plaster white; interiors of garlands, medallions and Pompeian grotesques on ochre, verdigris or crimson silk; history paintings of togas, oaths and civic sacrifice rendered with smooth surfaces and stage-clear light; engraved visionary spheres and fashion plates of high-waisted gowns and black-coated pantaloons. Recognize it by archaeological correctness, bilateral symmetry, a somber restrained palette with strong clear light, and an air of moral solemnity posed against Rococo frivolity."
Neofolk,aes/Neofolk/SKILL.md,"Neofolk (apocalyptic folk, folk noir) is the visual language of the early-1980s London post-industrial scene: high-contrast monochrome photography and xerox-degraded collage carrying runes (Algiz, Sowilo), medieval heraldry, Totenkopf and camouflage over war memorials, classical statues and military graveyards. Its palette is olive drab, field grey, black, charcoal and parchment white; its surfaces carry grain and film artifacts reminiscent of 1920s German Expressionist cinema; its figures wear disciplined military surplus and 1930s intellectual dress; its printed matter speaks in blackletter, woodcut linework and engraved seals. Recognize it by mournful archival solemnity and coded, deliberately ambiguous insignia — not by Goth theatricality or martial industrial's monumental propaganda polish."
Neon_Noir,aes/Neon_Noir/SKILL.md,"Neon Noir is the night-side of 1970s–80s neo-noir cinema re-saturated with 1980s neon: near-black streets lit only by magenta, purple, cyan and red signage, thickened by fog and rain-slick reflections, populated by silhouetted lone figures and morally ambiguous antiheroes. Recognize it by chiaroscuro darkness pierced by vibrant diegetic neon glow, wet asphalt mirroring signs and tail lights, motel-and-storefront signage or pixel-font text, and an overriding air of existential isolation. Typical subjects include night streets, parked period cars, motels and overpasses, top-down pixel game screens, and rim-lit portraits of criminals and drifters."
Neon_Ooze,aes/Neon_Ooze/SKILL.md,"Neon Ooze (also called Oozepunk) is the gross-out marketing aesthetic of 1980s–1990s kids' culture, built on viscous day-glo fluids — slime, goop, toxic waste — dripping across toy blister packs, comic and VHS covers, game art and print ads. Its visual DNA is radioactive green ooze with wet specular highlights splatted over electric purple, hot pink and acid yellow fields, populated by mutant creatures, waste drums, radiation trefoils and creepy-crawlies, with dripping jagged lettering and starburst callouts, all played for laughs rather than horror."
Neoperreo,aes/Neoperreo/SKILL.md,"Neoperreo is the mid-2010s internet-born, Latin American and Spanish underground alternative to mainstream reggaetón, visually defined by net.art flyer collages, chrome Y2K consumer tech (flip phones, desktop OS icons), hyper-glossy lips and stiletto nails, doll-like 3D-rendered avatars, and harsh-flash club snapshots. Its palette swings between candy-neon magenta/lavender/acid green with chrome neutrals and a dark gothic lacquer mode, often captioned in blackletter or death-metal logotypes. Queer, feminist, DIY and sexually liberated, it reads as ""cute turned menacing"" — twisted Lolita meets cultura de barrio."
Nerd,aes/Nerd/SKILL.md,"Nerd is the aesthetic of academic devotion and unfashionable enthusiasm, pairing a mid-century stereotype wardrobe — thick prescribed glasses, bowties, suspenders, button-down shirts, high white socks, slacks — with knowledge signage: chalkboards dense with equations, stacks of library books, chessboards and twist puzzles, lab glassware, beige retro computers, and sci-fi fandom posters and collectibles. Its palette is hue-open but anchors in red, green, brown, blue and grey, ranging from saturated plastic primaries to chalk-white on slate and muted institutional neutrals, lit flat and honest by studio, fluorescent or domestic light. Mood is earnest, comically awkward, collector-obsessive; subjects run from stereotype portraits and library/lab interiors to maximalist fandom bedrooms and isolated object still lifes."
Nerdcore,aes/Nerdcore/SKILL.md,"Nerdcore is the album-cover aesthetic of nerdy hip-hop, coined by MC Frontalot in the late 1990s and crystallized in the 2000s–2010s: drawn or photo-collaged rapper portraits in bold glasses and ties, dropped into 8-bit–2000s video-game worlds, circuit-board backdrops and CRT/cartridge clutter, in saturated comic primaries or vaporwave-shifted pastels. Look for the mashup of hip-hop braggadocio (mics, poses, cash-as-parody, label stamps) with nerd matter (pixels, sprites, dice, pixel fonts, meme type), proud self-mocking wit, and bold display typography over screen-native color."
Net.art,aes/Net.art/SKILL.md,"Net.art is the critical art of the 1990s web, using browsers, raw HTML, hyperlinks, online forms, ASCII character renders and terminal green-on-black as both medium and subject, alongside the default palettes of early websites (system gray chrome, link blue, naive pixel neon). Recognize it by screen-literal compositions — window chrome as frame, text and code as image material, deliberately shredded or glitched layouts — and by deadpan documentation of CRTs, phone-in flyers and sparse gallery walls. It reads conceptual and anti-commercial, never decorative, which separates it from glitch art, weirdcore and demoscene polish."
Neubrutalism,aes/Neubrutalism/SKILL.md,"Neubrutalism (Neo Brutalism, Neo Memphis) is a late-2010s digital design aesthetic that breaks design conventions on purpose: flat, clashing rainbow color fields, thick dark outlines, hard 45° offset shadows, grotesque stretched uppercase type, oversized UI chrome, pseudo-3D blocks, graph-paper grids and 1930s rubber-hose cartoon mascots, all filtered through 1990s Webcore and Memphis Design nostalgia. Load this skill when an image or prompt shows sticker-like outlined cards with solid drop shadows, browser-window frames, deliberately ""off-putting"" color pairings, or loud anti-polish web/poster graphics."
Neue_Slowenische_Kunst,aes/Neue_Slowenische_Kunst/SKILL.md,"Neue Slowenische Kunst (NSK) is the retro-avant-garde visual language of the 1980s Ljubljana collective (Laibach, IRWIN, New Collectivism): red-black-white silkscreen posters and paintings that quote Socialist Realism, Suprematism, Constructivism and totalitarian pageantry through ""over-identification."" Recognize it by black Malevich-derived crosses, hammer-swinging worker silhouettes, cog-and-antler emblems, heraldic symmetry, grotesque caps locked into text borders, gold-leaf icon panels, and deadpan monochrome ritual stagings — always ambiguous, never sincere."
Neumorphism,aes/Neumorphism/SKILL.md,"Neumorphism (""Soft UI"", late 2019–2021) is a low-contrast interface aesthetic in which buttons, cards, tiles and widgets appear extruded from or dented into a background of the exact same matte color — off-white, light gray, soft blue or pastel, with a charcoal dark-mode variant. Its signature is the paired shadow rule: one soft light shadow top-left, one soft dark shadow bottom-right, inverted to inner shadows for pressed states, with rounded corners and no borders anywhere. Typical subjects are app screens, widget panels, icon tile grids, toggles/sliders/clocks and soft plastic hardware renders such as keyboards and remotes."
New_Beat,aes/New_Beat/SKILL.md,"New Beat is the visual language of the Belgian late-1980s club subculture (1987–89): overwhelming black clothing and graphics punctured by Belgian-flag yellow and red, the yellow smiley weaponized as a defacement over politicians' and military faces, oval gravestone-portrait ""bomma badges,"" layered rosaries, bowler hats and BDSM leather on androgynous, pale-faced clubbers. Expect halftone black-and-white photography, flat Pop-Art collage flyers and record sleeves, analog VHS color casts, and a deadpan macabre-camp mood that mixes menace with a wink."
New_England_Gothic,aes/New_England_Gothic/SKILL.md,"New England Gothic (""Northern Gothic"") is a regional Gothic aesthetic of Puritan haunting and colonial memory — witch trials, old burying grounds, weathered-shingle houses, run-down harbor and mill towns — descended from Hawthorne's 1835 Dark Romantic fiction and revived through 2010s Tumblr liminal-space photography. Its palette is dry and sadd: overcast grays, bone white, near-black, dried-grass ochre, leaf-rust, oxblood and candle-amber, rendered in tempera-dry paint, desaturated film or archival print registers. Signature elements include slate headstones, bare branch lace, fieldstone walls, white meetinghouse steeples, a single lit window at dusk, aged sermon and trial paper, and empty off-season roads."
New_Figuration,aes/New_Figuration/SKILL.md,"New Figuration (Nueva Figuración) is the post-WWII return to the human figure in 1950s–60s Argentina, Mexico, Venezuela, Colombia and Spain, in which bodies are distorted, smeared, inflated or monstrified as social critique. Recognize it by damaged but legible figures set against colliding flat saturated color planes (cobalt, leaf green, signal red, violet) or mournful black-brown-purple fields punctured by raw flesh pink, with informalist scribble, washes, smudged mask-faces and collage seams over any polished finish. Masked or skull-like portraits, caged or seated isolated figures, satirical officials, eerie family groups and chaotic crowd friezes are its signature subjects."
New_Look,aes/New_Look/SKILL.md,"New Look is the post-WWII Parisian couture aesthetic launched by Christian Dior in 1947: an architectural hourglass silhouette with rounded shoulders, a nipped-in waist and a voluminous mid-calf skirt, rendered in beige, navy and monochrome black-and-cream. Recognize it by Bar-style peplum jackets, pleated circle skirts, wide-brim or straw hats, opera gloves, pearls, and mannequin-poised figures lit in silver-gelatin editorial light. It values hyperfemininity, opulence and sensuality-through-tailoring as a deliberate rejection of wartime utility dress."
New_Money,aes/New_Money/SKILL.md,"New Money is the conspicuous-display aesthetic of recently acquired wealth: legible luxury brand logos and monogram canvas, gold and silver metal, fur coats, sequins, private jets, yachts, luxury cars, marble floors and stacked designer shopping bags, in a palette of gold, silver, black, cream and a loud red accent. It spans a maximalist Gold/Jet-Set branch (plunging metallic gowns, oversized mirrored sunglasses, gold-plated objects, contoured tan and coffin nails) and quieter Minimalist and Bourgeois-Bohemian branches that still signal purchase rather than inheritance. Recognize it by advertising-gloss lighting, current-season products, accumulation of status objects in multiples, and a performative, triumphantly materialist mood."
New_Partisans,aes/New_Partisans/SKILL.md,"New Partisans (Novi Partizani) is the mid-1980s Sarajevo rock-movement aesthetic that re-appropriates Yugoslav WWII Partisan iconography — titovka side caps with the red petokraka star, olive JNA-style tunics with gold epaulettes, knitted partizanke socks, grainy archival Partisan photographs — inside commercial album-sleeve montage. Its palette is muted military olive, wool grey and khaki punctured by dominant flag red, layered with torn-paper historical collage, condensed uppercase slogans (""Bratstvo i jedinstvo""), Romanticist painting quotations and deliberate collisions of socialist-heroic and Western pop-stardom registers. Recognize it by square sleeve formats, halftone and duotone print grain, group portraits in stylized uniform, and the red star used as both badge and punctuation."
New_Primitivism,aes/New_Primitivism/SKILL.md,"New Primitivism (Novi primitivizam) is the deliberately démodé, ""smart yet trashy"" visual language of 1983–87 Sarajevo: xerox cut-and-paste collage, hand-lettered cursive script and street-slang captions over halftone photos, naive comic-strip illustration, and the flat, washed lighting of early-1980s Yugoslav TV studios. Signature elements include the 1970s leisure-suit uniform (plaid jackets, waist-tight bell-bottoms, thin gold chain, pointy špicoke shoes), marker-yellow and signal-red blocks on xerox black, crowded mahala rooftops, and affectionate caricatures of coalminers, taxi drivers, petty thugs and pensioners. Load this skill for late-socialist Balkan subculture, DIY zine and vinyl-sleeve collage, sketch-comedy studio staging, or camp mock-official Yugoslav rock imagery."
New_Rave,aes/New_Rave/SKILL.md,"New Rave (Nu-Rave, Neu-Rave) is the mid-2000s British indie-dance subculture (c. 2006–2008) whose visuals weld 1990s rave signifiers — glowsticks, neon face paint, whistles — onto skinny-jeans indie fashion, all rendered in fluorescent CMYK neons with crushed blacks and blown-out highlights. Signature elements include direct-flash club snapshots, chroma-keyed flat color fields, 8-bit sprites and vector psychedelia (Vectordelia), kaleidoscopic lattices, oversized slogan tees, lamé leggings, and neon-acetate Wayfarers or shutter shades. Recognize it by hedonistic DIY maximalism, solarized skin tones, and bold sans-serif type with neon-glow outer strokes."
New_Romantic,aes/New_Romantic/SKILL.md,"New Romantic (Blitz Kids) is the flamboyant London club subculture of 1978–1983: androgynous youths wearing theatrical clown-white makeup, graphic color-block eyeshadow and spiked or teased hair, dressed in DIY hybrids of pirate/rococo historicism (poet shirts, sashes, hussar jackets, brocade, tricorn-style hats) and synth-pop futurism (sharp suits in odd colors, gold lamé, geometric haircuts). Its palette sets black and stark white against unmuted primaries, hot magenta and metallic gold/silver, captured in hard-flash club snapshots, flat studio portraits and airbrushed poster graphics on grainy analog film. Recognize it by gender-ambiguous glamour, escapist theatricality, and the deliberate collision of historical costume with electronic-era cool."
New_Wave,aes/New_Wave/SKILL.md,"Late-1970s to mid-1980s music and graphic-design aesthetic of ""synthetic modernity"": fluorescent hot pink, electric yellow, cyan and tertiary purple/orange/green fired against black voids or flat paper grounds; dysfunctional modernist grids, photocopier grain, moiré and airbrush smoothness; atomic-age retro-futurist kitsch, floating triangles and orbit discs, angular big-shoulder suits, skinny ties, wedge haircuts and thick-rimmed glasses. Ironic, robotic, art-school camp delivered through vinyl sleeves, concert posters and early-MTV framing. Load when an image mixes 1950s atomic kitsch with 1980s plastic color and broken Swiss-grid typography."
New_Wave_Tropical,aes/New_Wave_Tropical/SKILL.md,"New Wave Tropical is a mid-1980s to mid-1990s commercial-leisure aesthetic of electric-saturated rainforest and beach imagery rendered as Matisse-style construction-paper cutouts — chunky palm fronds, toucans, hibiscus-type blooms, elephants and folk-geometric zigzag borders in hot pink, turquoise, lime green and sun yellow on white or black grounds. Recognize it in resort signage, allover apparel prints, beverage packaging, ceramics and promo posters that fuse African, Caribbean and Latin motifs with retro-punk freeform playfulness and a kitschy vacation optimism."
Newlyn_School,aes/Newlyn_School/SKILL.md,"Late-Victorian to Edwardian plein-air painting of the Cornish fishing colony at Newlyn (c. 1880s–1910s), blending French Realist social conscience with Impressionist atmosphere. Silvery grays, cool blues and earthy ochres under overcast or rain-washed light; mirror-wet beaches, harbor walls, beached pilchard boats, and working figures — net-menders, fish sellers, seaweed gatherers, women in headscarves — absorbed in their tasks. Recognize it by its silver-and-earth palette, reflective wet foregrounds, solid drawing under broken water-strokes, and its quiet documentary mood."
Nightcore_(aesthetic),aes/Nightcore_(aesthetic)/SKILL.md,"A mid-2000s to early-2010s internet aesthetic of moonlit digital fantasy: 2000s moe-style anime characters — angels, vampires, magical girls, lone girls with wind-blown hair — staged in saturated navy and electric-blue nightscapes beneath oversized full moons, with falling white petals or feathers, violet mid-tones and pale pink accents. Born as the uniform thumbnail look of YouTube nightcore remixes and desktop-wallpaper culture, it pairs high-contrast celestial backlight with melancholic romanticism and airbrushed visual-novel polish. Recognize it by the blue-only night palette, the giant glowing moon, drifting particle atmospheres and bittersweet solitude."
Normcore,aes/Normcore/SKILL.md,"Normcore is the 2010s anti-trend aesthetic of deliberately average, brand-less dress — plain cotton tees, logo-free hoodies, stone-washed straight-leg ""dad"" jeans, chinos and chunky New Balance-type sneakers in navy, gray, white, beige, washed denim and black. Its imagery mimics stock photography, 1990s catalog spreads, retail banners and deadpan flash snapshots: flat clinical lighting, pedestrian backdrops (brick walls, parking lots, bedrooms, store aisles), unisex relaxed silhouettes and a ""perfect boring"" affect. Recognize it by anonymity: no loud logos, no skinny fits, no aspirational styling, no golden-hour romance."
Northern_Soul,aes/Northern_Soul/SKILL.md,"Northern Soul is the visual culture of the working-class all-nighter dance scene of late-1960s to 1970s Northern England and the Midlands: grainy, flash-lit greyscale dance-floor photography of athletic solo dancers in high-waisted wide-leg trousers and patch-covered knit vests, plus a screen-printed ephemera vernacular of circular sew-on badges, the raised clenched fist emblem, 45 rpm vinyl, record bags and club flyers in cream, rust, mustard and teal. Recognize it by the black fist logo, embroidered club patches (Wigan Casino, Blackpool Mecca, The Torch), sprung wooden dance floors, turntable-and-vinyl motifs and ""Keep the Faith"" flyer typography."
Northerness,aes/Northerness/SKILL.md,"Northerness is a 2010s Nordic/Scandinavian aesthetic fusing deep conifer wilderness, Norse pagan ritual, and hygge hearth-warmth in a muted palette of charcoal black, spruce green, fog gray, snow white, oxblood red, navy wool-blue and candle gold. Signature elements include lusekofte knit sweaters, cloaks and flower crowns, silver hammer pendants and drinking horns, longship prows, candles and cinnamon buns, wolves and bears in mist, and National Romantic painterly illustration. Recognize it by hushed fog or single-candle lighting, wool–birch–parchment textures, and a calm, reverent mood that balances cold vastness with communal warmth."
Nostalgiacore,aes/Nostalgiacore/SKILL.md,"Nostalgiacore is a late-2010s/early-2020s internet aesthetic of remembered 1990s–2000s childhood, rendered as faded amateur digicam snapshots and hazy video stills: empty playgrounds and classrooms, childhood bedrooms, glowing CRT TVs, beige family computers, inflatable pools and molded-plastic play equipment. Its palette is washed-out warm vintage or flash-flattened pastel with primary-color plastic accents, veiled in grain, soft blur and orange LCD date stamps, often captioned with a melancholic lowercase line of longing. Recognize it by the triple lock of childhood liminal space, obsolete consumer tech, and memory-degraded photography — bittersweet and tender, never surreal, horror-tinged or crisp."
Noucentisme,aes/Noucentisme/SKILL.md,"Noucentisme is the Catalan classicist movement of c. 1906–1923, recognizable by matte ochre-cream-soft-blue palettes, axially balanced compositions built from columns, arches, balustrades and rose garlands, and serene Mediterranean landscapes, pastoral nudes and sculpturally calm portraits. Its visual DNA is ""Mediterraneanism"": diffuse southern daylight, earthy low-chroma colour, and a Greco-Roman and Renaissance vernacular fused with early-twentieth-century civic order, appearing in oil painting, gouache, lithographic posters and stucco-and-stone architecture. Load this skill when an image shows restrained classical order, warm earth tones and a quiet civic or pastoral mood, rather than Art Nouveau flourish or Art Deco glamour."
Nouveau_Réalisme,aes/Nouveau_Réalisme/SKILL.md,"French avant-garde of 1960–1970 (Restany, Klein, Arman, Villeglé, Rotella, César, Tinguely, Spoerri, Raysse) that appropriates consumer reality directly instead of depicting it: lacerated street-poster stratigraphy (décollage) with fragmented advertising type and halftone cinema faces, accumulations and compressions of identical manufactured objects, fixed meal remains, kinetic scrap machines, plastic assemblages, and deep ultramarine International Klein Blue monochromes. Palette swings between weathered cream paper grounds shredded with vermilion, cobalt, cadmium yellow and magenta printer's ink, matte raw-pigment blue, pastel plastic consumer colors, and neutral white-cube documentation light. Recognize it by physical indexical traces — torn paper fibers, crushed metal, glued layers, halftone dots, serial repetition — presented deadpan, never painted illusion."
Nu-Goth,aes/Nu-Goth/SKILL.md,"Nu-Goth is the sleek 2010s Tumblr-and-Instagram evolution of Goth: strictly monochrome black-white-grey streetwear-minimalist outfits carrying flat white occult screen-prints (pentagrams, triangles, moons, inverted crosses, Ouija lettering), silver moon-and-pentagram jewelry, wide-brim hats, round sunglasses, strap harnesses and platform boots. Recognize it by deadpan pale faces with black lipstick, hime-cut bobs or silver-lilac dyed hair, leather biker jackets over maxi skirts and ripped tights, and flat, desaturated lookbook, mirror-selfie or digital-illustration framing. It reads as fashion-forward minimalism with an occult graphic language — streamlined and internet-native, never theatrical vintage Goth."
Nu-Metal,aes/Nu-Metal/SKILL.md,"Nu-Metal is the visual language of mid-1990s to early-2000s American alternative metal: baggy JNCO-width denim, oversized band hoodies and basketball jerseys, wallet chains, spiky hair, dreadlocks and facial piercings, set against rusted industrial decay, cinderblock walls and warehouse voids. Its palette is black, concrete grey and photocopy bone sickened by a single video-grade cast — piss-yellow, acid green or cold cyan — with VHS grain, lomo blur, fish-eye distortion, strobe freezes and halftone poster cutouts. Recognize it by the hybrid of hip-hop streetwear volume and metal aggression, scribbled or stenciled band logos, and aggro-cool suburban angst."
Nu-Punk,aes/Nu-Punk/SKILL.md,"Nu-Punk (aka Chicago Punk) is the low-fashion visual language of late-1990s and early-2000s American punk — thrift-store denim, black skinny jeans, studded belts, cut-off band tees and muted beanies, photographed in grainy desaturated or sepia monochrome against decaying rust-belt city backdrops. Signature elements include punk-show crowd communion, flat screen-printed gig posters and marker-scrawl DIY logos, parodied civic sports badges, and a single deep blood red as the only saturated accent. Subjects are working-class bands, crowds and punk houses just getting through the day: personal struggle and communal good times, never political spectacle or glam bombast."
Nyashka,aes/Nyashka/SKILL.md,"Nyashka (Няшка, drain-nyashka) is a 2020s Russian–Ukrainian alt aesthetic built on a porcelain-white doll face — black scleral or enlarging circle lenses, heavy outward-winged eyeliner, thin flat horizontal brows, deep burgundy or black lips — set against oversized black Drain streetwear (hoodies, Adidas tracksuits, wide-leg trousers) in lo-fi vertical phone selfies. Its signature is the tension between kawaii cuteness (blunt-fringed straight hair, lace trim, bows, pink sticker accents, silver cross chains) and bleak post-Soviet mundanity (panel-block stairwells, underpasses, night streets, cluttered bedrooms). Recognize it by the blank unblinking stare, matte white base, and doll makeup over mundane sportswear; separate it from E-Girl, Jirai Kei and Dead Inside by the paler base, flatter brows and Slavic street context."
Nymphet,aes/Nymphet/SKILL.md,"Nymphet (also Vintage Americana Coquette, American Lolita, Lolitacore) is a Tumblr-era (c. 2012–2014) aesthetic descended from Nabokov's Lolita and its 1962/1997 film adaptations: cherry red, cream, baby pink and baby blue rendered in faded 35mm or Polaroid film, pairing schoolgirl innocence (lace ankle socks, gingham, milkmaid braids, teddy bears, lollipops) with grown-up flirtation (glossy red lips, bralettes, thigh-highs, flash-lit confidence). Recognize it by heart-shaped sunglasses, red lollipops and cherries, saddle shoes and Mary Janes, 1950s–70s Americana settings (motels, diners, suburbia, grassy yards), bedroom shrine corners of paper ephemera, and a bittersweet, nostalgic mood held inside sun-bleached, pink-cast analog texture."
Ocean_Grunge,aes/Ocean_Grunge/SKILL.md,"Ocean Grunge is a music-centric internet aesthetic from circa 2014 that reads as Seapunk's depressive twin: open ocean, deep-sea fauna and drowned classical statuary rendered in blacks, greys and muted blues, pierced only by bioluminescent or glitch intrusions of mint, magenta or sickly yellow. Signature elements include murky underwater light, foam and basalt, oil-rig and submarine industrialism, datamosh smears and compression corruption, mirrored symmetry and corrupted glyph typography, all carrying nihilism, emptiness and drowning dread. Load this skill when sea or deep-water imagery feels cold, drained, degraded and hopeless rather than vibrant, tropical or heritage-nautical."
Oceanpunk,aes/Oceanpunk/SKILL.md,"Oceanpunk is the speculative aesthetic of sea-borne technology — wooden-and-brass ships, lashed-together flotilla cities, stilt harbors, submarines and underwater habitats built to explore, colonise and traverse the ocean, often in a post-apocalyptic world. Its palette is aqueous teal and sea-green over hull grey and weathered wood, warmed by bronze, brass and pinpoint lamp amber, rendered in painterly concept-art washes or clean ink-lined cel color. Signature subjects are stacked ship-cities, salvaged vessels, pirates and sailors, and anachronistic machinery that mixes Victorian, modern and sci-fi technology on one salt-worn hull."
Office_Siren,aes/Office_Siren/SKILL.md,"Office Siren (aka Bayonettacore, Corporate Girlie) is a 2020s TikTok-born microtrend that restyles 1990s–2000s corporate fashion as sensual role-play: narrow rectangular ""Bayonetta"" glasses, form-fitting tailoring (pencil skirts, fitted button-downs, tight knits), stilettos and sleek buns, in a strictly muted palette of grey, black, cream and sandy brown with occasional oxblood-red or leopard accents. Recognize it by flash-lit candid or clean editorial framing, office-coded settings and props, and a cool, competent, knowingly alluring mood."
Oi!_Skinhead,aes/Oi!_Skinhead/SKILL.md,"Oi! Skinhead (Second Wave / Street Punk Skin, UK late 1970s–80s, globally revived from the 2010s) is a working-class street aesthetic built on shaven heads, olive-drab nylon MA-1 bomber jackets, bleached ""snowflake"" drainpipe jeans cuffed over polished 10-to-20-hole oxblood or black Dr. Martens, and thin scarlet braces slung over Fred Perry-style polos or band-logo T-shirts. Its palette is oxblood, black, bleached denim white-on-indigo and olive drab, punctured by red tartan and vinyl accents, shot in flat overcast snapshot light against brick, concrete, council-estate yards and terrace steps. Recognize it by the utilitarian workwear-plus-military silhouette, the cuffed hem that always exposes the boot shaft, and arms-around-shoulders gang solidarity poses."
Oktoberfest,aes/Oktoberfest/SKILL.md,"Oktoberfest (d'Wiesn) is the Bavarian folk-festival aesthetic: blue-and-white lozenge checks, beer-gold Maßkrugs with foam crowns, pretzel-crust and gingerbread browns, and Tracht costume (Lederhosen, Dirndl, Tyrolean hats) staged on rustic wood, in marching parades, or under night fairground lights. Born from the 1810 Munich royal wedding and celebrated each autumn, it prizes convivial abundance, brass music and Bavarian folk pride. Recognize it by checkered ribbons and napkins, icing-script gingerbread hearts, wheat and hops, brass bands, beer tents and Ferris-wheel skylines."
Old_Hollywood,aes/Old_Hollywood/SKILL.md,"Old Hollywood is the glamour of the American studio system's Golden Age (c. 1930s–1960s): silver-gelatin monochrome or saturated Technicolor, diffused glamour lighting with halation blooming around the face, finger-waved hair, bias-cut gowns, fur stoles, opera gloves and tuxedos. Signature objects include velvet stage curtains, glittering marquees, film reels, studio cameras, rotary phones, cigarette smoke caught in a spotlight, and art deco interiors. The mood is elegant, nostalgic and faintly melancholic — manufactured stardom at its most polished."
Old_Money,aes/Old_Money/SKILL.md,"Old Money is the visual language of inherited wealth — understated, tailored elegance in a muted palette of cream, beige, camel, navy, black and dusty pastels, staged among estates, wood-paneled rooms, country clubs, courts and equestrian grounds. Signature elements include navy blazers, tweed skirt-and-jacket sets, turtlenecks, pearls, logo-less leather bags, wide-brim hats, antique cars, horses, ancestor portraits and fresh flowers, rendered with film-grain daylight or dim tungsten formality. Recognize it by discretion: wealth signaled through cut, patina and lineage rather than logos, with an emotional reserve that runs from serene leisure to melancholy drama."
Old_Web,aes/Old_Web/SKILL.md,"Old Web (Web 1.0 / GeoCities aesthetic) is the amateur-homepage and desktop-interface look of the 1990s–early 2000s web: web-safe primaries and neon text on tiled starfield or teal grounds, beveled gray Windows chrome with blue title bars, 88×31 badge strips, glitter GIFs, rainbow bevel-emboss word art, underlined blue hyperlinks, visitor counters and ""under construction"" banners inside rigid table layouts. Recognize it by mismatched-resolution elements (pixel art, compressed JPEGs, clip art, system fonts) assembled with sincere maximalism rather than designed harmony. Use for personal homepage shrines, period desktop screenshots, badge walls, media-player windows, and dial-up-era interface artifacts."
Olderbrothercore,aes/Olderbrothercore/SKILL.md,"Olderbrothercore is a 2020s nostalgia aesthetic that recreates the lived-in bedroom and entertainment center of a rebellious suburban teen boy of the late 1990s–mid 2000s, rendered like a lo-fi point-and-shoot snapshot with harsh direct flash. Its visual DNA is black plastic plus translucent lime/Xbox green, cluttered shelves of CDs, DVDs and game cases, CRT televisions, band and game posters, and energy-drink junk food, all framed by deliberate suburban averageness — drab carpet, plain wooden furniture, tangled cables. Recognize it by flash falloff into dark corners, branded green-black palette, physical-media clutter, and a relaxed, mischievous mood."
Onii_Kei,aes/Onii_Kei/SKILL.md,"Onii Kei (""elder brother style"") is a Japanese men's street fashion of the 1990s–2000s that fuses American casual, Italian casual and rocker influences into a slick, host-club-confident look: black leather jackets and sharp blazers over low-necked tanks, imported slim distressed jeans, pointed boots, and the teased ""wolf hair"" shag. Its palette is grounded in black and brown with washed denim blues, cream tees and tan chinos, punctuated by branded watches, luxury belts, statement sunglasses and subtle pendants. Recognize it by the slim vertical silhouette, groomed shaggy hair in chestnut/copper/ash-blonde tones, and sleek dark layering with a rock edge."
Opium,aes/Opium/SKILL.md,"Opium (also Vamp, 00, Opiumcore) is a 2020s Atlanta-born fashion-and-music aesthetic built on monochromatic black avant-garde darkwear (Rick Owens, Balenciaga, Vetements), brutalist platform boots, wrap-around sunglasses and chrome cross jewelry, shot with harsh on-camera flash, thermal/infrared false color or deep-fried editing. Signature marks are inverted crosses, anarchy symbols, bats, ""00"" branding, spiky illegible black-metal typography and blood-red accents on stark black-and-white. Typical subjects are face-obscured figures in extreme-proportion silhouettes, nocturnal gothic architecture, red-hazed stages and occult poster graphics."
Org-Nouveau,aes/Org-Nouveau/SKILL.md,"Org-Nouveau (Organic-Nouveau) is a late-1980s-to-1990s organic-postmodern style of interiors, architecture and object design that revives Art Nouveau and Catalan Modernisme as melting plaster caves, whiplash ironwork and shell-, bone- and coral-derived forms. Recognize it by amber-ochre and peach plaster vaults against teal, plum and iridescent blue accents, nautilus-spiral chair backs, pod-cluster blobby furniture, gourd- and petal-shaped lanterns, mosaic-terrazzo blob floors, and warm cove or pinpoint ""cave starlight"" lighting. Typical subjects are restaurant, bar and club interiors, sculptural shell houses and storefront canopies, organic lamps, vessels and furniture objects."
Oshare_Kei,aes/Oshare_Kei/SKILL.md,"Oshare Kei is the bright, pop-leaning outlier of Japan's Visual Kei rock scene, coined around 2001 by the band BAROQUE: band costumes that fuse punk hardware (biker chains, studs, buckles, ripped skinny jeans) with Decora-like candy excess — hot pink, cobalt, lime and lemon yellow set against a black or white anchor, polka dots and animal print, striped or bow-tied knee socks, and towering teased hair in unnatural colors under tons of hairclips. Recognize it in group band promo shots with dramatic black eyeliner over otherwise light makeup, brightly colored contacts, piled-on bracelets and character bags, playful poses, and high-key white or saturated graphic pop backdrops. The mood is upbeat, kawaii-punk and defiantly cheerful."
Oshi_Culture,aes/Oshi_Culture/SKILL.md,"Oshi culture (wota / oshikatsu) is the Japanese idol-devotion aesthetic from the 2000s onward: pastel-pink maximalist shrines of merchandise — ita bags, deco uchiwa fans, cheki photo cards, chibi plushies — assembled around a single beloved idol, plus the concert ritual of glow sticks, happi coats and synchronized fan dance. Recognize it by repeated idol faces multiplied across badges, cards and cutouts, handmade ribbon-and-lace decoration, member-color coordination, ryousangata frilly pink event fashion, and night scenes pierced by penlight neon trails. Typical subjects range from flat-lay craft arrangements and shelf shrines to crowd shots from behind and light-trail wotagei dances."
Ostalgie,aes/Ostalgie/SKILL.md,"Ostalgie (GDR nostalgia / Eastalgia) is the post-1990 East German retrospective aesthetic built from the vernacular design of the DDR: Ampelmännchen traffic-light figures, Trabant cars, Dederon fabrics, Spreewald pickles and offset-printed Ostprodukt packaging with EVP price marks. Its visual DNA is faded pastel blues, browns, oranges and muted greens, mustard-patterned wallpaper, wood-veneer furniture, FDJ blue shirts, signal-red/green glow and bold German grotesque label typography. The mood is gemütlich, affectionate-ironic domestic nostalgia — consumer objects and lived-in rooms, never state-heroic propaganda."
Ouji,aes/Ouji/SKILL.md,"Ouji (the youthful branch of Japanese Boystyle) is a Victorian- and Rococo-inspired ""prince"" fashion of the late 1990s/early 2000s, built on knee-gathered knickerbockers (pumpkin pants), a fitted blouse–vest–jacket stack with jabots and lace, top hats or crowns, and knee- or mid-calf laced or platform boots over visible socks. Its palette runs from black and jewel tones (bordeaux, navy) through earthy Classic browns to pastel Sweet tints, rendered in silk, velvet, brocade and tartan prints with silver and antique-gold hardware. Androgynous, youthful and meticulously coordinated, it reads as the boyish sibling of Lolita rather than as historical reenactment or stage costume."
PC-98,aes/PC-98/SKILL.md,"PC-98 is the 1990s Japanese microcomputer game aesthetic of the NEC PC-9800 series: detailed anime pixel art at up to 640×400 on a quantized 16–256 color palette, with checkerboard dithering standing in for gradients, and game chrome such as thick decorative borders, kanji bitmap dialogue bands, portrait insets and custom menus. Recognize it by countable square pixels, teal-cyan machine interiors or magenta-pink romance sets, 90s anime faces with large glossy multi-highlight eyes, and a black bottom band of Japanese dialogue; typical subjects are visual-novel close-ups, cockpit and office interiors, schoolrooms and fantasy fields."
PC_Music,aes/PC_Music/SKILL.md,"PC Music (the Hyperpop visual world) is the glossy, hyper-saturated digital aesthetic of the 2013 London label collective around A. G. Cook: hyper-real CGI product shots, corporate-advertisement parody, early-2000s web design clutter, and doll-like retouched pop personas, all anchored to #0000ff hyperlink blue, neon pink and lime, and holographic chrome silver. Signature elements are sterile seamless-backdrop product staging (drink cans, CDs, chrome icons), frozen liquid and metal material studies, mirror-symmetric vector emblems, and maximalist collage typography over saturated monochrome fields. Mood is ironic euphoria — consumerism celebrated and critiqued at once, perfection that advertises its own fakeness."
PEEPS,aes/PEEPS/SKILL.md,"PEEPS (Gengarcore) is a late-2010s Ura-Harajuku street fashion that reads as sporty goth for ghost Pokémon trainers: mostly black casual sportswear electrified by neon purple, checker and zebra prints, tribal flame embroidery, chain belts and silver hardware, plus Gengar plush and 3D kanji graphics. Typical images are thrifted coord flat lays, wall-snap outfits with cut-out layered tops and chain-hung short bottoms, purple-duotone zine collages, and chibi character art on black voids. Recognize it by the black-plus-neon-purple casualness, sock-based sporty legs (never fishnets), and ghost-Pokémon playfulness fused with goth hardware."
PMC_Ryodan,aes/PMC_Ryodan/SKILL.md,"PMC Ryodan is a 2020s Russian–Ukrainian teenage subculture aesthetic: crews of long-black-haired anime fans in oversized black hoodies screen-printed with a white twelve-legged spider and the number 4, grey-black checkered trousers and chunky sneakers, photographed deadpan in post-Soviet malls, park paths and overcast waterfronts, or rendered as flat black VK/Telegram meme graphics with white line-art spiders and handwritten Cyrillic. A near-monochrome black-and-white palette, faceless hair-curtain portraits, back-view crew lineups and an ironic ""PMC"" pseudo-military framing distinguish it from Dead Inside, E-Boy and the Adidas-clad gopnik/offnik rivals."
PRL_Nostalgia,aes/PRL_Nostalgia/SKILL.md,"PRL Nostalgia is the Polish post-1989 aesthetic of longing for the Polish People's Republic (1947–1989): concrete greys and muted pastels punctured by saturated communist-branding red, analog consumer artifacts (Polo-Cockta bottles, warm ice cream cones, Junak motorcycles, Syrena and Polonez cars), restored neon signs, cooperative signage and reconstructed period interiors such as Pijalnia bars and museum living rooms. Recognize it by Polish-language script logos and hand-painted shop lettering, veneer-bakelite-chrome materiality, overcast daylight or neon-against-night lighting, faded film grain, and a tender, kitschy mood that sanitizes the era into a ""gentle past""."
Pacific_Punk_Wave,aes/Pacific_Punk_Wave/SKILL.md,"Pacific Punk Wave is a late-1970s-to-1980s Los Angeles-born postmodern design mode fusing new wave album art, punk collage defiance, Italian radical design objects and sabotaged Swiss typography. Recognize it by horror-vacui cut-paper layering, airbrushed/stippled/striped fills instead of flat color, hot magenta–electric yellow–teal on cream (or neon airbrush on black), zigzag and starburst kitsch citations, leopard print, classical statue fragments, and hand-drawn lettering crashing over duotone photos. Typical subjects are gig posters, album covers, sculptural laminate furniture and eyewear assemblages, flash-lit postmodern interiors, and ghosted multiple-exposure portraits with spiky hair and heavy makeup."
Palewave,aes/Palewave/SKILL.md,"Palewave is a mid-2010s internet-born minimalist menswear aesthetic (Reddit r/streetwear, Tumblr, peak ~2015) defined by a strictly pale, washed-out palette — cream, sand, stone grey, light-wash denim, blush pink — worn in loose layered fits and anchored by minimal white leather sneakers. Recognize it in full-body street ""fit pics"" shot in flat overcast light against mundane urban backdrops, entirely free of black, logos and saturation. Use this skill to generate or identify quiet, comfort-first pale casual outfits and their documentary-style photography."
Paninaro,aes/Paninaro/SKILL.md,"Paninaro is the flashy, brand-obsessed youth style of early-1980s Milan: glossy brightly coloured down puffer jackets, rolled Levi's 501s over thick white socks and wheat-nubuck Timberland boots, conspicuous designer badges, Ray-Ban sunglasses, and fast-food trays, small motorcycles and comic magazine mastheads in saturated primaries on yellow. Daylight 35mm snapshot or halftone newsprint rendering; consumerist, apolitical, playfully showy. Use when identifying or generating images of 1980s Italian label-driven teen sportswear culture, paninoteca hangouts, or Il Paninaro-style magazine graphics."
Paperback_Chic,aes/Paperback_Chic/SKILL.md,"Paperback Chic (also Chobanicore / Chobani Chic) is a late-2010s-to-present branding and packaging aesthetic that makes labels, book covers, posters and cafe graphics read like friendly artistic paperbacks: matte paper fields in cream, sage-mint, blush pink and peach, oversized retro serif or Didone display type set in one or two inks, airy open layouts, and simple flat or hand-drawn fruit, botanical and animal marks. Recognize it on wellness drinks, organic food packs, swing tags and literary covers carrying soft matte color, generous whitespace and wholesome, playful nostalgia."
Parisian_Apaches,aes/Parisian_Apaches/SKILL.md,"Belle Époque Parisian street-gang aesthetic (1890s–1914) as preserved in staged gelatin-silver photographs and sensationalist press lithographs: casquette caps, red flannel sashes and neck scarves, striped jerseys, flared Bénard trousers, surin knives and brass-knuckle Apache revolvers. Palette of worker red, blue and white over aged cream paper or sepia emulsion, with theatrical swagger, brawl diagonals and valse chaloupée dance poses. Use for Belle Époque underworld subjects, pulp crime poster art, or period street-gang portraiture."
Parisian_Girly,aes/Parisian_Girly/SKILL.md,"Parisian Girly is a late-2000s/early-2010s tween interior-and-fashion aesthetic built on a romanticized, cliché-loaded Paris: a strict pink-black-white palette, Eiffel Tower silhouettes, Breton stripes, poodles, fleurs-de-lis, mannequins and ornate mirrors, delivered with McBling-era glitter and bright commercial polish. Recognize it by bold pattern blocking (polka dots, zebra, stripes), cursive French phrases as decor, and sweet childlike glamour in bedrooms, party tableaus, desserts, garment flat-lays and vector shopping-girl illustrations."
Partille-Johnny,aes/Partille-Johnny/SKILL.md,"Partille-Johnny (PJ) is the late-2000s Swedish teen-boy snapshot aesthetic: gravity-defying hair-wax spikes or back-slicks, orange self-tanner skin set against pale white-coated lips, rubber bands stacked up the calves over pant hems, and hi-vis reflex vests thrown over logo tees and big-logo Evisu denim. Images read as flash-blown compact-camera uploads from Bilddagboken-era domestic interiors, bathroom mirror selfies and crammed group poses, radiating conformity, meticulous grooming and loud attention-seeking. Recognize it by the bronze-orange / stark-white / denim-blue triad with neon accents, low-megapixel flash blowouts, and packs of teenage boys groomed to an identical, deliberately artificial standard."
Party_Rock,aes/Party_Rock/SKILL.md,"Party Rock is the maximalist club-kid aesthetic of LMFAO's late-2000s/early-2010s ""club boom"": neon pink, electric blue and highlighter-yellow spandex clashed against zebra and leopard print, shutter shades or lensless nerd glasses, cardboard robot heads, gold rope chains and confetti-choked house parties. It is shot in harsh point-and-shoot flash or saturated club LED light, full of grinning, mid-shuffle subjects performing aggressive, ironic joy. Recognize it when an image reads as a deliberately tacky, costumed 2010s party rather than cool, composed or angsty youth culture."
Pastel_Gore,aes/Pastel_Gore/SKILL.md,"Pastel Gore is a late-2010s internet-art aesthetic that paints explicit gore — exposed organs, bones, stitches, dripping blood, dismemberment — in soft pastel color and cartoonish kawaii stylization, frequently substituting candy, slime, sprinkles or fruit flesh for bodily matter. Recognize it by pink/lavender/baby-blue blood, rainbow-soft innards, disembodied eyeballs with heart- or star-shaped pupils, bows paired with knives, flat cel-shaded digital illustration, and sticker-sheet, OC-portrait or all-over-pattern formats born in Tumblr/DeviantArt fandom circles."
Pastel_Goth,aes/Pastel_Goth/SKILL.md,"Pastel Goth (a.k.a. Kawaii Goth, Spooky Kawaii) is an early-2010s Tumblr-born fashion and graphic aesthetic that welds goth iconography — inverted crosses, bats, eyeballs, bones, pentagrams, dripping fonts — onto milky pastel pink, lavender, mint and baby blue, anchored by black hardware like studded collars, fishnets and platform boots. Recognize it by constant double-coding: macabre symbols rendered in candy colors, high-key or flash-flat washed lighting with sparkle and gradient-filter overlays, and creepy-cute chibi, pixel or meme-edit graphics. Typical subjects are outfit coord shots, makeup and dip-dye hair close-ups, accessory flat lays, and pastel cloud-sky edit backgrounds."
Pastel_Southwestern,aes/Pastel_Southwestern/SKILL.md,"Pastel Southwestern is a late-1980s to early-1990s American design aesthetic that bleaches classic desert-Southwest motifs into a serene palette of pale turquoise, clay pink, apricot, sage green and sand, accented with light lilac and light pink. Recognize it by stucco and adobe volumes with rounded edges and arched niches, stepped geometric bands derived from Indigenous-peoples art, saguaro cactus silhouettes, banded desert-horizon murals, plush pastel upholstery and bleached oak, appearing in homes, fast-food and hotel interiors, pueblo-style chain architecture and product packaging. The mood is breezy, sun-washed and sincerely kitschy, defined by its rejection of the dark rust tones and heavy iron of rustic Santa Fe design."
Pastoral_Whimsy,aes/Pastoral_Whimsy/SKILL.md,"Pastoral Whimsy is a storybook-rural aesthetic descended from 19th-century children's book illustration and idealized farm life, rendered in cream, beige, pale yellow, soft blue, mint and sage green with hand-drawn pen linework and soft watercolor washes. Its signature subjects are farm and woodland animals (ducks, fluffy sheep, rabbits, deer, hedgehogs), often gently clothed or anthropomorphized, plus ditsy floral prints, cottages, cottage gardens, rolling hills, still ponds, aprons, flowy linen dresses, straw hats and tea in mismatched mugs. Recognize it by its low-chroma pastel palette on paper-white or beige grounds, visible handmade mark (ink hatch, watercolor bloom, printed cotton weave), diffuse shadowless light, and a playful, serene, nostalgic mood that favors storybook fantasy over strict realism."
Paty_de_SP,aes/Paty_de_SP/SKILL.md,"Brazilian teen-girl mirror-selfie aesthetic born on São Paulo TikTok in the early 2020s out of the 1990s–2000s ""patricinha"" rich-girl slang: black leather, sequins and satin shine anchored by white, silver and light-wash denim, punctured by candy-pink or neon accents. Signature elements are vertical phone mirror selfies in bedrooms, closets and shopping malls, crop tops paired with mini skirts or high-waisted denim, silver trinket jewelry, long decorated nails and chunky sneakers (Nike Air Force, Air Jordan, V10). Elegance-aspiration with a funk/trap undercurrent."
Peach_Girl,aes/Peach_Girl/SKILL.md,"Peach Girl (aka Peachy Beachy) is a summer-2024 TikTok beauty-and-fashion microtrend, popularized by Hailey Bieber, built on a warm sun-kissed glow in peach, coral, apricot and cream with dewy skin, glossy ""juicy"" lips, generous peachy blush and simple casual clothing. Recognize it by high-key soft lighting, peach fruit appearing as print, intarsia knit, sticker or flavored snack-and-cosmetic prop, and an effortless, fresh, youthful warmth. It sits between Soft Girl's cool pastels and Tomato Girl's savory reds, and drops Coquette's bows and lace for relaxed everyday staples."
Peacock_Revolution,aes/Peacock_Revolution/SKILL.md,"Mid-1960s Swinging London menswear rebellion in which slim, Edwardian-cut suits of paisley, brocade, corduroy and velvet, frilly shirts, cravats, kipper ties, Nehru collars and winklepicker boots were worn by mop-haired young men in clashing jewel-and-candy colours. Typical subjects are British Invasion band group portraits, Carnaby Street street snaps and boutique interiors, captured on warm, slightly faded analogue film. Recognise it by tailored silhouettes loaded with feminine-coded print, frill and embroidery — dandyish and urban, never hippie-loose."
Pearlcore,aes/Pearlcore/SKILL.md,"Pearlcore is an early-2020s fashion, beauty and decor aesthetic that makes pearls the protagonist — single strands, chain-layered necklaces, pavé-encrusted garments and accessories, and tiny scatter-beads on faces and nails — set in a luminous palette of white, cream, blush and iridescent nacre sheen. Soft diffuse lighting, satin and lace textures, shell and porcelain props, and deliberately gender-neutral styling modernize the gem away from its formal heritage codes. Recognize it by pinpoint specular highlights on rounded beads, draped pearl lines across skin or fabric, and still lifes staged on cream satin, warm beige studio backdrops or blush walls."
Pen_&_Pixel,aes/Pen_&_Pixel/SKILL.md,"Pen & Pixel (aka Bling Era Graphics, Dirty South Style, No Limit Style) is the maximalist Southern hip-hop album-cover design language of the mid-1990s to early 2000s: diamond- and gold-encrusted 3D logotypes acting as the compositional hero, hard-edged Photoshop cutout collages of rappers surrounded by luxury cars, mansions, jets, exotic animals and explosions, all drenched in lens flares and starburst sparkles over saturated jewel-tone skies. Recognize it by bevelled metallic type treated as jewelry, ignored scale and physics, sticker-banner packaging furniture, and a ""hood rich"" surreal abundance in gold, chrome silver, diamond blue and fire orange."
Peoplehood,aes/Peoplehood/SKILL.md,"Peoplehood (Tumblr, c. 2021) is a slice-of-life aesthetic of ordinary mutual care — hands braiding hair, shared soup ladled from one pot, a forehead kiss on a bus, an elderly couple crossing a street with a bouquet. Its palette is beige wool, olive green and tangerine orange, rendered either as grainy 35mm candid snapshots or flat Fauvist gouache illustration. Recognize it by gesture-led composition, communal food, apartment windows, and bustling, multi-ethnic public space treated with reverence."
Phonk,aes/Phonk/SKILL.md,"OG Phonk (Rare Phonk) is the early-2010s SoundCloud hip-hop aesthetic of the Memphis-rap revival: purple/magenta ""lean""-tinted imagery run through bootleg VHS degradation (grain, tracking tears, camcorder OSD), chrome Pen & Pixel-style bling lettering, gothic and dripping horror fonts, skull and grim-reaper iconography, parked 1990s luxury sedans, cassette-bootleg layouts and Parental Advisory stickers. Recognize it by violet-black grounds, degraded flash photography or foggy ""cloudy"" haze, collage cutouts and faux-vintage tape dating; it is deliberately slow, murky and nostalgic, unlike drift phonk's racing cars or cyber ghetto's Y2K gloss."
Photo_Playground,aes/Photo_Playground/SKILL.md,"Photo Playground is the mixed-media children's-screen aesthetic of the Y2K era (roughly 1996–2015): photographic background plates and photo-puppeted animals collaged with flat Flash-era vector cutouts that wear obvious drop shadows. Bright grass green, sky blue and lavender purple dominate idyllic backyards, parks, farms and cozy cluttered rooms, lit by even midday sun or warm window light. Recognize it by the legible seam between real photo texture (fur, leaves, gingham, wood grain) and obvious cartoon shape, and by its quiet, liminal, comfort-first staging of play."
Photorealism,aes/Photorealism/SKILL.md,"American painting mode of the late 1960s–1970s (also Super-Realism, Hyperrealism, Sharp-Focus Realism) that hand-reproduces a photograph with invisible brushwork, razor-sharp focus and documentary color fidelity. Palette is dictated by the source photograph, spanning saturated candy-and-chrome commercial color, muted diner and street tones, and full grayscale; subjects are mundane American life — reflective storefronts, cars and chrome, diners, signage, everyday still lifes, deadpan portraits and worker figures. Recognize it by mirror/glass reflections, specular highlights on glossy curves, snapshot cropping, even diffuse light, and a smooth airbrushed surface with no painterly hand."
Pianocore,aes/Pianocore/SKILL.md,"Pianocore is a monochrome, music-notation aesthetic rooted in 2000s Japanese Lolita fashion with 1990s Moschino precursors, defined by the literal application of piano keyboards and sheet music as surface pattern on clothing, accessories and graphic edits. Look for piano-key hem borders, music-note tights, flowing staves and treble-clef charms in black, white, cream and sepia, framed by lace, bows and Mary Janes. Recognize it by high-contrast notation-as-decoration on hyper-feminine coordinates, accessory flat-lays and scrapbook-style digital collages — never by instruments alone as props."
Picniccore,aes/Picniccore/SKILL.md,"Picniccore (alias Picnic Jamcore) is a pastoral internet aesthetic of outdoor meals and home preserves — gingham blankets, woven baskets, glass jam jars, strawberries and cherries, thumbprint cookies and lattice pies. Its palette anchors saturated berry reds on blush-pink, cream, butter-yellow and sage-green grounds, lit by bright warm daylight with crisp summer shadows. Typical subjects are preserve still-lifes, picnic spreads on grass, and puffy-sleeved strawberry-print dresses or frilled aprons."
Pijo,aes/Pijo/SKILL.md,"Spanish upper-class youth aesthetic from the 1970s onward — polished, preppy-adjacent leisurewear (piqué polos, wool sweaters knotted over the shoulders, striped shirts, loafers, silk scarves, gold jewelry) in a palette of beige-white-navy neutrals, pastels, and saturated pops including Spanish flag red and yellow. Typical images show groomed young people, alone or in arms-over-shoulders groups, in marinas, club terraces, brick plazas, or glossy color-block studio sets, radiating cheerful smugness and conspicuous consumption. Recognize it by pressed, gel-set grooming, brand-legible status cues, and clean advertising-grade brightness rather than heritage restraint."
Pin-up,aes/Pin-up/SKILL.md,"Mid-20th-century American glamour aesthetic of mass-printed ""cheesecake"" (and ""beefcake"") images: a single coiffed model — victory rolls or Bettie bangs, sharp winged eyeliner, hunter's-bow red lipstick — posed playfully against a seamless studio backdrop, an airbrushed painted gradient, or a poster layout. Palette runs red, black, white, navy and pastels across silver-gelatin monochrome, sepia, hand-tinted prints and gouache illustration; signature motifs include high-waisted shorts, polka-dots, cherries, leopard print, stockings, garter belts, corsets and sailor styling. Mood is wink-and-nudge confidence: wholesome yet alluring, nostalgic, empowering."
Pink_Parisian,aes/Pink_Parisian/SKILL.md,"Pink Parisian (also Vintage Parisian) is a Tumblr-curated nostalgic aesthetic of mid-twentieth-century Paris and Old Hollywood: blush pink, cream, muted gold and silver-gelatin black-and-white laid over Belle Époque façades, Rococo salons and café terraces. Signature elements include faceted French perfume bottles on vanity trays, macarons and champagne, roses and peonies, 1930s–1960s lace-tweed-satin fashion, handwritten love notes, bows on poodles, and soft-focus couples in love. Recognize it by faded vintage-film color or grainy monochrome, heritage-maison luxury treated as longing rather than flex, and a wistful, hyperfeminine, escapist romance."
Pink_Pilates_Princess,aes/Pink_Pilates_Princess/SKILL.md,"Pink Pilates Princess is an early-2020s wellness-feminine aesthetic of hyper-feminine athleisure in blush, ballet pink and cream — ribbed knits, seamless leggings, leg warmers, plush oversized pullovers, silky pink pyjamas — shot as mirror selfies, paparazzi errand candids and soft sheer-curtain studio light. Signature props are the rolled pink yoga mat, an iced drink or matcha in a clear cup, a bow spa headband with face mask, wired earphones, pink tumbler and duffel bag. It reads as model-off-duty self-care ritual: pilates and barre stretches, skincare in bed, tidy pink-and-white interiors."
Pink_Princess,aes/Pink_Princess/SKILL.md,"Pink Princess (also called Rocococore or Modern Rococo) is a luxury-feminine aesthetic fusing 18th-century Rococo ornament with 1950s–60s French-chic vintage: a pink-white-gold palette of blush satin, cream lace and gilt brass, populated by hair bows, white Persian cats, swans, ballerinas, pearls, macarons and pink-frosted cake in canopy-bed bedrooms and clawfoot-tub bathrooms. Its subjects are pampered upper-class leisure — tea parties, petal baths, vanity rituals, ballet, rose-strewn picnics — rendered in soft diffused light with a filmic pastel grade. Recognize it by pink-dominant color, ornate groomed staging and dollhouse tidiness rather than castle regalia."
Pirate,aes/Pirate/SKILL.md,"Pirate (Piratecore, Piratewave) is the seafaring-raider aesthetic of the 16th–18th century Golden Age of Piracy filtered through a modern collector's boho lens: sea-green and turquoise water, weathered brown timber, ivory linen and antique gold, populated by ships, treasure trinkets, shells, bones, charts and flintlock steel. Typical subjects are cabinet-of-curiosity shelves and labelled specimen jars, corseted boho-layered fashion on coastal cliffs and dunes, aged ink sketches and star charts, and painterly maritime vistas under storm or grotto light. Recognize it by weathered, thrifted material culture plus curiosity-cabinet display logic and a mood of curious freedom — distinct from crisp Nautical, horror-tinged Dark Nautical, and land-bound Adventurecore."
Pissikset,aes/Pissikset/SKILL.md,"Pissikset (pissis) is the Finnish teen-girl subculture of the late 1990s–early 2010s, the Nordic branch of Mcbling: low-rise jeans and tight branded tops, short denim skirts, furry boots and fur-trimmed jackets, animal-print accents, sequins and patent vinyl in a candy palette of pink, baby blue, mint, lilac, white and black over orange-tanned skin. Signature cues are bleached or straightened blonde hair, heavy makeup with pale lips, sunglasses worn indoors, maximalist status accessories (hoop earrings, bangle stacks, logo handbags), visible thong straps above the waistband, and mall or city-center snapshot-flash photography, often finished with Y2K collage graphics and cursive logotypes. The mood is loud, defiant, glossy and self-awarely satirical — glamour assembled on a teen budget and worn as group identity."
Pixel_UI,aes/Pixel_UI/SKILL.md,"Pixel UI is the pixelated interface aesthetic of 1980s-to-early-2000s graphical operating systems and application software — Classic Mac OS, Windows 3.x/9x/NT, AmigaOS, OS/2 and DOS shells — built from unaliased bitmap type, sprite-like icons, bevelled grey/teal/blue windows, dither patterns and cascading dialogs. Recognize it by hard single-pixel outlines, inverted menu-highlight bars, hard offset drop shadows, strictly budgeted palettes and the grammar of title bars, menus and forms; it is the work-and-software counterpart to the gaming-focused 8-Bit aesthetic."
Pixelscape,aes/Pixelscape/SKILL.md,"Pixelscape is the mid-2000s browser-game aesthetic of elaborate isometric pixel art — candy-saturated dioramas of busy streets, cutaway rooms and everyday social life, populated by chunky simplified avatars and often trimmed with brand marks or chat-bubble UI. Recognize it by a fine, uniform pixel grid, 2:1 dimetric projection, flat per-plane shading, dense prop clutter, and a high-saturation palette set against flat color fields or a dark void. It descends from Habbo Hotel-era advergames, Java mobile titles and pixel-based web design."
Pițipoancă,aes/Pițipoancă/SKILL.md,"Late-2000s Romanian subculture aesthetic of hyper-feminine, McBling-derived glamour: orange spray tan, bleached blonde extensions, heavy 2000s ""bad"" makeup, rhinestone-studded corset tops, animal prints and hot-pink bodycon minis on very high platform heels. Typically captured in amateur direct-flash snapshots inside clubs, boutiques and domestic rooms with satin curtains and glossy white interiors. Mood is boastful, unapologetic confidence and status display."
Plaguecore,aes/Plaguecore/SKILL.md,"Plaguecore is a late-2010s Tumblr-born aesthetic built on the 17th-century plague doctor persona: beaked bird masks, wide-brim hats, long shapeless cloaks, and antiquarian medical paraphernalia (syringes, forceps, corked vials, leech jars, leather-bound books) rendered in black, grey, bone white, silver and brass. Its images favor candlelit or overcast low-key light, aged paper and woodcut inserts, corvids, rats and dry macabre humor, expressing scholarly curiosity rather than horror gore."
Plakatstil,aes/Plakatstil/SKILL.md,"Plakatstil (Sachplakat, the German ""object poster"", c. 1905–1920s) reduces an advertisement to a single isolated product or simplified figure drawn in flat lithographic colour planes against an unmodulated field, paired only with a bold, integrated brand name. Its palette is two to four high-contrast hues — vermilion red, deep teal-blue, olive-mustard, ink black, warm paper cream — with crisp hand-drawn silhouettes, matte print grain and generous negative space. Recognise it by what is absent: no ornament, no scenery, no slogan, and no modelling beyond a step or two of flat tone."
Plant_Mom,aes/Plant_Mom/SKILL.md,"Plant Mom (Plant Parent) is a mid-2010s Instagram/Pinterest lifestyle aesthetic of domestic houseplant cultivation: interiors packed with clustered potted greenery — Monstera, fiddle leaf fig, snake plant, succulents, cacti — in terracotta, white ceramic, macramé and glass propagation vessels, lit by warm bright indirect window light. Its palette is verdant green plus earth tones, soft white, terracotta and mustard yellow, rendered either as casual phone snapshots of care rituals (watering, misting, propagating) or as Pinterest-style cut-out collages with affectionate lowercase captions and indie/hipster gardening fashion. Look for biological maximalism, nurturing props (watering cans, misting bottles, roots in water jars) and a cozy, mindful, gently humorous mood."
Playboy,aes/Playboy/SKILL.md,"Mid-20th-century jet-set aesthetic of the charismatic hedonist — tailored dark suits and tuxedos, expensive watches and gold accents, staged beside sports cars, yachts, private jets and casino tables. Palette of black, navy and crisp shirt-white with gold or silver accents, lit by night neon bokeh, blue-hour maritime light, or tungsten casino glow. Recognize it by leisure-as-identity: wealth displayed through poise, machines and companions rather than logos, with an undercurrent of charm, seduction and optional menace."
Plazacore,aes/Plazacore/SKILL.md,"Plazacore is an early-2020s TikTok/Instagram fashion aesthetic that restyles Upper-East-Side preppy as a playful hotel-heiress fantasy: cropped tweed jacket-and-skirt sets, babydoll dresses with oversized Peter Pan collars, hair bows and padded headbands, pearl strands, tights and Mary Janes. Its palette oscillates between powder pink and baby blue pastels and black-white or grey houndstooth neutrals, punctuated by bright red or royal blue, and its settings are grand hotel interiors, gilded rooms and classical city façades. Recognize it by structured tweed plus deliberately childlike-girlish accessories executed with a polished, luxurious finish."
Pokemón,aes/Pokemón/SKILL.md,"Chilean youth-subculture aesthetic (2006–c. 2012, aka HxCitos/Hardcoritos) fusing Emo, Otaku, Hip-Hop and Punk into black anime-shag ""piña"" haircuts with long side-swept bangs, black eyeliner, glitter, striped or polka-dot polos, skinny decayed jeans, Converse, stacked decora bracelets, and candy fuchsia/lime/purple/red accents over a black-and-white base. Visually it survives as mid-2000s Fotolog/MSN-era snapshots: low-megapixel sensor noise, harsh on-camera flash at night, blown-out flat daylight, pixel-font watermarks and meme overlays. Mood is extroverted melancholy — pacifist, playful, childlike fantasy posed in plazas, graffiti walls and club corners."
Political_'Wave'_Aesthetics,aes/Political_'Wave'_Aesthetics/SKILL.md,"Umbrella term for internet propaganda aesthetics (Laborwave, Fashwave, NATOwave, Militarywave, Tradwave, Monarchowave, Anarchowave, Faragewave, Serbwave, Libertywave, Terrorwave) that re-skin 1980s–90s Vaporwave/Synthwave retrofuturism — neon perspective grids, sunset roundels, VHS grain, chromatic aberration, vertical Japanese captions, pixel-font slogan boxes — with explicit ideological emblems such as red stars, hammer and sickle, circled-A, NATO compass rose, national flags, religious icons or royal portraiture. Base layers are found media: archival photographs, news stills, classical busts, religious processions, combat footage or hardware photos, unified under a magenta/pink wash, a single-hue monochrome field, or a black-and-white duotone with red/green fringe. Recognize by the collision of overt political symbol-portraiture with degraded retro-digital kit and meme-grade slogan typography."
Polychrome,aes/Polychrome/SKILL.md,"Polychrome is an early-2010s graphic-design aesthetic in which saturated color behaves as physical matter — powder bursts, ink-in-water clouds, smoke plumes, paint smears and oil-slick marbles — exploding across plain white or black studio grounds. Born in electronic-music cover art (Koan Sound's album of the same name) and consumer-tech advertising (Vaio, Bravia, Windows, Nintendo, Costco), it pairs high-contrast blue, red, orange, yellow and turquoise gradients with grayscale portraits, products or thin sans-serif logo lockups held in generous negative space. Recognize it by volumetric, particulate, studio-lit color events; never flat vector gradients, geometric pattern, neon grids or brushed metal."
Pomo_Faux_Ruins,aes/Pomo_Faux_Ruins/SKILL.md,"Postmodern architectural and interior aesthetic of the late 1970s through 1990s built on intentionally fragmented classical motifs — columns truncated mid-air, cracked pediments, detached capitals, broken arches — rendered in pristine, hyper-sterile modern materials such as fiberglass, pastel-painted drywall, smooth concrete, chrome and neon tubing. The palette anchors on white, brown and black, punctured by saturated theatrical up-lighting, neon highlights and simulated open-sky ceilings rather than by pigmented surfaces. Typical subjects are mall courts, hotel and office atriums, cafe and nightclub interiors, plaza or lawn folly ""ruins,"" and studio installations of plaster fragments posed as stage sets."
Pont-Aven_School,aes/Pont-Aven_School/SKILL.md,"Synthetist–Cloisonnist manner of the late-1880s Breton artist colony around Gauguin and Émile Bernard: large flat planes of bold, non-naturalistic color — vermilion earth, apple-green meadows, chrome-yellow skies — sealed by strong dark outlines, with tilted ground planes, compressed depth and matte, enamel-like paint. Signature subjects are Breton peasant life: women in winged white coifs and black costumes at pardons, processions, dances and harvests, thatched cottages, water mills and church spires, plus moonlit folklore night scenes. Reads as solemn, devotional, deliberately ""primitive"" simplification rather than optical observation."
Poolcore,aes/Poolcore/SKILL.md,"Poolcore is the 2010s liminal-space aesthetic of empty indoor poolrooms: still teal-to-blue water, grids of small white square ceramic tile, and caustic light-refraction patterns rippling across submerged surfaces. Photographs and 3D renders alike, it trades in eerie serenity — municipal pool halls, tiled corridors half given over to water, close-ups of sunlight netting on a pool bottom — with a palette of blues, teals and whites and a total absence of people. Recognize it by the invariant triad of contained water + tile grid + refracted light, held in a quiet, dream-familiar emptiness."
Pop_Art,aes/Pop_Art/SKILL.md,"Pop Art is the mid-1950s–1960s Anglo-American movement that recasts advertising, comic strips, product packaging and celebrity publicity as fine art: flat saturated primaries and secondaries, uniform black outlines, Ben-Day/halftone dot fields, silkscreen repetition and deadpan speech-balloon text. Recognize it by mechanical print mimicry (regular dots, misregistered passes, tape-crisp flat planes), consumer-goods and mass-media subjects, and an ironic, celebratory cool. Load this skill for images that must read as commercial-print-derived art of the 1950s–60s, not painterly, photoreal or surreal work."
Poppare,aes/Poppare/SKILL.md,"Poppare is the Swedish indie-pop subculture of the late 1990s to mid-2000s that restyles 1960s Mod through a melancholic Scandinavian lens — teased voluminous A-line bobs with blunt bangs, heavy black eyeliner with a star sticker under one eye, Peter Pan collar blouses, miniskirts, skinny trousers, opaque tights and Dr. Martens or Mary Janes. It runs in three registers: strict black-and-white ""Panda"" monochrome, candy-bright Decora-flavoured ""Glitter"" pastels with tiaras and hair clips, and navy-red Breton-stripe nautical ""Håkan"". Recognition hinges on lo-fi blog-era snapshot photography, pale androgynous subjects, Mod silhouette discipline, and a ""looking good but feeling sad"" wistfulness."
Poppers,aes/Poppers/SKILL.md,"Poppers (German ""Die Popper,"" Austrian ""Snobs"") were a West German youth subculture of roughly 1979–1984, born in Hamburg high schools: affluent teenagers performing brand-fetishist preppy luxury as street style — cashmere V-necks and argyle, polo shirts with knitted ties, Fiorucci carrot pants, white jeans, tassel loafers over Burlington socks, trench coats, and the signature ""Poppertolle"" quiff with an asymmetrical fringe sweeping over one eye above a shaved nape. The visual DNA is muted cashmere solids (powder blue, cream, camel, oxblood) against black, white tapered trousers, visible designer logos worn as status, and a smug, posed, see-and-be-seen coolness staged in front of ice-cream parlors, café awnings, schoolyards, mopeds and disco entrances, captured either as faded warm-cast early-1980s color snapshots or grainy black-and-white press reportage."
Positivity_Kawaii,aes/Positivity_Kawaii/SKILL.md,"Positivity Kawaii (also Wellness Kawaii or Western Kawaii) is a 2010s Western marketing aesthetic built on pastel pink, mint, lavender and cream fields carrying chunky rounded or bubble-letter affirmations, puns, and simple blush-cheeked mascots — cats, unicorns, fruit slices, sushi, teacups, rainbows, smiling clouds — printed across stationery, mugs, socks, plushies and loungewear campaigns. Recognize it by high-key shadowless pastel backdrops, sticker-like sparkles and rainbow arcs, four-panel motivational comic grids, seamless fruit-character repeat patterns, and a wholesome, wellness-flavored wink. It is slogan-forward and commercially graphic, unlike Japanese Kawaii, and playful-modern rather than rustic-saccharine, unlike Live Laugh Love."
Post-Apocalyptic,aes/Post-Apocalyptic/SKILL.md,"Post-Apocalyptic depicts civilization after collapse: ruined city canyons, barren wastelands, looted interiors and reclaimed monuments rendered in earth tones, concrete greys and dull desaturated color under overcast or dust-charged skies. Its signature elements are weathered concrete, rust, dead or overgrown foliage, abandoned and modified vehicles, makeshift survival gear, and absent or tiny human figures; the mood is desolate, survivalist, melancholy. The visual language spans painterly concept-art matte paintings and desaturated documentary-style photography of places like Pripyat."
Post-Grunge_Maximalism,aes/Post-Grunge_Maximalism/SKILL.md,"Post-Grunge Maximalism (Affliction-core, Ed Hardy-core, Rock Revival) is the mid-to-late-2000s fashion and graphic-design aesthetic of tattoo-flash heraldry — skulls, crosses, angel wings, eagles, daggers and blackletter script stacked into dense symmetrical crests on faded black, brown and bone-white tees and baggy premium denim, amplified by foil prints, rhinestones, embroidery and heavy distressing. Recognize it by ornate banner-ribbon crest logos, thick contrasting topstitching on jeans, metallic and splattered print textures, and harsh flash-lit night snapshots of wearers; the mood is hypermasculine rock-and-roll luxury from the MMA, nu-metal and nightclub scenes of the 2000s."
Post-Impressionism,aes/Post-Impressionism/SKILL.md,"Post-Impressionism (France, c. 1886–1905) is the umbrella term for the generation after Impressionism — Cézanne, Van Gogh, Gauguin, Seurat, Signac, Denis, Toulouse-Lautrec — that kept Impressionism's bright color and real-life subjects but rejected its fleeting optical snapshot in favor of structure, outline and symbolic meaning. Recognize it by visible constructive mark-making (pointillist dots, ridged comma-stroke impasto, parallel hatched patches, or flat cloisonnist color planes edged in dark contour), arbitrary symbolic color (red vision-fields, violet shadows, yellow flesh), flattened decorative space, and subjects of rural labor, ritual and religious vision, park and cabaret leisure, still life, portraiture and analyzed landscape."
Post-Punk,aes/Post-Punk/SKILL.md,"Post-Punk is the late-1970s UK/US aesthetic of austere monochrome minimalism — black and grey second-hand tailoring, trench coats, button-up shirts, slim trousers and Dr. Martens, captured in flat flash or overcast analog grain against brick, plaster and concrete. Its visual language fuses working-class ""Eastern Bloc chic"" deadpan with Bauhaus, Dada and German Expressionist geometry (Factory Records-style album art: stark line plots, diagrams, black fields). Recognize it by restrained androgynous silhouettes, a drab black-grey-sepia palette, anti-rockstar candor, and architectural linearity; a late theatrical variant adds black eyeliner, dark lipstick and teased hair as the bridge to Goth."
Poster_Gal,aes/Poster_Gal/SKILL.md,"Poster Gal (a.k.a. Y2K Chibi, deviantARTcore) is the amateur fan-art and flash-photo aesthetic of US teen deviantART culture, c. 2002–2013: heavily stylized chibi figures hybridizing anime with Western cartoons — oversized heads, large feet, connected simplified fingers, fangs, exaggerated expressions — rendered with low-quality airbrush smudge shading, visible pixels and scanned-paper grain. Its palette runs black, Matrix terminal green, cobalt blue, marker red, grape purple and hot pink over paper white; its subjects are era fandoms (The Matrix, Lord of the Rings, InuYasha, Hetalia, pop-punk and nu-metal bands), self-made ID cards, and poster-plastered bedrooms shot with harsh on-camera flash. Recognize it by its constitutive datedness: pixelation, pencil-on-scan texture, handwritten dedications and green monospace captions, and an earnest angst-kawaii mood."
Poverty_Chic,aes/Poverty_Chic/SKILL.md,"Poverty Chic (Homeless Chic, Derelicte, Recession Dressing) is a luxury-fashion aesthetic of artificially destitute dressing — factory-distressed fabric torn to structural failure, mud and oil soiling, trash-bag and duct-tape improvisation, and oversized multi-layer silhouettes in mud brown, faded grey, olive drab and bone. Born from the 1990s commodification of grunge and pushed by Galliano's Dior, Vivienne Westwood and Demna's Balenciaga, it reads as deadpan irony: couture constructed to look scavenged, priced to look obscene. Recognize it by head-to-toe layered incongruity, deliberate filth on expensive garments, one recontextualized ""trash"" object, and theatrical-dim or flat-campaign lighting."
Power_Dressing,aes/Power_Dressing/SKILL.md,"Power Dressing is the late-1970s-to-1980s corporate armor of wide padded shoulders, sharp double-breasted tailoring, pencil skirts and pleated trousers in navy, charcoal, black and grey pinstripe, punctuated by a single bold accent such as scarlet red. It reads like glossy 1980s print advertising — seamless studio backdrops or marble-and-checkerboard status interiors, assertive full-body poses, coiffed voluminous hair, statement gold jewelry, leather gloves and heels — projecting authority, ambition and workplace equality. Recognize it by the inverted-triangle silhouette: shoulders deliberately wider than hips, nipped or belted waist, severe polished grooming."
Prairiecore,aes/Prairiecore/SKILL.md,"Prairiecore is a 1970s-born pastoral aesthetic romanticizing American pioneer life on the grasslands — open prairie horizons, wheat and tall dry grass, horses and cattle behind wooden rail fences, and figures in calico prairie dresses, straw hats, bonnets and parasols. Its palette is light brown, sun-bleached cream and cool meadow green under pale sky blue, lit by hazy golden-hour or soft overcast daylight with a faded analog-film softness. Recognize it by horizontal grassland vistas with small homestead structures on the horizon, ruffled midi-length dresses, wind-moving grain fields, and a mood of free, hard-working, gently eccentric nostalgia."
Pre-Raphaelite,aes/Pre-Raphaelite/SKILL.md,"Victorian English painting style (from 1848) of jewel-toned color — cobalt, ruby, emerald against luminous ivory whites — rendered with botanical precision and crisp, shadowless light. Signature subjects are medieval and Arthurian narrative, biblical and mythological scenes, literary heroines, and idealized women with abundant flowing hair, pale skin and melancholic or languid gazes, set against pattern-saturated grounds of damask, tapestry, roses or river weeds. Reads as enamel-glazed oil paint, hard contours, concealed brushwork, and morally serious, emotionally charged staging."
Preacher's_Daughter,aes/Preacher's_Daughter/SKILL.md,"A 2020s Tumblr-born American aesthetic built from Ethel Cain's album visuals — the hushed domestic world of a Protestant preacher's teenage daughter, photographed like faded 1970s–2000s snapshots. Look for wood-paneled rooms, cream cable-knit sweaters and long skirts, crosses, Bibles and hymnbooks, stained glass, American flags and old pickup trucks, in a palette of wood brown, cream, ghost white and moss green, with a bleak-beautiful undercurrent of religious trauma beneath small-town respectability."
Precisionism,aes/Precisionism/SKILL.md,"Precisionism is the American interwar painting mode (late 1910s to early 1930s) that renders factories, skyscrapers, bridges, water towers, silos and machine parts as immaculate, brushless geometric planes in muted grays, greiges and oxide reds. Its signatures are hard-edged simplified volumes, totally depopulated scenes, banded or wedge-cut skies, crisp flat cast shadows, and a cool desaturated palette punctuated by at most one accent family such as brick red or gold. Recognize it by matte flat planes, cylindrical industrial forms, absence of any human figure, and a silent, monumental, orderly mood."
Preppy,aes/Preppy/SKILL.md,"American Old Money leisure aesthetic born from Ivy League and preparatory-school dress codes (c. 1910s–1950s, Northeastern US): navy blazers with brass buttons, oxford button-downs, madras and khaki chinos, crested cable-knit sweaters, repp ties, boat shoes. Palette splits between New England naturals (navy, khaki, hunter green, burgundy, cream) and Southern Prep saturated contrasts (hot pink, kelly green, turquoise, bright yellow), bridged by pastel summer tones. Sunlit porches, sailboats, tennis courts, manicured lawns, nautical and collegiate motifs, monograms, golden retrievers; mood is cheerful, orderly, effortlessly inherited class."
Preschool_Pop,aes/Preschool_Pop/SKILL.md,"Preschool Pop is the late-1990s/early-2000s children's-media aesthetic of classroom mark-making — crayon and chalk hand-lettering, stick-figure and ""tadpole"" child drawings, oversized alphabet blocks, pencils, teddy bears and school gear set on paper-cream, chalkboard-black, or flat matte primary fields. Its palette anchors on matte red, blue and yellow with orange, green and purple accents, and its surfaces carry wax-crayon grain, felt, clay and paper tooth rather than gloss. Recognize it by wobbly hand-drawn outlines, suns/houses/trees, handprints, and child art applied at architectural scale as murals, banners and storefront supergraphics."
Pridecore,aes/Pridecore/SKILL.md,"Pridecore is a late-2010s Tumblr aesthetic that recolors art, moodboards, pixel graphics and character edits into the exact stripe palettes of LGBTQ+ pride flags — bisexual magenta-purple-blue, transgender pastel blue-pink-white, pansexual pink-yellow-blue, aro/ace greens and greys, and niche custom flags. Its signature outputs are 3×3 moodboard and stimboard grids with a central color-swatch tile, glitter and sparkle overlays, neon signage in flag hues, symmetrical flat-lays of hue-matched objects, and fan-art recolors of characters' hair and clothing. Recognize it by a disciplined multi-hue flag palette applied transformatively to any subject, with a celebratory, identity-declarative mood."
Princecore,aes/Princecore/SKILL.md,"Princecore is a Royalcore micro-aesthetic of youthful, masculine-or-androgynous royalty — heirs, pages and ballet princes in poet shirts, cravats, capes and ceremonial armor, wearing delicate coronets rather than heavy state crowns. Its palette is light-first: ivory, duck-egg blue, gilt gold and silver, puncted by heraldic blue, crimson, violet and garden green, staged in gilded Rococo interiors, ornate arbor gardens and storybook castles. Recognize it by tailored court dress, quills and love letters, mirror-polished (never battle-worn) armor, and a courtly, boyish romanticism seated between Princesscore's gowns and Kingcore's sovereignty."
Princesscore,aes/Princesscore/SKILL.md,"Princesscore is a late-2010s internet aesthetic, mainstreamed by Bridgerton, that romanticizes the princess fantasy through hyper-feminine, period-inspired dress: puff-sleeve and ball gowns, corsets, tulle, lace, tiaras, pearls and opera gloves in pastel pink, cream, white and gold. Recognize it by voluminous romantic silhouettes, opulent delicate fabrics catching candlelight or dappled garden light, courtly and fairy-tale settings (ballrooms, staircases, rose gardens, enchanted woods), and a soft, graceful, escapist mood."
Psychedelia,aes/Psychedelia/SKILL.md,"Psychedelia is the 1960s countercultural aesthetic of altered consciousness, born in the San Francisco and London rock-poster and album-cover scene. It recognizes itself through day-glo complementary color vibration, melting Art Nouveau line, hand-drawn illegible lettering, horror-vacui pattern density, and surreal cosmic iconography such as mandalas, zodiacs, wings and eyes. Typical subjects are concert posters, album sleeves, tie-dye and boldly printed fashion, light-show stages, and distorted or symmetrized portraits."
Psychobilly,aes/Psychobilly/SKILL.md,"Psychobilly is the visual culture of the early-1980s British punk–rockabilly fusion scene: towering quiffs and dyed mohawks, sleeveless leather vests and brothel creepers, 1950s pin-up silhouettes crossed with zombies, skeletons, coffin-shaped double basses and B-movie monsters, all delivered with a campy grin-over-gore wink. Its palette is black and bone white spiked with blood red, hot pink, poison green and electric purple, appearing in flash-lit club snapshots, studio pin-up portraits on flat saturated backdrops, and screen-printed gig posters. Recognize it by the three-way fusion of rockabilly tailoring, punk damage and tongue-in-cheek horror kitsch."
Pulp_Fantasy,aes/Pulp_Fantasy/SKILL.md,"Pulp Fantasy is the 1960s–70s science-fantasy cover-art aesthetic of oil-painted and airbrushed imagery: hyper-muscular heroes, sorceresses and monstrous foes beneath blood-red twin moons, monolithic citadels, primordial jungles and glowing caverns, all lit in dramatic chiaroscuro with lurid red-teal and orange-violet complements. It carries the physical print DNA of cheap pulp magazines, paperbacks, prog-rock album sleeves and cinema one-sheets — distressed bold display typography, sensational taglines, paper grain, smoky atmospheric depth. Recognize it by visceral action, primal mythic stakes and kitsch sincerity rather than by any single subject or framing."
Punk,aes/Punk/SKILL.md,"Punk is the DIY anti-fashion and graphic language of mid-1970s New York and London: thrifted clothing aggressively modified with rips, safety pins, studs and hand-painted slogans, studded leather or denim battle jackets patched into wearable billboards, mohawks, tartan and combat boots, in a palette of black, worn denim/leather naturals and shock red. Its print branch is Xerox-degraded collage — ransom-note cut lettering, stencils, defaced official portraits and flags. Recognize it by visible handmade modification, confrontational snapshot photography, anarchy symbols, and a raw, anti-commercial mood."
Puppycore,aes/Puppycore/SKILL.md,"Puppycore (also Wancore) is a kawaii aesthetic of photo-manipulated puppies and small pets rendered in hazy soft pastels — pink, baby blue, lavender, cream — with digital sparkles, cheek blush, ear bows, and paw/bone/heart motifs, descended from 2000s Japanese stationery and merchandise (San-X, Artlist) and the Heisei Retro nostalgia wave. Recognize it by high-key diffuse light, soft-focus bloom, die-cut photo collages and sticker-sheet layouts on gingham or candy-stripe grounds, bubble-letter or cursive-script pun typography, and printed halftone/scan artifacts. It is the pet-centric facet of Heisei Retro, adjacent to but distinct from Cutecore, Kawaii and Sanriocore."
Puppygirl,aes/Puppygirl/SKILL.md,"Puppygirl is a 2020s internet kemonomimi aesthetic in which a human subject wears dog signifiers — clip-on fluffy or floppy ears, tails, collars with bone tags, leashes, paw-print socks and mitts, kennels and dog beds — layered over an e-girl/alternative wardrobe of pastels, fishnets and oversized knits. It is staged at floor level in carpeted bedrooms and den-like domestic interiors, or rendered as soft anime illustration, in a palette of blush pink, lavender, cream and heather grey anchored by black or punched with turquoise and magenta, carrying a goofy, submissive "":3"" playfulness. Recognize it by the combination of pet-play gear (dog ears + collar + paws/bones) with floor-level domestic staging; it is distinct from Neko (cat signs), Furry (full animal body), and plain E-Girl (no pet signifiers)."
Purism,aes/Purism/SKILL.md,"Purism (Paris, c. 1918–1925, Amédée Ozenfant and Le Corbusier) renders everyday objects — bottles, glasses, pipes, pitchers, guitars, machine parts — as purified, whole geometric types with clean contours, flat matte color and architectonic, stacked compositions. Its palette is subdued and earthy (ochre, brown, gray, olive green, bone white), occasionally anchored by a single saturated ground plane of oxide red or deep green; light is diffuse, modeling curved forms with smooth lathe-like gradations instead of cast shadows. Recognize it by its solemn, anonymous order: recognizable silhouettes, frontal shallow space, machine precision, and total rejection of ornament and expressive brushwork."
Qin_and_Han_Dynasties,aes/Qin_and_Han_Dynasties/SKILL.md,"Imperial Chinese aesthetic of 221 BCE–220 CE built on the cinnabar-red and lacquer-black palette of wuxing color symbolism, with spiraling yunqi cloud scrolls, the four Sishen direction-creatures, and liubo TLV square-in-circle geometry across lacquer, bronze, terracotta, silk brocade and pictorial brick. Typical subjects are burial goods (terracotta soldiers, painted silk banners, lacquer vessels), wadang eaves tiles, bronze mirrors, cross-collared shenyi robes in quju and zhiju cuts, and rank-ordered horse-and-chariot processions in flat narrative registers. Recognize it by coiled S-curve ornament filling circular medallions, central-axis symmetry, and matte clay, patinated bronze and glossy red-black lacquer surfaces."
Qingleng_Feng,aes/Qingleng_Feng/SKILL.md,"Qingleng Feng (""clear-cold style"") is the Chinese Wuxia/Xianxia aesthetic of aloof restraint: a solitary pale figure in matte snow-white or ice-blue hanfu — or minimalist modern commuter wear — framed by falling snow, morning mist, moonlit night or overcast rain. Its palette runs from snow white through silver grey and muted blue to anchoring ink black, with clean draping lines, high collars, plain jade or slim silver, and props such as the straight sword, guqin, scroll or oil-paper umbrella. The mood is calmness, detachment and otherworldly elegance — never warmth, coziness or romance."
Quality_Tumblr,aes/Quality_Tumblr/SKILL.md,"Quality Tumblr is the circa-2012 Tumblr-dashboard aesthetic of hyper-filtered, brighter-than-life product and lifestyle photos made by and for teenage girls: a single mall-brand object (soda can, sphere lip balm, home-button iPhone, Polaroid, John Green paperback) held up to camera against a blurred bedroom, or laid flat on rumpled white sheets. Its palette is neon pastels — bubblegum pink, mint, lilac, baby blue pushed past real-life saturation or blown out to a milky high-key — anchored by pink and punctuated with black galaxy prints, wayfarer frames and dark room backgrounds. Square crops with thin white borders, faceless wrist-and-torso crops, stacked friendship bracelets, fairy-light bokeh and sincere consumer sweetness are its signature grammar."
Queencore,aes/Queencore/SKILL.md,"Queencore is the mature, reigning-monarch branch of Royalcore: jewel-toned regality of thrones, crowns, scepters, brocade ballgowns and palace interiors in dark reds, deep purples, royal blue, emerald, gold, silver and stark black-and-white. Its images carry state-portrait gravity — chiaroscuro candlelight, macro regalia detail, axial throne-room vistas, crowned silhouettes — expressing power, duty and elegance under burden rather than princess romance."
Queercore,aes/Queercore/SKILL.md,"Queercore (homocore / queerpunk) is the visual language of the queer punk subculture that emerged from mid-1980s Toronto zine culture: xerox-degraded black and white, newsprint off-white and hot pink as a political accent, with leather and the pink triangle as core motifs. Its signature artifacts are cut-and-paste photocopy zines, flash-blown snapshots of basement and community-hall shows, pride protest photographs, drag makeup, and bodies used as billboards with marker slogans. Recognize it by deliberate amateurism — photocopy grain, on-camera flash, crowd-pressed bodies, ransom-note typography — fused with explicit, sex-positive queer signage and an anti-respectability stance."
RGB_Gamer,aes/RGB_Gamer/SKILL.md,"RGB Gamer is the late-2010s/2020s aesthetic of the domestic gaming battlestation — matte-black or appliance-white desks, racing-style bucket chairs and tempered-glass PC towers saturated in addressable LED light, dominated by magenta, violet and cyan washes. Signature elements are rainbow case fans, per-key RGB keyboards, geometric light panels, neon wall signs and streaming gear, photographed at night in bedrooms and streamer corners. Recognize it by emissive neon acting as the room's only light source, sleek consumer gaming hardware, and purple-soaked walls."
Racaille,aes/Racaille/SKILL.md,"French banlieue street aesthetic of the 1990s–2000s, still lived today as ""Lacoste TN"" or ""les gars de cité"": black or navy tracksuits, Lacoste caps and bucket hats, Nike TN sneakers over pulled-up white socks, checkerboard or monogram crossbody bags, photographed in flash-lit cité courtyards, stairwells and concrete ledges. Recognize it by monochrome sportswear plus exactly one luxury accent, crew poses on housing-estate architecture, and lo-fi phone-snapshot grading with direct night flash. Distinct from MDLR's drill masks, 92i's glossy luxury-rap flex and Baddie's beige glam."
Racing,aes/Racing/SKILL.md,"The Racing aesthetic (racecore, motorsports) is the visual culture of competitive automobile and motorcycle racing, from 1900s Grands Prix to the modern Formula 1 paddock: rosso-corsa red, black, optic white and metallic silver liveries stacked with sponsor logotypes, checkered flags, branded helmets and quilted Nomex race suits. Signature subjects are aerodynamic machines at speed, pit-lane and paddock glamour, and racewear worn as fashion, rendered in hard daylight or faded warm film. Load this skill for circuits, liveries, race gear, checkered motifs, or motorsport-derived editorial fashion."
Rad_Dog,aes/Rad_Dog/SKILL.md,"Rad Dog (aka Neon Surf / Neon Surf Shack) is a late-1980s to early-1990s surf-skate commercial aesthetic built on hand-drawn tribal zigzag and confetti patterns, paint splatters and ooze blobs in lime, hot pink, electric blue and vibrant yellow stacked over black or cream grounds. Signature carriers are sun-faded caps, bold tees, sneakers, cassette and box-art covers, cartoon sharks and dogs, tiki-Hawaiian kitsch sunbursts, and scribbled multi-colour typography, occasionally extending into neon-lit mall retail interiors. Recognize it by the simultaneous chord of three-plus neons, wobbly ink line work, and all-over pattern density applied to youth-marketed product."
Radical_Design,aes/Radical_Design/SKILL.md,"Italian anti-design movement (1966–c.1972, Florence/Pistoia) of ironic, oversized soft-sculpture furniture — lip sofas, grass-blade seating fields, giant glove chairs, glowing wavy-edged mirrors — rendered in saturated jewel tones, vinyl gloss and plush fur against seamless studio grounds or theatrical colour-plane interiors. Recognise it by biomorphic polyurethane forms, pop-surreal scale shifts, clashing flat colour blocks, manifesto-style playfulness and utopian future-city speculation; it sits between Pop Art's print flatness and Memphis's laminate confetti but is softer, sculptural and politically ironic."
Raggare,aes/Raggare/SKILL.md,"Swedish working-class youth subculture aesthetic, born in the 1950s and still alive today, built around big V8 American cars (or black-painted Volvo stand-ins) used as social stages, greased pompadours, blue denim, leather vests and kitsch Confederate-flag Americana transplanted into Nordic small-town and midsummer settings. Core palette of chrome silver, denim indigo and leather/primer black, punctured by one loud accent — flame orange, magenta paint or flag red — over rust, dust and hand-painted club lettering. Recognizable in candid snapshot-style scenes of groups perched on cruising sedans, gravel-lot car meets, and patched club members posing with beer cans under pale Scandinavian light."
Rainforest_Chic,aes/Rainforest_Chic/SKILL.md,"Rainforest Chic (the 90s Eco-Theme / Radical Nature) is a late-1980s-to-1990s consumer aesthetic of hyper-saturated, airbrushed jungle maximalism — misty waterfalls, split-level marine ecologies, neon macaws and morpho butterflies, carved-log typography and zigzag ""global tribal"" bands over midnight indigo, canopy green and sunset orange. Recognize it by its earnest save-the-rainforest didacticism, laminated gloss and wet, horror-vacui foliage density on posters, VHS boxes, product packaging, album art and themed retail interiors."
Rave,aes/Rave/SKILL.md,"Rave is the lived aesthetic of electronic dance parties from the late 1980s onward — neon and fluorescent colour burning against black, fog-cut laser beams and strobes, baggy phat pants, bucket hats, round sunglasses, pacifiers, glowsticks and kandi beads, smiley-face acid house emblems and DIY info-line flyers. Typical subjects are euphoric crowds and costumed dancers in warehouses, hangars, squats and open fields, captured as grainy on-camera-flash snapshots or long-exposure light trails, with a strictly all-black Berlin techno counter-pole. Load this skill for dance-party culture, light-show interiors, kandi/PLUR accessories, 1990s clubwear, and flyer or poster graphics in the acid-house-to-festival lineage."
Raw_Industrial,aes/Raw_Industrial/SKILL.md,"Raw Industrial (also Industrial Style or Industrial Chic) is the loft-interior aesthetic of the late 2000s–2010s that treats the bones of converted factories as the decoration: exposed brick, bare concrete, black steel pipes and beams, weathered wood, and metal factory lighting inside open warehouse volumes. Its palette is neutral — grays, browns, blacks and metallic tones — with color arriving only through focal furniture, textiles and plants. Recognize it by unfinished structural surfaces left visible, open shelving and metal racks, reclaimed-wood islands and large sectionals zoning open plans, and Edison bulbs or metal dome pendants hanging from high ceilings."
Raxet,aes/Raxet/SKILL.md,"Raxet is a late-2010s Spanish trap-fashion aesthetic that reclaims choni street style through bold maximal accessories and bootleg-luxury glamour. Look for tracksuits styled with elegant or provocative pieces, XL gold hoop earrings, fanny packs, fishnet, faux fur, platform shoes, high hair, and elaborate embellished nails. Its palette centers black and gold with bright saturated accents and animal prints."
Raygun_Gothic,aes/Raygun_Gothic/SKILL.md,"Raygun Gothic is the optimistic American retrofuturism of circa 1945–1970 — pulp-comic space adventure in saturated primaries, chrome and neon: finned rockets, bubble-canopy flying saucers, starburst atom graphics, helpful robots, and diner-chrome utopias projected onto alien planets and moon cities. Recognize it by bright comic-book color, streamlined chrome machines with aircraft fins and bubble glass, glowing energy beams, period poster lettering, and wholesome heroic optimism; it is the light-hearted cousin of Atompunk and the narrative, science-fiction extension of Googie architecture."
Realism,aes/Realism/SKILL.md,"Mid-19th-century French movement (Courbet, Millet, Daumier, Manet) that paints ordinary modern life — field laborers, workshop and domestic interiors, plain nudes, unromanticized fields and forests — in earthy umber, ochre, moss-green and linen-white under faithful natural light. Signature traits: monumental seriousness given to mundane subjects, solid modeled bodies absorbed in work, matte oil surfaces with disciplined brushwork, and a complete absence of idealization, allegory or Romantic drama. Recognize by the somber earth palette, the dignity of laboring hands, and light that behaves like weather rather than theater."
Recession_Pop,aes/Recession_Pop/SKILL.md,"Recession Pop (Electropop 08) is the maximalist club-pop aesthetic of 2008–2013: vibrant neon magenta, electric blue and lime green fired against black and mirror chrome, excessive glitter, asymmetrical haircuts and graphics, shutter shades and sci-fi visor sunglasses, deliberate lens flare and packed party scenes. Recognize it by glossy hyper-produced flash or strobe lighting, faceted futuristic garments, color-blocked neon sets and bold geometric sans typography; it packages hedonistic, relentlessly optimistic escapism from the Great Recession."
Regencycore,aes/Regencycore/SKILL.md,"Regencycore is a 2020s fantasy-fashion aesthetic that reimagines British Regency dress (early 1800s) through a glossy, deliberately anachronistic lens: empire-waist gowns with puffed cap sleeves and low square or sweetheart necklines, in white and candy pastels, embellished with glitter, gemstone appliqués and floral brocade far beyond period accuracy. Typical subjects are social-season tableaux — garden parties, drawing-room teas, candlelit tables, promenades, ensemble casts on neoclassical steps — plus runway and street-style interpretations of the same silhouette, all shaped by the heightened look of Bridgerton. Recognize it by the under-bust waistline, sheer ruffled organza overlays, pearls, long gloves and feather hair ornaments, and a saturated pastel palette that reads confection rather than museum."
Reggae,aes/Reggae/SKILL.md,"Reggae is the visual culture of Jamaican roots music from the late 1960s onward — the Rastafari tricolor of red, gold and green anchored in black, deployed as flag bands, gradients and sunbursts behind stencil or silhouette portraits, dreadlocked figures in knitted tams, peace signs, Lions of Judah, ganja leaves and maps of Africa. Posters, murals and record sleeves carry bold hand-painted or distressed lettering on worn paper, canvas and sun-faded walls, alongside handmade bead, wood and leather accessories. Recognize it by saturated flag-bright color plus black, embodied Rasta dress, and a laid-back but defiant mood of peace, love and resistance."
Reggaetonero,aes/Reggaetonero/SKILL.md,"Visual culture of the mid-2000s Latin Caribbean reggaeton subculture (roots in the late-1990s Puerto Rican and Panamanian underground): high-contrast black-and-white streetwear loaded with gold and silver-platinum chains, diamond-set watches, baseball caps and designer sunglasses worn indoors. Signature subjects are shaved-head or short-tufted men in jerseys, baggy denim or suits over bare chests posed in confrontational crew clusters, women in tight fitted party wear, perreo couples, and club, beach and money-flex scenes. The mood is loud flexing, eroticism and street authenticity — studio promo gloss laid over barrio grit."
Renaissance_Revival,aes/Renaissance_Revival/SKILL.md,"Renaissance Revival is a 1990s reinterpretation of Renaissance, medieval and Elizabethan imagery — corsets, bodices, Elizabethan ruffs and long dresses photographed through a soft sepia veil of gold, brown and black. Signature elements are parchment grain and sepia filters, arched niches and illuminated-manuscript borders, renaissance script typography, candlelit amber glow, and backlit fairy wings. Typical subjects are solitary costumed women, winged fairies, manuscript pages, oracle-card borders and period-drama film stills."
Renovador_Movement,aes/Renovador_Movement/SKILL.md,"Galician avant-garde of the 1920s–1930s (Os Renovadores / Movemento Renovador) — regional subjects such as Atlantic coasts, rías, peasants, fisherfolk, gaiteiros, romarías and intellectual portraits, rendered with borrowed Cubist plane-simplification, Expressionist texture and Surrealist dream-logic, plus ink-line graphic satire (retranca) and stone-carved, Celtic-flavoured ""Gallaecia"" lettering on posters, mastheads and book covers. Palette of granite grey, earth ochre, Atlantic teal, parchment paper and vermilion accents; dignified working figures, religious symbols repurposed for civic meaning, polychrome sculpture and architectural murals."
Retro_Gamer,aes/Retro_Gamer/SKILL.md,"Retro Gamer is the nostalgia aesthetic of physical video-game culture from the 1980s–2000s: grey-and-black consoles, chunky multi-pronged controllers, CRT televisions, cartridge shells, arcade cabinets and densely packed collector rooms. Its palette anchors in machine grey, black and beige carpet, punctured by pea-green Game Boy glow, pastel handheld candy colors and neon marquee magenta-cyan emitted by the machines themselves. Mood is comfort, contentment and euphoric nostalgia — lived-in cable tangles and glowing screens, never pristine modern product gloss."
Retrofuturism,aes/Retrofuturism/SKILL.md,"Retrofuturism visualizes the future as imagined from a past era — an 1890s chromolithograph of a video-call boudoir, a 1930s sepia print of ziggurat skyscrapers, a 1950s–60s chrome-and-pastel rocket lounge, a porthole-studded pod house, a dial-and-vacuum-tube computer. Its DNA is the friction between two layers: a period style layer (lithograph stipple, halftone newsprint, etching hatch, Art Deco chrome, molded Space Age plastic) and a speculative machine layer (flying trains, finned rayguns, clunky robots, domed megastructures, ""advanced"" versions of obsolete technology). Palette ranges from sepia ink and lithographic pastels to atomic-age teal, coral and chrome; mood swings from naïve utopian wonder to ironic nostalgia for a future that never arrived."
Riot_Grrrl,aes/Riot_Grrrl/SKILL.md,"Early-1990s feminist punk DIY aesthetic from Olympia, Washington and Washington D.C., built on photocopied zine collage — handwritten manifestos, typewritten blocks and cut-out ransom letters in black, ivory, hot pink and protest red, with tape, smudges and scissor lines left visible. Signature elements include defaced mass-media cutouts, slogans reclaimed on skin and clothing, babydoll dresses over combat boots, smudged eyeliner and smeared lipstick, and flash-lit snapshots of female-fronted bands in small venues. Recognize it by paper-as-battleground composition, monochrome-plus-one-hot-accent color, and agitational first-person text."
Rivethead,aes/Rivethead/SKILL.md,"Rivethead is the utilitarian dress code of the late-1980s/90s EBM and electro-industrial club scene — military surplus, factory workwear, combat boots, goggles and gas masks, hardware-store jewelry, locked into a monochrome of black, charcoal, olive drab, grey and rusted steel. It is recognized by its documentary register (grainy club photos, band press shots, magazine scans) and by silhouettes that read as soldier or assembly-line worker rather than vampire or rave dancer. Load this skill when identifying or generating industrial-music subculture fashion, EBM club nights, or post-industrial dystopian utility wear."
Roadman,aes/Roadman/SKILL.md,"Roadman is the mid-2010s London youth-subculture aesthetic: a monochrome black-grey-white streetwear uniform of glossy black puffed jackets, tech-fleece hoodies and joggers, black balaclavas or masks, diagonal crossbody belly-bag straps and clean white sneakers, shot in harsh phone-flash night snapshots on UK estates, in open car doorways and in face-hiding mirror selfies. Recognise it by concealed or deadpan faces, crew clusters against brick-and-concrete street vernacular, drill/grime adjacency and lo-fi vertical phone framing; in US circulation it appears as ""Nike Tech""."
Roaring_Twenties,aes/Roaring_Twenties/SKILL.md,"The visual culture of the 1920s Jazz Age — flapper silhouettes (cloche hats, bobbed hair, beaded drop-waist dresses at knee hem), Art Deco geometry, and machine-age emblems like cabinet radios and early automobiles, staged in cabarets, ballrooms and city canyons. Palette runs from silver-gelatin monochrome and sepia to black lacquer loaded with gold, silver and deep jewel tones (emerald, sapphire, ruby), plus flat vermilion-and-midnight poster graphics. Look for kick lines, balloons and streamers mid-air, brass jazz bands, stiff-collared tuxedos and kinetically posed women rather than static formal portraiture."
Robotcore,aes/Robotcore/SKILL.md,"Robotcore (aka Codingcore, AI.core, Androidcore) is an underground internet aesthetic of machine sentience: androids, robotsonas and anthropomorphized AI rendered in a cool monochrome world of blues, cyans, teals and violet tints over black voids, lit from within by neon signs, holograms and glowing circuit traces. Its signature elements are circuit boards and exposed robot parts, lines of code and terminal text treated as poetry, machined hardware macro studies, futuristic machine cities, and glitch/CRT screen artifacts. Recognize it by its cold emissive lighting, chrome-and-porcelain machine bodies, declarative machine-identity typography, and its mood of yearning identification with the robot rather than fear of it."
Rockabilly,aes/Rockabilly/SKILL.md,"Rockabilly is the visual language of 1950s American rock 'n' roll and its revival subculture: a cherry-red, jet-black and cream palette seasoned with bright pastels, laid over polka dots, checkerboard tile and leopard print, staged among vintage cars, gas pumps, diners, jukeboxes and barber poles. Its figures are rockabellas with victory rolls or Bettie bangs, winged liner and deep red lips, and pompadoured rockabillys in white tees, cuffed jeans and leather — both proudly tattooed, posed in pin-up body language. It reads as exaggerated, sun-saturated 1950s Americana with a deliberate alternative edge, never as wholesome preppy retro."
Rocketpunk,aes/Rocketpunk/SKILL.md,"Rocketpunk is the retro-futuristic and hard-science-fiction aesthetic of spaceflight, spanning 1950s Space Age pulp to modern ""NASApunk"" realism: vehicles assembled from legible engineering parts — cylindrical and spherical tanks, truss spines, flat radiator and solar-panel wings, torus centrifuges, cone-and-fin rockets descended from the V-2 — set against void black or a planetary limb. Its palette is matte hull white, bare aluminum, ochre and rust panel accents over black space and Earth blue, lit by a single hard sun or by floodlit night launch pads. Recognize it by dedicated propulsion-and-payload sections, checkerboard bands, circular portholes, nixie-tube consoles, and a competent, documentary optimism about human expansion into space."
Rockstar_GF,aes/Rockstar_GF/SKILL.md,"Lo-fi, flash-lit snapshot aesthetic emulating the girlfriends of rock musicians from the 1970s through the early 2000s — long leather jackets and shaggy fur coats over slip dresses, fishnets and flare pants, set in a black-white-red palette with silver glints. Grainy backstage corridors, dive bars, car windows and night stairwells filled with cigarettes, band tees, cross jewelry and guitars, mixing grunge grit with romantic femininity. Recognize it by harsh on-camera flash or tungsten bar light, crushed blacks, lived-in mess, and a single saturated red accent against monochrome surroundings."
Rococo,aes/Rococo/SKILL.md,"Rococo is the ornamental style of Louis XV's France (Paris, 1720s–1760s): pastel fields of powder blue, rose, mint, cream and lavender charged with ivory stucco and gold leaf, structured by asymmetrical C- and S-scrolls, rocaille shellwork, acanthus, garlands, putti and mascarons. Its subjects are intimate pleasure — fêtes galantes, courtship, pastoral idylls, mythological love, powdered-wig portraiture, porcelain figures and mirrored salon interiors — rendered in hazy light at domestic rather than monumental scale. Load this skill to recognize or generate 18th-century French-derived courtly ornament, pastel boiserie rooms, scroll-driven decorative design, Sèvres/Meissen porcelain, and period fashion with panniers, ribbons and lace."
Rococopunk,aes/Rococopunk/SKILL.md,"Early-2010s DIY costuming aesthetic fusing 18th-century Rococo opulence — powdered wigs, corseted court silhouettes, frills, lace, pastel brocade — with punk rebellion: mohawks and feather crests, studs, clownish rouge, anachronistic denim and sneakers. Palette runs powder pink, mint and ivory against fuchsia, turquoise and brocade gold, captured as flash-lit party snapshots, warm stage tableaux, or crowded baroque-group portraits. Recognize it by handmade excess, camp aristocratic parody, and the deliberate clash of courtly silhouette with anti-authoritarian garnish."
Rokku,aes/Rokku/SKILL.md,"Rokku (Rock Gal / Rokku Gal) is a mid-to-late 2000s Japanese gyaru substyle that fuses goth, punk and visual kei into a black-grounded street coordinate: pale luminous skin, heavy smoky circle-lens eyes, bleached or dyed teased hair, studded faux leather, chains, skulls, crosses, red-black plaid, leopard print, ripped denim and ruffled mini skirts over platform or combat boots. It lives in flash-lit blog snapshots, brand-shop snaps and gyaru magazine scans, often finished with hand-drawn deco overlays, and it deliberately rejects the classic gyaru tan in favour of rebellious, cute-aggressive darkness."
Rolinga,aes/Rolinga/SKILL.md,"Rolinga (""Stone"") is the working-class Argentine rock subculture of the late 1980s–1990s built on devotion to The Rolling Stones — shaggy mullet with thick straight fringe (flequillo), tongue-and-lips and band t-shirts, flared torn jeans, frayed neck scarf, choker, worn platform sneakers. Its palette is denim blue, black, off-white cotton and logo red, captured as amateur snapshots against brick barrio walls, curbs and concert pits. Recognize it by loud logo allegiance, androgynous long-fringe hair and barrio-football authenticity, not by grunge flannel, bohemian craft or cumbia sportswear."
Romantic_Academia,aes/Romantic_Academia/SKILL.md,"Romantic Academia (aka Coquette Academia) is a 2010s literary aesthetic that fuses the cream-and-tan daylight classicism of Light Academia with the visual language of romantic love: kiss-marked pages, embracing couples, lace blouses, pearls, pressed roses, ornate vanity mirrors and handwritten letters. Recognize it by an ivory-blush-gold palette warmed by dappled or window-pane sunlight, film-grain softness, aged paper and antique remnants (lockets, frescoes, Greek busts, vintage photographs), all arranged around reading, writing and tenderness."
Romantic_Goth,aes/Romantic_Goth/SKILL.md,"Romantic Goth is the 1990s goth substyle that dresses 19th-century Romantic melancholy in flowing velvet, lace and corsetry — a black ground lit by deep jewel tones (burgundy, forest green, sapphire), ivory and silver. Signature elements are flowing gowns and poet shirts, lace chokers and dark-stoned jewellery, moonlit graveyards, ruined castles, black roses, candelabras and ravens, all carried by soft silhouettes and dark dramatic elegance rather than strict period recreation. Typical subjects are solitary mourners, lovers, allegorical angels and faeries, candlelit interiors and night gardens, appearing across fashion photography, digital painting and figurine work."
Romantic_Italian,aes/Romantic_Italian/SKILL.md,"Romantic Italian is a sun-faded, pastel-and-neutral aesthetic that romanticizes Italy's cities, countryside and classical art heritage — white marble sculpture, blush stucco facades, Venetian canals, citrus and fig still lifes, linen and silk fashion — all bathed in soft Mediterranean summer light. Recognize it by dusty rose/cream palettes, Classical and Renaissance art markers (busts, cast galleries, domes, ruins), quiet leisure-class props (straw baskets, wine, scarves, gondolas), and romance implied obliquely through shadows, embracing statues or turned-away figures. It separates from Pink Parisian by its Italian regional anchors and Classicism, and from Cottagecore by its Mediterranean grandeur and haute-couture fashion."
Romanticism,aes/Romanticism/SKILL.md,"European movement of c. 1790–1850 whose visual art paints the sublime — untamed nature, storms, mists, mountains, ruins and shipwrecks — through dynamic compositions, heightened atmospheric color and expressive, visibly worked paint, from molten Turnerian gold to Friedrich's cold grey-blues. Tiny or solitary figures dwarfed by vast landscape, nocturnes, ghostly apparitions, revolution and execution scenes, medieval ruins and Byronic heroes carry its core emotions of awe, terror and melancholy."
Route_66,aes/Route_66/SKILL.md,"Mid-century American roadside kitsch of the 1950s–60s Mother Road — garish neon signage, Googie and programmatic mimetic architecture, giant fiberglass statues and teepee motels set against the vast dusty Southwest plain. The palette juxtaposes dusty earth browns and rust reds with neon turquoise, hot pink, chrome silver and pastel mint/pink, lit either by harsh noon sun or by neon against black desert night. Use for roadside Americana, autotourism nostalgia, linen-postcard graphics, and desert-highway kitsch."
Royalcore,aes/Royalcore/SKILL.md,"Royalcore romanticizes Western European court life of the Baroque, Rococo and Regency eras through ball gowns, corsets, opera gloves, tiaras, pearl jewelry, gilded palace interiors and elaborate tea sets. Its palette runs from porcelain cream, blush pink, powder blue and sage with gold-leaf accents to a candlelit register of royal blue, emerald and deep red velvet. Recognize it by structured historical silhouettes, maximalist gilded ornament, regalia still lifes, and soft painterly or amber candlelight staging."
Russian_2K17,aes/Russian_2K17/SKILL.md,"Russian 2K17 (""Vernite Moy 2017 / Bring Back My 2017"") is a 2016–2018 VK-born teen aesthetic of post-Soviet urban everyday life: grainy, compressed cheap-phone snapshots of panel-block yards, podyezd entrance halls, rooftops and teenage bedrooms, lit by sodium-yellow streetlight against cold blue shadow or raspberry-magenta dusk skies. Signature elements are worn-in Thrasher/Adidas/Vans streetwear, hidden or averted faces, garland-lit rooms with Soviet wall carpets, and sincere-yet-self-aware Cyrillic caption and lyric overlays. Recognize it by low-res flash photography texture, post-Soviet residential scenery, and a melancholy filtered through post-irony."
Rustic,aes/Rustic/SKILL.md,"Rustic is a romanticized rural-labor aesthetic built on unfinished wood, fieldstone, brick and organic materials in a browns-and-reds earth palette, openly embracing the grit, rust, soot and wear of farm life. Its signature subjects are farmhouses, barns and cabins, hearths and cast-iron stoves, old or rusty tools, taxidermy, farm animals, stacked firewood and hay, and wide rural landscapes lit by firelight, lamplight or low golden sun. Load this skill when imagery or prompts feature weathered timber vernacular architecture, harvest fields, workwear-coded warmth, or lived-in clutter rather than polished, pastel or minimalist interiors."
Sad_Beige,aes/Sad_Beige/SKILL.md,"Sad Beige is a 2020s domestic-and-wardrobe microtrend of near-total colorlessness: nurseries, living rooms, toys and clothing rendered in beige, cream, oat, taupe and blond wood, with matte linen, bouclé, rattan, crochet and sheepskin textures under soft diffused daylight. Signature elements are uncluttered minimalist rooms, muted children's goods (cloud-shaped rugs, geometric star cushions, spray-muted play trees), dried pampas, fairy lights and ribbed vases, inhabited by millennial parents and toddlers in neutral knits. Recognize it by its drained palette, serene under-furnished emptiness and faintly satirical calm; it lacks Clean Girl's grooming gloss, Boujee's gold-and-marble shine and Light Academia's scholarly browns."
Sadboi,aes/Sadboi/SKILL.md,"Sadboi is the early-2010s Tumblr/SoundCloud aesthetic of performed male melancholy: lo-fi degraded photography and anime edits (VHS tracking, pixelation, chromatic aberration), monochrome streetwear and bucket hats, wilted roses, Japanese lettering and frown emoticons over near-black grid backgrounds. Its palette is desaturated blue-purple and grey-black punctured by a single saturated accent (rose red, neon glitch fringe), and faces are routinely hidden by hands, black censor bars or scribbles. Recognize it when depressive one-liners, broken-heart emojis and eye-censoring collide with streetwear, ironic consumer-brand appropriation (Arizona Iced Tea, Fiji Water) or Bart Simpson edits."
Sadgirl,aes/Sadgirl/SKILL.md,"Sadgirl is a 2010s Tumblr feminine-melancholy aesthetic built from desaturated black, gray, and dull blue lo-fi imagery, VHS grain, rain, smeared mascara, cigarettes, and introspective or self-deprecating text. Its signature subjects are isolated feminine figures, tragic literary archetypes, bedroom interiors, and small symbols of self-destruction, treated as poetic rather than polished. Use this skill for images that should feel vulnerable, low-fidelity, and romantically sad without becoming glossy, cute, or explicitly harmful."
Safari_Chic,aes/Safari_Chic/SKILL.md,"Safari Chic is the ""elegant adventurer"" fashion aesthetic — khaki, beige and camel cotton/linen safari jackets (the saharienne) with four bellows pockets and belted waists, Bermuda shorts, wide-brim sun hats, leather straps and animal-print accents, codified by Yves Saint Laurent in 1967–68 from British colonial khaki-drill expedition wear. Recognize it by monochrome earth-tone ensembles, utility pocketing, straw and leather accessories, and warm savanna, canvas-tent or soft studio settings in golden or diffused light."
Sandalpunk,aes/Sandalpunk/SKILL.md,"Sandalpunk (also Bronzepunk) is a retro-futurist antiquity aesthetic: Greco-Roman marble architecture, crested bronze armor and colonnaded halls fused with hand-crafted impossible technology — gear-driven automata, Antikythera-style dial mechanisms, watermill dynamos, fan- and sail-rigged flying barges. Its palette is white marble, gold/bronze, metal gray and Aegean blue, lit by Mediterranean sunshafts or forge-dark chiaroscuro. Typical subjects are armored hoplites and legionaries with machined details, sunlit marble interiors, colossal bronze automatons, and processional Roman monumentalism."
Scandi_Girl_Winter,aes/Scandi_Girl_Winter/SKILL.md,"Late-2010s Scandinavian winter fashion microtrend (peaked 2022–23) built on warm-neutral layering — off-white, oatmeal, camel, heather grey — in chunky cable knits, slouchy turtlenecks, oversized puffers and shearling coats, wide-leg trousers, thick wool scarves, fuzzy earmuffs and giant totes. Shot as candid, overcast street-style snapshots in snowy Nordic cities or soft window-lit interiors, with hygge-derived coziness, practical comfort and small playful pops of powder blue, moss or mint over a minimalist base. Recognize by bulky natural-fiber layering, snow or slush underfoot, stone and stucco facades, and an unposed, scarf-bundled ease."
Scandinavian_Design,aes/Scandinavian_Design/SKILL.md,"Nordic design movement popularized in the 1950s, defined by functional clean-lined furniture in light woods, pale neutral envelopes of white, beige and gray, and rooms flooded with daylight from bare or sheer-dressed windows. Signature elements include organic biomorphic forms (bent-plywood shells, wishbone- and egg-type silhouettes, wavy-edged glass vases), warm low lamplight and candles, sparse curated decor of plants, ceramics and simple-patterned linen/wool textiles, plus a documented dark variant of charcoal walls warmed by sheepskin and brass glow. Typical subjects are airy interiors, standalone furniture and glassware object shots, bold two-color folk-botanical textile prints, and white sculptural modernist architecture."
Scene,aes/Scene/SKILL.md,"Scene is the mid-2000s to early-2010s US youth-subculture aesthetic born from emo and hardcore punk on MySpace: solid black clothing punched with hot pink, electric blue and lime neon, heavily teased straightened hair with side-swept fringes and ""raccoon tail"" streaks, thick raccoon eyeliner, skinny jeans, band tees, studded belts and checkerboard or animal-print accents. Recognize it by lo-fi snapshot flash photography, glitter-and-splatter MySpace/Blingee graphics, chibi big-eyed cartoon avatars with sketchy line art, and playful ""rawr"" kitsch (Hello Kitty, skulls, hearts, bows) over an androgynous, party-optimistic mood."
Scene_Tween,aes/Scene_Tween/SKILL.md,"Scene Tween is the early-2010s tween merchandise aesthetic that repackaged the teen Scene subculture for children: neon rainbow animal prints (leopard spots, zebra and tiger stripes) laid over black or white grounds, saturated hot pink, lime green, electric blue and violet, heavy glitter, peace signs, hearts and friendship slogans. Signature subjects are oversized glitter-eyed plush toys, robotic pet toys, backpacks, folders, craft kits, sneakers, color-blocked tween bedrooms and sassy cartoon character promos in the Justice / Claire's / Lisa Frank orbit. Recognize it by pattern-on-pattern maximalism, rainbow-dyed (never naturalistic) animal print, and a cheerful ""diva/sassy"" positivity that sanitizes Scene's edge into kid-friendly sparkle."
Scenecore,aes/Scenecore/SKILL.md,"Scenecore (aka Colorpuke) is an early-2020s internet aesthetic and hyperpop offshoot that revives 2000s Scene-kid culture as a maximalist digital pastiche: rainbow checkerboard fields, Blingee/PicMix glitter graphics, stacked kandi bead bracelets, and full-spectrum neon on black, populated by mascots like GIR, Hello Kitty, Hatsune Miku and Nyan Cat. Recognize it by horror-vacui collage layouts, flash-lit outfit snaps with split-dye hair, platform boots and tutu-over-skinny-jeans layering, pixel-glitch seasoning, and an unironic ""cringe culture is dead"" exuberance."
Seapunk,aes/Seapunk/SKILL.md,"Seapunk is a 2011 Tumblr/Twitter-born internet aesthetic that fuses aquatic fantasy with 1990s cyberculture — early-3D CGI dolphins, pyramids, palm trees and mirror-flat water planes rendered in aquamarine, cyan, turquoise, seafoam, lilac and pastel pink. Recognize it by its utopian glossy sheen over low-poly chrome shaders, dithered gradient skies, yin-yang and smiley iconography, GIF-loop rotating geometry, and rave-surfer fashion in dyed turquoise hair and transparent plastic. Use for oceanic Y2K-net nostalgia, aquatic digital collage, or 90s-CGI-flavored tropical scenes."
Seiz_Breur,aes/Seiz_Breur/SKILL.md,"Seiz Breur is the Breton modernist-revival style of 1923–1947: high-contrast woodcut and wood-engraving graphics in black on cream paper, lifted by at most one or two muted spot inks (ochre gold, brick red, sage green), with hand-carved blocky Breton-language lettering. Its signature elements are Celtic emblematics — triskelion, ermine spots, spirals, saw-tooth borders, knotwork — and linear sacred light: radiating white or gold rays around saints, folk heroes, open books and gnarled trees. Typical subjects are Breton peasants and sailors in coiffes and embroidered vests, pardons and pilgrimages, marine life, forests, and typographic slogan posters, all rendered as flat cut planes crossed by white gouge lines."
Sextrance,aes/Sextrance/SKILL.md,"Sextrance is the 2020s SoundCloud hard-trance microgenre's visual language: deliberately corrupted 2000s–2010s digital nostalgia built from low-poly racing/rhythm/FPS game imagery, anime stills, trading-card frames, jewel cases and figure-box scans, all run through bitcrush, datamosh and JPEG-scale compression. Its palette is purple, black, electric blue, hot pink and white shot through with holographic, color-shifting CD-foil iridescence. Recognize it by chaotic collage layering, vertical Japanese game-menu text, pixel or chrome graffiti logotypes, game HUD fragments, and either neon-on-black glow or blown-out scanner white."
Shabby_Chic,aes/Shabby_Chic/SKILL.md,"Shabby Chic is the 1980s interior aesthetic codified by Rachel Ashwell, built on furniture and fabric that look lovingly worn — chipped white-painted wood, rose-sprig chintz, lace and ruffled slipcovers under a crystal chandelier. Its palette is sun-faded cream, blush pink, sage and sky blue; its mood romantic, feminine, comfortably nostalgic. Recognize it by distressed painted furniture, small-scale rose florals, skirted and ruffled textiles, pearl-and-crochet trinket layering, and high-key diffused light over matte, aged surfaces."
Shamate,aes/Shamate/SKILL.md,"Shamate is the Chinese migrant-worker subculture of the late 2000s–early 2010s whose visual signature is enormous spray-dyed spike hair — crimson, gold, electric blue, violet, platinum — towering over pale, foundation-lightened faces rimmed with black eyeliner. Cheap bright streetwear, studded dog collars and chains, group snapshots in grey industrial plazas, and hyper-saturated QQ-album photo editing (glow, lens flares, stickers, decorative borders) complete the look. Recognize it by the hair-first silhouette: backcombed radial volume that dominates the frame while clothing and setting stay deliberately mundane."
Sharpies,aes/Sharpies/SKILL.md,"Australian working-class youth-gang aesthetic of 1960s–1970s Melbourne — ultra-tight striped ""Conny"" cardigans worn several sizes too small, high-waisted flared jeans, mullets, platform shoes, homemade tattoos and pierced ears, captured in faded amateur snapshots on brick-veneer streets, train trains and town-hall dance floors. Palette of denim indigo, oxblood red, mustard and black knit against sun-bleached concrete; mood of territorial, peacock working-class bravado. Recognize it by the constricted knit-over-flare silhouette and the suburban Australian snapshot finish."
Shenxian-fu,aes/Shenxian-fu/SKILL.md,"Shenxian-fu (""immortal garb"") is a 2020s Chinese Han-yuansu fashion aesthetic that dresses women as the female Taoist xian of ancestral imagination, built on Wei-Jin-derived layered ruqun silhouettes in cinnabar red contrasted against turquoise and malachite blue-green on ivory silk. Its signatures are draping looped ribbons and wide sleeves, skirts with hanging sash tails (zaju chuishao fu), half-arm jackets with pleated facing (banbi), embroidered waist-hung panels (bixi), and high coiled topknots or gold crowns, rendered either as mineral pigment on aged silk and mural gold or as saturated modern reconstruction photography. Typical subjects are solitary nymphs, moon goddesses and celestial court dancers posed in temple corridors, gardens, mist sets or plain studio backdrops."
Shibuya-Kei,aes/Shibuya-Kei/SKILL.md,"Shibuya-kei is the sleeve-design and fashion aesthetic of the mid-to-late 1990s Shibuya, Tokyo pop scene: flat, saturated print colors (tangerine, mustard, lime, magenta, cyan) on cream and jet black, bold black-and-white Op Art patterns such as polka dots, tartan and concentric circles, and a cut-and-paste quotation of 1960s Mod, French yé-yé and Space Age kitsch. Expect bob-haired figures in mini-skirts and tailored suits, silkscreen duotones and Warhol-style repetition grids, lowercase geometric sans-serif type with catalog-number microtype, and clean modernist layouts on square album sleeves. The mood is chic, witty, nostalgic and cosmopolitan — consumerism practiced as curation."
Shibuya_Punk,aes/Shibuya_Punk/SKILL.md,"Shibuya Punk (aka Grind Fiction / Animemo) is an early-2000s Japanese urban aesthetic born from Jet Set Radio-era game art direction: cel-shaded rendering, graffiti-layered Shibuya/Shinjuku cityscapes, baggy Y2K streetwear, and clashing high-saturation palettes of lime green, hot pink, orange and electric blue. Signature elements include inline skates and grind rails, spray tags and kanji sticker graphics, chain-link fences and stacked neon signage, and angular characters frozen in kinetic mid-grind poses. Recognize it by flat toon-shaded color planes with hard-edged shadow shapes over dense neon city grit and defiant street-crew energy."
Shoe_Diva,aes/Shoe_Diva/SKILL.md,"Shoe Diva (aka Pink Parisian Chic) is a late-1990s-through-2000s commercial illustration aesthetic built on thin, loopy, sketchy pen linework over flat candy fills of pink, yellow, lavender, mint and periwinkle, depicting elongated fashionable women with stiletto pumps, luxury shopping bags, cosmopolitans and Eiffel-Tower Parisiana. Recognize it by its hand-drawn wobble, fashion-croquis proportions, confetti-scattered fetish objects on flat pastel or paper-white grounds, and script-plus-serif typography with crowns and sparkles; it lives on chick-lit book covers, cosmetics branding, logos, murals and apparel prints."
Signalism,aes/Signalism/SKILL.md,"Signalism is the Yugoslav neo-avant-garde of the late 1960s–1970s (Novi Sad, around Miroljub Todorović and the journal Signal), which treats language itself as raw material: visual poetry, mathematical formulas, punctuation glyphs, arrows and machine diagrams collaged in xerox-halftone black and white with a single saturated red accent. Expect serially repeated modules, dense ""text labyrinths,"" found engraving and newsprint specimens, rubber-stamp red gears and symbols, and flat scanned-page lighting. Load this skill to recognize or generate work that reads as a scientific diagram of poetry rather than a painting, a poster, or a clean modernist layout."
Signalwave,aes/Signalwave/SKILL.md,"Signalwave (Broken Transmission) is the visual arm of the early-2010s vaporwave subgenre built from VHS-recorded television: degraded screencaps of 1980s–90s broadcasts — weather maps, news desks, station idents and sign-off slides, commercial sets — softened by tape grain, chroma bleed and lifted purple-indigo blacks. Recognize it by mundane institutional broadcast content frozen mid-transmission, dusty teal-and-blue palettes leaking magenta chroma and amber dusk flare, pixel-dithered graphics, on-screen banner text and static. The mood is nostalgic, liminal and eerily calm — lost media remembered fondly, never horror."
Silicon_Dreams,aes/Silicon_Dreams/SKILL.md,"Silicon Dreams is the uncanny, dreamlike look of early 3D computer graphics from the mid-1980s to early 2000s — sparse surreal landscapes and floating primitives rendered in Bryce 3D, Pov-Ray and Terragen, with low-poly faceted geometry, dithered pastel gradient skies (periwinkle, lavender, cyan), mirror-calm reflective seas, chrome and glass spheres, and naive ""janky"" CGI creatures. Recognize it by primitive single-light shading, low-resolution dithered textures, horizon-centered emptiness, and a sterile utopian sci-fi mood; typical carriers are demo reels, TV bumpers, game stills, and drum-'n'-bass album covers, often with VHS or 8-bit print degradation."
Silkpunk,aes/Silkpunk/SKILL.md,"Silkpunk (Sino-punk) is a 2010s speculative aesthetic, coined by Ken Liu, that builds technology from the organic materials of late imperial and early-20th-century East Asia — bamboo, paper, silk, timber, bronze — instead of iron and steam. Recognize it by pagodas and upturned eaves, wooden automata and silk-skinned flying machines, lantern-glowing timber interiors, and gold-and-vermilion regalia with tassels, knots and seal stamps, set against ink black, parchment, or misty jade. Typical subjects are handcrafted machines in daily life, courtly figures in silk, terraced mountain cities, and parchment schematics; neon, chrome and coal smoke are absent."
Simpsonwave,aes/Simpsonwave/SKILL.md,"Simpsonwave is a mid-2010s Vaporwave subgenre that re-grades classic-era Simpsons cel animation into melancholic VHS memories: washed-out purple-pink ""codeine"" color grading, tracking errors, static and chromatic aberration over flat 90s broadcast cartoon flats, with lone characters (Sad Bart, Lisa at empty desks, Homer driving) held in dreamy suburban stillness. Recognize it by the collision of sitcom cel line-work with worn-tape degradation, pastel violet haze, optional fullwidth melancholic text and vaporwave geometry. It is nostalgic, sorrowful and surreal rather than cozy, fried or abstract."
Sinofuturism,aes/Sinofuturism/SKILL.md,"Sinofuturism (Chinese Sci-Fi Futurism, Socialist Cyberpunk) is the 2010s aesthetic of future visions tied to Chinese cultural identity: state-scale infrastructure (dams, viaducts, pylons, warehouse logistics), space programs, AI and smart-city surveillance rendered in slogan red, space-program blue, concrete beige and metallic silver, often veiled in mist or lit by neon and LED signage. Recognize it by Chinese-character banner and LED typography on socialist-modernist concrete, collectivist scale contrasts of tiny figures against megastructures, and a mood swinging between accelerationist optimism and rustbelt melancholy."
Sizz,aes/Sizz/SKILL.md,"Sizz is a 2010s internet-born aesthetic (named circa 2017 out of Tumblr/Instagram currents, community centered on r/sizz) that degrades photographs of real subjects with noise, blur, scan and printer artifacting, and subtle deformation to reach ""abstracted realism."" Its spine is high-contrast black and white or fog-dissolved gray, occasionally muted desaturated color or a single ember-orange accent; typical subjects are solitary blurred figures, liminal streets, graveyards and fields, hanging cloth, and machine-glitch mark-fields. Recognize it by a sibilant grainy surface, soft or smeared focus, mundane reality made strange, and composition-first framing."
Skater,aes/Skater/SKILL.md,"Skater is the visual culture of skateboarding, from 1950s California sidewalk surfing to the 1990s street-era uniform of baggy denim, skate-brand graphic tees and scuffed cupsole shoes, shot on fisheye lenses, on-camera flash or sun-faded film against concrete plazas, brick walls and graffiti. Its palette anchors on concrete grey, asphalt black and sun-bleached tan, punctured by deck-graphic pops of pink, fire red and cobalt; its motifs rank skateboards and skate terrain first, then worn grip tape, prohibited signs and slouched crew lineups. The mood is casual, communal and anti-authoritarian — mid-trick tension or sunburned hanging-out, never polished."
Skeuomorphism,aes/Skeuomorphism/SKILL.md,"Skeuomorphism is the digital-design aesthetic of the 1980s–early 2010s in which interface elements, icons and products imitate real-world materials and objects — stitched leather, wood grain, brushed metal, paper, glass panes — rendered with bevels, drop shadows, gradients and specular gloss so depth reads as physical. Expect warm wood-and-paper neutrals or charcoal instrument panels, analog dials, knobs and sliders, stitched seams, rivets and page corners, and a single consistent light source. Load this skill to recognize or generate UI screens, app icons, control panels, product mockups and texture studies that answer the question ""what physical object is this pretending to be?"""
Skhothane,aes/Skhothane/SKILL.md,"Skhothane (Izikhothane) is a mid-2000s township youth subculture from Ekurhuleni, Gauteng, South Africa, whose visual DNA is maximalist clashing designer fashion — glossy silk print shirts, DMD-style jackets, Italian Carvela/Rossimoda loafers — worn by crews in boastful dance-battle poses on township streets, parks and roadside verges. Look for bright clashing prints (fuchsia, turquoise, acid yellow, violet, orange) against black skinny trousers and mundane asphalt or painted-wall backdrops, crouches and crew clusters captured in saturated compact-camera flash snapshots, and optional wealth-theater props such as trampled clothes, poured whisky and dangling price tags."
Skinhead,aes/Skinhead/SKILL.md,"British working-class subculture aesthetic born in late-1960s London, defined by shaved or closely cropped heads, polished Dr. Martens lace-up boots, braces over tucked-in button-down or Fred Perry polo shirts, straight-leg Levi's or Sta-Prest trousers with rolled hems, and Harrington or satin bomber jackets, in a solid palette of black, oxblood, navy, white and grey punctuated by tartan and houndstooth checks. Photographically it reads as flash-lit snapshot or grainy black-and-white documentary realism set in vernacular urban space — brick walls, graffiti, football terraces, club interiors — carrying a hard-but-smart, crew-loyal working-class posture. Spans 1960s traditional skins, 70s suedehead and 2 Tone-adjacent crossovers and 80s Oi! waves, and includes female, queer and anti-racist subjects alongside the far-right segment the subculture is often misread as being."
Slavic_Doll,aes/Slavic_Doll/SKILL.md,"Early-2000s high-fashion aesthetic built on the Eastern European supermodel ideal — extremely slender, pale, doll-faced young women with high cheekbones, almond eyes and long straight blonde or ""Slavic hair,"" wearing fur coats, miniskirts and knee-high boots in muted neutrals of black, white and beige. It reads as runway and backstage flash photography, painterly editorial portraiture, or glossy magazine covers, all carrying an aloof, inaccessible elegance; its 2020s revival adds faux-fur hats and a Winter Bimbo inflection."
Slavic_Violence_Tumblr,aes/Slavic_Violence_Tumblr/SKILL.md,"Mid-2010s Tumblr aesthetic of post-Soviet grimness — grainy, lo-fi photographs of balaclava-clad youths and shaved-head conscripts in army-green camouflage, set against Russian Orthodox icons, brass crosses, weapon flat-lays, chains and rope, snow yards and panel-flat interiors. Palette of black, olive drab, concrete grey and tarnished icon-gold, with crushed shadows, sensor grain and compression artifacts; mood of nihilistic intimidation, grim piety and cold tenderness-in-brutality. Load this skill when an image fuses Eastern European paramilitary dress, Orthodox Christian symbols, restraint motifs and amateur lo-fi menace."
Slavic_Winter,aes/Slavic_Winter/SKILL.md,"Slavic Winter is a photography-based internet aesthetic of post-Soviet residential courtyards in snow, shot at blue hour or after dark: flat panel-block facades (khrushchevka, brezhnevka) with scattered amber lit windows against deep indigo skies, snow-buried cars, bare trees, haloed streetlamps and mundane courtyard clutter. Its palette is a narrow field of cold blues, near-blacks and sky-tinted snow, punctured only by small warm points of artificial light, rendered with unstaged phone-camera low-light realism. Recognize it by inhabited-but-empty winter micro-district exteriors carrying melancholy, quietude and cozy isolation; never by people, fashion, ruins or daylight travel scenery."
Sleepcore,aes/Sleepcore/SKILL.md,"Sleepcore (sleepycore, drowsycore) is a therapeutic late-2010s internet aesthetic of sleep and dreams: hazy pastel fields of soft pink, light blue, lavender and pale yellow anchored by deep night blue, populated by stuffed animals, pajamas, bedding, nightlights and star/moon/cloud motifs. Its imagery — faded photos, old children's-show stills, soft illustrations, empty dreamlike nurseries — carries low-contrast haze, gentle melancholy and ASMR calm. Recognize it by bedtime stillness and half-asleep fuzziness rather than by warm rustic comfort (that is Cozycore)."
Slimepunk,aes/Slimepunk/SKILL.md,"Slimepunk is an early-2010s Tumblr-born music and visual microgenre built on toxic neon-green slime dripping over black — biohazard and radiation trefoils, syringes and IV drips, gas masks and rubber gloves, mallgoth-rave fashion, and DIY web-collage grammar like checkerboard transparency, clip-art grids and dripping fonts. Recognize it by viscous acid-green ooze with phosphorescent glow, hazard graphics, Mountain Dew / Nickelodeon slime nostalgia and corrosive teen irony; it emerged from seapunk as its self-declared ""villain."""
Sloanie,aes/Sloanie/SKILL.md,"Sloanie (Sloane Ranger) is the English upper-class country-and-city uniform codified by The Official Sloane Ranger Handbook (1982): waxed Barbour jackets, tweed, Hunter wellington boots, pie-crust collars and pearls, set in earthy olive-brown-navy tones with pastel blouses and scarlet hunting accents. Recognise it by overcast English light, muddy hemlines, Land Rovers and hunting-breed dogs, family tartans, country-house interiors with ancestor portraits, and an air of understated inherited wealth — from Diana-esque young women at point-to-points to tweeded men with shooting sticks and flat caps."
Snackwave,aes/Snackwave/SKILL.md,"Snackwave is a mid-2010s Tumblr-born fashion and object aesthetic that wears fast food as pattern: hyper-real or cartoonish pepperoni pizza, burgers, ramen cups and fries printed all-over on leggings, tees, onesies and accessories, or parodied as fast-food logotypes and packaging. Its palette is the condiment triad — ketchup red, mustard yellow, cheese orange — on bun cream or pitch black, deployed maximally and with deadpan, anti-wellness humor. Recognize it by snack-print garments, logo-parody quilting and cup-label graphics, novelty plush and phone cases, and a celebratory, self-deprecating attitude toward processed food."
Social_Realism,aes/Social_Realism/SKILL.md,"Interwar (1920s–30s) political figuration of working people — matte earth-tone and ash-gray palettes, worn clothing and laboring hands, frontal or processional compositions of workers, breadlines, picket lines, tenements, fields and factories, rendered in oil, tempera, lithograph or documentary photograph with unflinching, dignified clarity. Recognize by muted umber/gray color held to a descriptive legibility, collective groupings of the ""masses,"" and an explicit critique of power; separate it from state-heroic Socialist Realism, apolitical 19th-century Realism and monumental Mexican Muralism."
Socialist_Realism,aes/Socialist_Realism/SKILL.md,"The state-mandated heroic art of the USSR and allied communist states (1920s–1980s): academic oil painting and flat poster lithography that stages idealized workers, peasants, soldiers, scientists, youth and leaders in film-still tableaus of collective triumph. Palette of signal red, wheat gold and earth brown laid over muted naturalistic tones; recurring red flags, hammer-and-sickle emblems, machinery, sheaves, spires and open optimistic skies. Earnest, irony-free collectivist optimism — recognition hinges on painterly academic realism fused with unambiguous communist iconography."
Soft_Apocalypse,aes/Soft_Apocalypse/SKILL.md,"Soft Apocalypse (a.k.a. Apocalypsecore) depicts the slow, gentle collapse of urban society — brutalist concrete, skyscrapers, subway halls and bridges reclaimed by moss, ferns, ivy and rooftop forests, in a palette of green, grey, weathered white and light brown. Light is soft and diffuse; the mood is melancholy yet hopeful, and human figures, when present, forage, tend and travel calmly instead of fighting. Recognize it by living vegetation actively interrupting bland man-made geometry, with rust streaks and standing water as accents — and never fire, combat, gore or horror grading."
Soft_Boy,aes/Soft_Boy/SKILL.md,"Soft Boy is a late-2010s Gen Z masculine aesthetic of gentle emotional openness — oversized layered knits, cardigans and overshirts over collared shirts, baggy cuffed light-wash jeans with white tube socks and beat-up classic sneakers, artfully tousled curtain or shaggy hair, round wire-rimmed glasses, and books, vinyl records or film cameras as props. Its palette is muted and matte: faded blues, dusty pinks, lavender, moss green and rust orange over cream, beige and warm gray, photographed in diffused natural light with a faded, grainy film grade. Recognize it by the slouched vintage menswear silhouette, tender unposed gestures (hugging a plush, holding a picked flower, hand at the cheek), and a dreamy, approachable, introspective mood."
Soft_Colonial_Wanderlust,aes/Soft_Colonial_Wanderlust/SKILL.md,"Soft Colonial Wanderlust (aka Cheeky Victorian Revival) is an ironic Victorian-to-pre-WWII expedition fantasy, born in the late 1980s and peaked with the early-2010s hipster wave: sepia and muted browns on aged paper, engraved illustrations, cut-out collage figures, circus typography, and motifs of compasses, maps, binoculars, hot air balloons, mail art and carnivals. Recognize it by sun-faded paper-grain palettes, whimsical explorer subjects (mustached dandies, aeronauts, naturalists, circus performers), and a cheeky, wonder-struck tone that treats vintage technology as affectionate joke rather than steampunk machinery."
Soft_Countriana,aes/Soft_Countriana/SKILL.md,"Soft Countriana is the late-1970s-to-1980s suburban country-romantic aesthetic: cream and ivory grounds washed with milk-diluted pastels (dusty blue, blush rose, lavender, peach, sage) arranged as gingham checks, polka dots and hand-painted folk sprigs of geese, hearts, cherries and tulips. Signature elements are frilled nightgowns and Gunne Sax/Laura Ashley-style dresses, quilted bedspreads and quilt skirts, ceramic canister sets, wicker furniture, dollhouses, teddy bears and rocking horses, lace-trimmed windows and Victorian-revival trim, all under diffuse, shadowless daylight. Recognize it in cozy bedrooms, nurseries, country kitchens, pastel tea tables and catalog-style fashion shots that read as a suburban memory of farm life rather than farm life itself."
Soft_Girl,aes/Soft_Girl/SKILL.md,"Soft Girl is the late-2010s TikTok-born aesthetic (peak 2019) of exaggerated, doll-like hyper-femininity: high-chroma pastel pink, lavender, peach and baby blue rendered in bright, overexposed, low-contrast ""airy"" photography. Signature elements are childlike accessories (butterfly and pearl hair clips, scrunchies, beaded necklaces), pleated skirts, oversized hoodies and fluffy cardigans, sun-flushed blush makeup with faux freckles and hand-drawn cheek motifs, and props like strawberry milk cartons, plush animals and Sanrio-style stickers. Recognize it by candy-pastel palette plus maximalist cutesy styling on young feminine subjects, selfie/flat-lay/collage formats."
Soft_Grunge,aes/Soft_Grunge/SKILL.md,"Soft Grunge (Pale Grunge) is a mid-2010s Tumblr photographic aesthetic of desaturated black-white-grey snapshots — urban concrete and crosswalks, minimalist white interiors, houseplants, case-less iPhones, classical busts and mall-bought grunge-lite fashion — punctuated by muted green or blue accents and sardonic Arial text or Japanese kanji. Recognize it by faded low-contrast filters with lifted blacks, monochrome grids (tile, crosswalk, grid print), fishnets and tennis skirts, and an apathetic, lovesick, minimalist mood. It differs from Sadgirl's warm vintage melancholy and E-Girl's neon makeup by its cool grey minimalism and streetwear status symbols."
Solarpunk,aes/Solarpunk/SKILL.md,"Solarpunk is a hopeful eco-futurist aesthetic coined in late-2000s Brazil and mainstreamed in the 2010s: sunlit settlements where buildings are wrapped in vertical gardens and vine-draped terraces, stained-glass solar panels and small wind turbines wear their energy on their skin, and Art Nouveau curves meet hand-mended workwear and cluttered community rooftops. Its palette is leaf green, sky and water blue, sunlight yellow and plaster white; subjects range from painterly vistas of sprawling green cities to greenhouse atriums, edible landscapes, repair-cafe street life and vegetated towers. Recognize it by lived-in, DIY lushness at human scale — never the glossy corporate ""green"" of stock imagery."
Song_Dynasty,aes/Song_Dynasty/SKILL.md,"Court and literati aesthetic of Song China (960–1279): ink-first painting on aged silk or paper, tianqing and celadon glaze tones, composed negative space, and quiet scholarly subjects. Signature elements include monumental misty landscapes or one-corner diagonal compositions, Ru/Guan/Ge/Ding/Jun ceramics, bird-and-flower studies (plum, orchid, bamboo, chrysanthemum), the moon, and slender restrained Hanfu such as the beizi coat and wing-flapped futou cap. Reads as clean, quiet and elegant — muted mineral colour subordinate to ink, matte jade-like glaze surfaces, diffuse shadowless light, and emptiness treated as a designed element."
Sots_Art,aes/Sots_Art/SKILL.md,"Sots Art is the ironic Soviet underground style of 1970s–80s Moscow that fuses the heroic grammar of Socialist Realism — leader portraits, red stars, hammer and sickle, bold propaganda slogans — with Western consumer logos and pop icons (Coca-Cola, McDonald's, Mickey Mouse, comic heroes) in a deadpan satirical collision. Visually it alternates between flat agitprop poster fields of signal red, black and paper white carrying heavy sans-serif text, and glazed academic oil tableaus in candlelit umber, ochre and gold that mimic state-propaganda finish. Recognition hinges on double-coding: official Soviet symbols rendered faithfully but placed in absurd, consumerist or self-subverting contexts, with the political figure — never the consumer icon — at the center."
Southern_French_Gothic,aes/Southern_French_Gothic/SKILL.md,"Southern French Gothic (Gothique méridional) is the austere church architecture of 12th–14th-century Languedoc — fortress-like single-nave preaching halls under wide barrel vaults, deep solid pier buttresses instead of flying buttresses, crenellated parapets, brick laid in geometric patterns, and octagonal tapering bell towers or wall belfries. Its palette is terracotta brick red, ochre and buff stone, and pale whitewash under hard Mediterranean sunlight, with dim amber-lit interiors; ornament is deliberately scarce, an ideological austerity born of the Catholic reconquest after the Albigensian Crusade. Recognize it in fortified church exteriors, vast unadorned naves with rationed light, and brickwork used as the only decoration."
Southern_Gothic,aes/Southern_Gothic/SKILL.md,"The haunted American South as visual language — humid, desaturated moss-greens and sepia browns, Spanish moss and cypress swamps, decaying plantation and vernacular architecture, above-ground cemeteries, fear-mongering evangelical billboards, and liminal roadside infrastructure shot in deadpan snapshot or aged-print treatments. Carries moods of isolation, religious guilt and the uncanny, from 19th-century literary decay imagery through the mid-2010s Tumblr ""regional gothic"" revival to the 2020s dark-country resurgence. Recognize it by wet heat, encroaching vegetation, looming religion, and ruin juxtaposed against the modern; never by urban club Goth trims or pristine period romance."
Soviet_Nostalgia,aes/Soviet_Nostalgia/SKILL.md,"Soviet Nostalgia (Sovietcore) is the post-Soviet memory aesthetic of childhood in Khrushchyovka flats: wool carpets hung on walls, lace curtains and oilcloth-covered tables under warm faded film light, set against snowbound panel blocks and blue-hour winters. Its palette runs from cream, dusty rose and oxblood carpet-red to cold grey-blue snow, with signature objects like CRT televisions, enamel pots, faceted tea glasses, kosynka kerchiefs, fur hats and Orthodox icon tapestries. The mood is tender, unheroic domestic melancholy — an amateur family snapshot, never propaganda or pop kitsch."
Sovietwave,aes/Sovietwave/SKILL.md,"Sovietwave is a 2010s post-Soviet retro-futurist aesthetic born from the synthwave music scene, mourning and glorifying the utopian communist future that never arrived. Its visual DNA fuses earnest Soviet propaganda iconography — hammer and sickle, red stars, CCCP-stencilled rockets, cosmonauts, Cyrillic slogan blocks — with 1980s analog media decay: VHS scanlines, chromatic aberration fringes, dithering, faded print grain. Palette is anchored in red, white and yellow over deep space blue or amber sunset black; typical subjects are space-program hardware, Red Army parade columns, panel-house urbanism and monumental allegorical figures, all rendered with sincere melancholy rather than irony."
Space_Age,aes/Space_Age/SKILL.md,"Space Age is the optimistic retrofuturism of the mid-1950s to early 1970s, built from molded plastic, fiberglass, vinyl and chrome in stark white fields punctuated by saturated primaries and orange, shaped into spheres, capsules, parabolas and tail fins. Recognize it by spacecraft iconography (rockets, satellites, flying saucers, starbursts), pod and ball chairs, UFO-like lamps, Googie towers and upswept roofs, finned cars, and couture in metallic fabric and PVC with helmets, bubble visors and go-go boots — all staged clean, glossy and shadowless in a mood of utopian technological wonder."
Space_Cowgirl,aes/Space_Cowgirl/SKILL.md,"Space Cowgirl is a 2020s TikTok-born hybrid aesthetic that fuses American Western signifiers — cowboy hats, boots, fringe, belt buckles, cow print — with retrofuturist Space Age and Y2K gloss: saturated pinks, holographic silver, neon accents, disco balls, planets and glitter. Recognize it by traditional ranch gear rendered in metallic vinyl, iridescent textiles and rhinestone shine, staged in joyful, maximalist, artificially-lit tableaus, pastel studio sets or scrapbook-style collages. Typical subjects are party groups of friends, glitter-makeup portraits, kitsch roadside-desert scenes, and cosmic collages mixing cacti with Saturn."
Space_Western,aes/Space_Western/SKILL.md,"Space Western fuses 19th-century American frontier iconography — wide-brimmed hats, long dusters, holsters, saloon porches, dusty main streets — with interstellar science fiction: starships docked like star-horses, rayguns, droids, and alien skies with twin suns. Its palette leans earthy dust (sandy tan, rust, olive, leather brown) against deep cosmic indigo and violet, punctuated by sparse gunmetal or neon accents, lit by harsh sun or alien twilight. Look for worn utilitarian gear, lived-in frontier outposts, and gunslinger silhouettes posed against vast rocky planetscapes."
Spacecore,aes/Spacecore/SKILL.md,"Spacecore (Astrocore) is a 2020s internet aesthetic that treats the cosmos as pure decoration: stylized galaxies, rainbow-banded planets and pink-violet moons glowing against black or deep-indigo voids, dusted with glitter and four-point star flares. Dreamlike floating compositions, meteor trails, star-shaped decor and short existential captions (""who's out there?"") signal its escapist, wonder-struck, gently melancholic mood. Recognize it by impossible candy-colored celestial bodies, digital bloom and sparkle grain — never by hard sci-fi realism, aliens, or true-color astronomy."
Spainwave,aes/Spainwave/SKILL.md,"Spainwave is a 2020s Spanish localization of Vaporwave/Synthwave born on Reddit's r/spainwave, filtering Iberian iconography — Spanish Golden Age statues and literature, regional landmarks, vintage Spanish TV and advertising, political broadcast stills — through neon-magenta perspective grids, pastel VHS grading and glitch collage. Expect a fuchsia/violet/turquoise palette with sunset-orange accents, chrome or pixel-font Spanish typography, and an ironic, melancholic affection for the mundane Spain of the 1980s–2000s. Load this skill when an image fuses distinctly Spanish cultural subject matter with retro-digital Vaporwave treatment."
Spanish_Golden_Age,aes/Spanish_Golden_Age/SKILL.md,"The visual culture of Habsburg Spain and its empire, c. 1492–1681 — tenebrist oil painting of saints, martyrs and courtiers in black velvet and starched white ruffs, bodegón still lifes and mythological scenes carved out of deep shadow by a single raking light. Its palette is soot black, earthy ochre-brown, oxblood red and retablo gold, extended in architecture to honey and rose cantera stone in Plateresque, Herrerian and Churrigueresque façades from Salamanca to Cusco. Load for Counter-Reformation religious drama, Spanish court fashion and portraiture, or Spanish colonial Baroque imagery; it is distinct from Italian Baroque exuberance, Dutch daylight domesticity, Italian Renaissance clarity and Gothic verticality."
Sparkledog,aes/Sparkledog/SKILL.md,"Sparkledog (sparklefur, sparklecat, sparkleanimal) is a 2000s DeviantArt-born character-design aesthetic of feral animal OCs in oversaturated, unnatural multicolor — rainbow-gradient manes and tails, clashing neon patchwork, star/heart/stripe markings, scene-hair manes, feathered wings — drawn in simplified, amateur anime-inspired digital paint and typically presented as reference sheets, chibi icons or meme layouts. Key colours are rainbow plus a grounding black; the mood is gleefully gaudy, DIY-proud and self-aware, with an emo/scene angst undercurrent that leaks candy pink even at its darkest."
Spicers,aes/Spicers/SKILL.md,"Spicers is a late-2000s Dublin teen subculture aesthetic built around flat-ironed, box-dyed mullets and heavy fringes in neon green, blue, red and magenta over jet-black or bleach-blonde bases, worn with Adidas tracksuits, shutter shades, bandanas and facial piercings. Its imagery is amateur flash-lit compact-camera selfie grammar — bathrooms, bedrooms, suburban interiors — tied to Bebo profile culture, Skins (2007), and jumpstyle/hardstyle/dubstep shuffling. Recognise it by the straightened spiky mullet silhouette with hard-edged colour blocks, tacky-loud sportswear, and a party-like, deliberately tacky exuberance."
Sportsbrut,aes/Sportsbrut/SKILL.md,"Sportsbrut (Sports Brutalism, Corporate Neu-Grunge) is a mid-late 2010s graphic-design aesthetic that fuses high-octane athletic branding with Neubrutalist grid rawness: ultra-condensed stretched slab and grotesque type, bare-bones box grids that hero elements burst out of, ticket-stub/barcode/credential ephemera, and photocopy-halftone grain over a stark black-white-gray base blasted by a single neon accent. Recognize it by loud sports-merch energy — threshold-treated athlete photos, stacked repeat type rows, tour-date lists, logo badges — all conveying speed, action and raw kinetic hype."
Sprezzatura,aes/Sprezzatura/SKILL.md,"Sprezzatura is the Italian art of studied nonchalance — tailored clothing worn with deliberate ease, from Castiglione's 16th-century courtly ideal to the modern menswear street-style canon. Visually it reads as soft-shouldered Italian tailoring in sun-baked earth tones (tobacco, oatmeal, olive, wine, chambray) broken by one or two calculated imperfections: an askew tie knot, an unbuttoned cuff, a jacket or scarf casually draped, a pocket square that deliberately does not match the tie. Recognize it by well-worn matte textures (herringbone, corduroy, flannel, suede), mixed formal-and-casual registers, natural asymmetry, and relaxed body language caught in candid daylight."
Spring_Aesthetic,aes/Spring_Aesthetic/SKILL.md,"Spring Aesthetic codifies the season of first bloom — budding flowers, flowering meadows, baby animals and fresh sunshine — in a palette of pastels, light green and earthy brown, frequently carried by a faded analog-film tonality with blown-out skies. Its imagery centers on renewal: seed rows, nursery pots, cut-flower baskets, blossom-canopied streets, picnics and layered floral fashion, all with a hopeful, tender, feminine-coded but inclusive mood. Recognize it by bloom-led subjects, soft generous daylight, and pink/peach/cream/lilac pastels set against young-leaf green and weathered-wood brown."
Spy_Fiction,aes/Spy_Fiction/SKILL.md,"Spy Fiction (Spycore) is the espionage aesthetic fixed by 1960s spy cinema and Cold War tradecraft — a black-dominant palette cut with gunmetal silver and signal-red accents, concealed gadgets and holsters, dossiers, passports and coded maps, black turtlenecks and tan trench coats or tuxedos and ballgowns, ranging from glossy manor-house glamour to grainy clandestine monochrome. Recognize it by the hidden layer: an ordinary object, garment or paper concealing apparatus, identity or intent, plus a tradecraft object-language (micro-cameras, thigh holsters, briefcases, martini glass) rather than crime-scene or drawing-room deduction cues."
St_Ives_School,aes/St_Ives_School/SKILL.md,"British coastal modernism of St Ives, Cornwall (flourished 1940s–1960s, roots in the 1920s), fusing lyrical abstraction with naive maritime painting. A blue-white-grey palette punctuated by ochre, slate and sage; translucent overlapping planes, oval and crescent forms recalling sails, moons, stones and harbour windows, scraped matte grounds with graphite scribble, patchwork fields and flat quay bands. Subjects transpose the Cornish sea, ships, hedges, headlands and coastal light into flat, contemplative painterly structure."
Stargirl,aes/Stargirl/SKILL.md,"Stargirl is a 2020s TikTok-born aesthetic that fuses Y2K revival fashion with Cyber Grunge edge and Night-Luxe glamour, built on a cool grey–silver–black palette punctured by sequin sparkle and an omnipresent star motif (star prints, rhinestone stars, star-shaped light). It carries music-devotion objects — vinyl records, cassettes, electric guitars, headphones, tracklist scraps — and splits into two registers: aloof club-night luxe (sequin miniskirts, sheer tops, dim flash photography) and chill teen-diary casual (star graphic tees, flare jeans, scrapbook moodboards). Recognize it by desaturated monochrome greys, metallic glitter textures, scattered stars, grainy low-light or paper-collage presentation, and small disciplined accents of red or gold."
Starrflesh,aes/Starrflesh/SKILL.md,"Starrflesh (also ""Starflesh"", formerly ""icecore""/""coldcore"") is a surreal early-2010s Tumblr/TikTok horror aesthetic of pale, flash-lit photo edits: white snarling animals, multiplied glowing eyes and star-shaped pupils, fangs, claws, scales, translucent jelly, shattered glass and icy water. Its palette is bone-white, glacier blue, mint and black void, punctured by blood red and holographic iridescent sheen, graded cold and grainy. Recognize it by lo-fi uncanny body-and-animal imagery that feels simultaneously calm, empty and raging — never warm, never painterly, never cartoonish."
Steampunk,aes/Steampunk/SKILL.md,"Steampunk is a retrofuturistic aesthetic that fuses Victorian and Edwardian elegance with exposed steam-age machinery — brass, copper, polished wood and leather fitted with visible gears, cogs, boilers, pipes, dials and goggles, applied to airships, automatons, workshops and customized period fashion. Its palette runs bronze, brown, copper and gold through sepia cream and gaslit amber, lit by lamplight pools and shafts of light through iron-and-glass roofs. Recognize it by ornate 19th-century silhouettes made mechanically legible and hand-worn: never plastic, never chrome streamlining, never neon or digital screens."
Stickerbomb,aes/Stickerbomb/SKILL.md,"Stickerbomb is a late-1990s to 2000s DIY maximalist aesthetic in which a surface is completely covered with overlapping stickers, decals, and slap tags from JDM car culture, skate graphics, corporate-logo parodies, and vector mascots. Its recognition cues are high-contrast CMYK color, black ink outlines, white sticker borders, Japanese import symbols, and a chaotic all-over pattern that obscures the original object."
Stilyagi,aes/Stilyagi/SKILL.md,"Soviet youth-subculture aesthetic of the late 1940s to early 1960s — candy-bright, deliberately clashing tailoring (narrow ""dudochki"" trousers or loud wide pants, padded-shoulder jackets, ""jungle fire"" or slim ties, thick-soled ""manna kasha"" shoes) worn against drab grey Soviet streets, with pompadours, ducktails, beehives and ""venchik mira"" hair crowns. Recognizable by saturated color defiance inside institutional drabness, promenading group poses, jazz/rock-and-roll props (X-ray ""bone music"" records, trophy lighters, pin-up playing cards), and a parallel satirical-print register of Cyrillic headlines and Krokodil-style caricature."
Stonepunk,aes/Stonepunk/SKILL.md,"Stonepunk is the retro-futurist aesthetic of a Stone Age pushed to anachronistic complexity — machines, vehicles, dwellings and even ""computers"" built from knapped flint, rough stone, bone, antler, hide, fur, woven reed and mudbrick, joined with rope lashings and wooden pegs instead of nails. Its palette is earthy ochre and umber, bone parchment, rustic oxide red, charcoal grey, mustard yellow and sparing earthy blue; its signature sights are mammoth cranes, dinosaur haulers, skull-and-tusk totems, rib-bone arches, cliff-carved megastructures and tribal engineer-hunters in fur, war paint and bone armour. Read it as ""high concept, low materials"": modern function executed in Paleolithic matter."
Straight_Edge,aes/Straight_Edge/SKILL.md,"Visual language of the straight edge (sXe) hardcore subculture, born in early-1980s Washington D.C. punk: the black marker ""X"" on the back of the hand, tattooed, printed on merch, patches and pins; clean-cut Youth Crew athletic wear (band hoodies, varsity jackets, Vans sneakers, crew cuts and shaved heads) captured in flash-lit club snapshots, xeroxed flyers and flat black/white/red print graphics. Recognition hinges on sobriety slogans (""DRUG FREE"", ""IT'S OK NOT TO DRINK""), unity gestures (crossed arms, stacked fists, raised marked hand), analog grain and photocopy contrast — and on the pointed absence of alcohol, smoke, studs and mohawks that defines its punk parent."
Streamline_Moderne,aes/Streamline_Moderne/SKILL.md,"Streamline Moderne (Art Moderne, Style Paquebot) is the 1930s–40s American machine-age style descended from Art Deco: aerodynamic teardrop, bullet and cylinder volumes with rounded corners, long horizontal ""speed lines,"" smooth unadorned stucco or metal skins, glass block, porthole windows and chrome trim. Its palette runs from white, cream and pale earth tones through chrome and steel, punctuated by thin machine-age accents — cobalt, mint, butter yellow, oxblood banding, neon glow. Typical subjects are ocean-liner-like terminals, diners and bus stations, bullet-nose trains and teardrop cars, and hand-size machines such as radios, toasters, refrigerators and club chairs, all rendered with optimistic promotional clarity."
Strega,aes/Strega/SKILL.md,"Strega (Italian for ""witch"") is a mid-2010s Tumblr-born gothic fashion aesthetic, an offshoot of Dark Mori and Japanese Mori Kei, defined by layered black-and-earth-tone garments — flowing dresses, brocade, velvet, lace, thigh-high boots — carrying pentacle, moon, sun and feather motifs. Its imagery is darkly dream-like: misty temperate forests, bare trunks and thorns, candle and lantern light, moths, black cats, tea things and stained glass, rendered in desaturated charcoal, umber, moss green and oxblood with soft grain and blur. Recognize it by witch-folklore signifiers worn as fashion, Pre-Raphaelite color, and twilight-forest atmosphere — darker than Mori Kei, fae-romantic rather than domestic-cozy, intimate rather than epic."
Studyblr,aes/Studyblr/SKILL.md,"Studyblr is the 2010s Tumblr-born aesthetic of romanticized studying: immaculate handwritten notes with brush-calligraphy headings, color-coded highlighter blocks, boxed bullets, arrows and doodles on white grid or dot paper, photographed top-down in bright diffuse daylight with pastel stationery props. Recognize it by high-key paper-white frames, blush pink / baby blue / mint / lavender information color with mustard-gold or teal marker lettering, sticky notes, washi tape, spiral notebooks and hands writing with brush pens. It celebrates organized, shareable productivity — never old-world scholarship, darkness, or mess."
Suburban_Gothic,aes/Suburban_Gothic/SKILL.md,"Suburban Gothic is the uncanny of American postwar suburbia — empty cul-de-sacs, strip-mall parking lots, diners, laundromats and highway signs rendered in washed-out whites, grays and cool blues, punctured by a single saturated artificial accent such as amber LED, red neon, fluorescent green or a pink-glowing window. Signature elements include deadpan text (handwritten notes taped to glass, variable-message signs bearing bleak messages), streetlamps and fluorescent light, picket-fence facades concealing dread, 60s–80s technology like box CRT TVs, and absent or lone figures. It reads as Lynchian stillness: realistic but stylized, alienated, quietly wrong."
Suburbia,aes/Suburbia/SKILL.md,"Suburbia is the neutral, lived-in aesthetic of American suburban life from the 1970s to the present: single-family ranches, split-levels and neo-eclectic houses on curving cul-de-sac streets, manicured lawns, sprinklers, driveways, inflatable pools, strip malls and backyard rituals. Its palette is lawn green and sky blue anchored by concrete, stucco, brick red and beige siding, lit by cumulus daylight, golden-hour sunset or sodium streetlamp dusk, and captured in a vernacular snapshot or documentary register. Neither idealized nor critical, it reads as ordinary daily life — kids on bikes, sparklers on the Fourth of July, teens loitering at the mall fountain."
Subversive_Basics,aes/Subversive_Basics/SKILL.md,"Subversive Basics is a post-pandemic deconstructed-fashion aesthetic that takes ordinary staples — ribbed white tanks, little black dresses, nylon tights, baggy pants — and re-cuts them with asymmetrical straps, sheer mesh panels, keyholes and raw edges so the body's shape becomes part of the garment. Its visual DNA is a mineral palette of black, concrete gray, off-white and forest green, a tight cutout or sheer top set against enormous pooled volume below, and DIY upcycled texture (tights-turned-sleeves, exposed seams, buckled utility straps) photographed deadpan against pebble-dash concrete, in messy bedrooms via mirror selfie, or on flat lookbook backdrops. Load this skill when an image shows familiar basics visibly altered rather than worn intact."
Succubus_Chic,aes/Succubus_Chic/SKILL.md,"Succubus Chic is a 2020s TikTok-born fashion microtrend of vampiric, high-fashion darkness: waif-thin, androgynous figures in black leather, lace, velvet and sheer mesh, with center-parted messy black hair, thin or bleached brows, hollowed contoured cheeks, eyebags, smoky siren eyes and bold nude-mauve lips held in a dead-eyed stare. Its palette is near-monochrome black against porcelain (or occasionally tanned) skin, punctuated only by chokers, crosses, spiked metal, fishnets and small white accents, lit by hard paparazzi flash, flat studio light or cold cinematic blue. Recognize it against goth DIY, noir femme fatale and 90s heroin chic by its designer polish, its predatory-yet-fragile glamour and its refusal of any wellness-clean or cheerful register."
Sukeban,aes/Sukeban/SKILL.md,"Sukeban is the Japanese delinquent-girl aesthetic of the 1960s–1980s: modified sailor school uniforms with ankle-length skirts, cropped blouses baring the midriff, sneakers instead of loafers, and long tokkō-fuku coats embroidered with vertical columns of kanji slogans and gang crests. Its palette is solid ground cloth — navy, black, off-white, royal blue, or revival pastel pink and lilac — carrying high-contrast vermillion, gold, white or black chain-stitch lettering. Recognize it by the sailor-collar-plus-maxi-skirt silhouette, dense vertical kanji on backs and sleeves, all-female gang framing, and a confrontational, flash-lit snapshot mood of feminist defiance."
Summer_Aesthetic,aes/Summer_Aesthetic/SKILL.md,"Summer_Aesthetic is the sun-drunk visual language of beach, pool and tropical leisure, rendered in analog-snapshot softness: cyan-turquoise water, sun yellow and coral pink over sand cream, filled with swimwear, hibiscus and plumeria flowers, cut fruit, cold drinks, pool floaties and candid sunbathers. Its mood runs from high-energy vacation play to wistful dusk idleness, unified by abundant natural sunlight, film grain and casual off-center framing. Use it to recognize or generate images of effortless seasonal leisure rather than posed glamour, maritime uniformity or liminal pool architecture."
Superflat,aes/Superflat/SKILL.md,"Superflat is a postmodern Japanese art movement founded by Takashi Murakami in the late 1990s that fuses anime/manga flatness, kawaii and otaku consumer iconography with ukiyo-e and Nihonga tradition and a satirical grotesque undercurrent. Recognize it by ultraflat two-dimensional color planes with hard bold outlines, candy-high-contrast palettes or deliberately barren beige grounds, big-eyed cute-creepy mascots and doe-eyed children, all-over flower/skull pattern fields, and glossy vinyl-toy sculpture derivatives. The mood is superficial cheer masking unease — cuteness deployed as consumer critique."
Superflat_Pop,aes/Superflat_Pop/SKILL.md,"Superflat Pop is the commercialized, kawaii-first offshoot of Takashi Murakami's Superflat movement that saturated late-2000s to early-2010s animation, video-game box art, designer toys and advertising. Recognize it by rainbow-saturated candy palettes set on white or pale grounds, strong black outlines around chibi mascots, smiling ""sweet and sunny"" flowers, urban-vinyl toy silhouettes, sticker-bomb density, and rounded bubble typography. Typical subjects are chibi character casts, vinyl figures, candy and fruit, flower all-over patterns, and logo-centric poster or game art."
Supergraphic_Ultramodern,aes/Supergraphic_Ultramodern/SKILL.md,"Supergraphic Ultramodern (""70s Ultra-Modern"") is the optimistic futurism of late-1960s to early-1980s set design, product design and environmental graphics: molded white, orange or single-hue rainbow interiors with coved curves, spherical and capsule objects, inflatable and ball furniture, and floor-to-wall flat supergraphics (concentric arcs, stripes, dot grids, silhouette cut-outs) in plastic, fiberglass, plush and shiny metal. Recognize it by shadowless slide-film lighting, rounded geometric sans-serif type, and a palette swinging between bone-white bases with tangerine/harvest/avocado accents and fully monochrome hue rooms; the late-1990s-to-mid-2000s revival replays the same rules on album sleeves and club interiors with cleaner print and colored gel light. Load this skill for sci-fi lounge interiors, expo-pavilion sculpture, sphere radios and pod TVs, and rainbow-concentric poster design."
Suprematism,aes/Suprematism/SKILL.md,"Suprematism is the non-objective geometric abstraction launched by Kazimir Malevich in Russia in 1915: flat, hand-painted planes of pure colour — squares, rectangles, circles, crosses and thin bars — floating weightlessly in an unbounded white or cream void with no shadow, no horizon and no recognizable subject. Its palette is deliberately limited (black, white, red, yellow, green, cobalt blue, with occasional pale accents), and its compositions span a single monumental monochrome form to dynamic diagonal scatters of tilted planes. Recognise it by matte geometry adrift in cosmic empty space; it differs from Constructivism's utilitarian typography, De Stijl's orthogonal grid and Minimalism's industrial seriality."
Surf_Crush,aes/Surf_Crush/SKILL.md,"Surf Crush (alias Coconut Girl) is the sun-soaked US teen beach aesthetic of roughly 1999–2008, built on hibiscus/aloha floral prints, surfboards and puka shell jewelry in a citrus-and-ocean palette of yellow, orange and blue. Recognize it by tanned skin in hard sunlight or golden-hour glow, halter tops and board shorts, cowrie shell chokers, ensemble teen casts on sand, and Myspace-era saturated digital gloss or poster/DVD-cover graphic design with brush-script logos. Load this skill for late-1990s/2000s surf-brand casual sport-leisure imagery — not for urban McBling bling, glossy Frutiger Aero tech utopia, or static tropical Coconut Girl still lifes."
Surfer,aes/Surfer/SKILL.md,"Beach-subculture aesthetic crystallized in 1950s–60s California and Hawaii from ancient Polynesian roots: teal-and-turquoise ocean, foam cream, sun yellow, sand earth tones and hibiscus pink, carried by longboards, palm trees, thatch surf shacks, vintage cars loaded with boards and tanned barefoot figures in board shirts and bikinis. Appears as sun-bleached film print, saturated tropical daylight, or clean mid-century commercial illustration; mood is laid-back community, sport dedication and escapism. Use when images or prompts involve waves, surfboards, beach life, tiki/tropical kitsh or retro surf culture."
Surreal_Meme,aes/Surreal_Meme/SKILL.md,"Mid-2010s neo-Dada internet aesthetic built from crude low-fidelity 3D renders (gray metallic heads, anthropomorphic oranges, low-poly creatures) and banal stock-photo cutouts adrift in void black, starfields, checkerboard floors or flat gradient fields. Its palette runs gradient orange, void black, deep cosmic blue and digital green across clean, smooth early-CGI surfaces, captioned in plain serif or WordArt-gradient type with deliberately broken grammar. Recognize it by the uncanny fidelity mismatch between collage layers, deadpan bureaucratic captions, and mundane objects (vegetables, cups, cubes, baguettes) treated as sentient cosmic entities."
Surrealism,aes/Surrealism/SKILL.md,"Surrealism (Paris, 1920s–1950s, codified by André Breton's 1924 manifesto) renders dream logic with deadpan precision: hyper-real desert plains and interiors where melting clocks, displaced pipes, easels-that-hide-their-own-view, and boiler-bodied machine-elephants sit under even light and consistent shadows, in sun-bleached ochres, slate greys, olive and cream voids punctured by small vermilion or cobalt accents. Two registers coexist: illusionist verist dreamscapes and flat automatist fields of wandering black line with primary-color dots on dusty rose or sand grounds. Recognize by uncanny stillness, rational perspective hosting impossible premises, and authored paradox — never neon saturation, glitch decay, collage scrap, or snapshot accident."
Sweet_Lolita,aes/Sweet_Lolita/SKILL.md,"Sweet Lolita (ama rori) is the most child-like of the three main Japanese Lolita fashion styles — knee-length, petticoat-poofed ""cupcake"" bell skirts in baby pink, sax blue, mint, pale yellow and lilac over white, covered in allover prints of sweets, animals, hearts and ribbons. Recognition anchors are a head-width satin hairbow, Peter Pan collars and puffed sleeves, lace wrist cuffs, knee socks with multi-bow Mary Janes, heart- or star-shaped bags, toy-like plastic jewellery, and hime bangs or twin-tail wigs. High-key soft light and doll-like posed or street-snap framing complete an innocent, storybook mood."
Swenkas,aes/Swenkas/SKILL.md,"Swenkas is the mid-20th-century Zulu working-class dandy subculture of Johannesburg: migrant-labour men in immaculately tailored European suits (conservative black, brown and ivory or bold pink, red, blue, plum), brimmed fedoras, polished leather shoes and accessories such as braces, cuff links, gloves and zebra-striped socks, caught in held, choreographed competition poses (""swank""). Images pair sartorial glamour with sun-faded township backdrops — corrugated iron, peeling plaster, dust yards, shopfronts — in honest colour-documentary light. Load this skill for formally suited Black South African men posing with statuesque pride against modest urban environments, as distinct from La Sape, Skhothane or the historical European Dandy."
Swingjugend,aes/Swingjugend/SKILL.md,"Swingjugend (Swing Youth) is the late-1930s to early-1940s German youth counterculture of jazz defiance — long-haired boys in long checked sports jackets, crepe-soled shoes, showy scarves and carried-anyway umbrellas, girls with loose hair, red lipstick and penciled eyebrows, caught mid-lindy-hop or crowded around shellac 78 rpm records. Visually it survives as grainy wartime gelatin-silver snapshots: packed rooms with collage walls of posters and record discs, kicked-up dancing couples, laughing group portraits, in a muted wool-and-cream palette punctuated by lipstick red, deliberately brighter than any uniform. Recognize it by the conjunction of Anglo-American swing props, ironic film-star cool, and monochrome or faintly hand-tinted period print quality."
Symbolism,aes/Symbolism/SKILL.md,"Late-19th-century European movement that paints dreams, myths, the occult, eroticism and death as veiled emblems rather than observed reality. Its palette runs from charcoal noir and muted sage-and-cream fresco tones to jewel-box gold, ultramarine and carnelian, lit by twilight, interior gloom, or a single supernatural glow emanating from halos, apparitions and pale flesh. Signature elements include hieratic solitary figures, winged or demon doubles, masks and hollow eyes, veils, cypresses, thrones and idols, and threshold spaces such as shores, towers and sealed interiors."
Synthwave,aes/Synthwave/SKILL.md,"Synthwave (also Outrun / Retrowave) is the neon-noir retrofuturism of the mid-2000s French electronic scene, remembering a 1980s that never happened: striped setting suns over glowing perspective grids, wireframe mountains, chrome script typography, and wedge-shaped supercars on night coastal highways. Its palette is deep black, magenta, cyan and violet with a yellow-to-magenta sun ramp, rendered with a polished, high-contrast, cinematic finish. Load this skill for night-drive nostalgia imagery, neon grid landscapes, arcade/soundtrack homage art, or chrome-and-neon cover and poster design."
Tacticool,aes/Tacticool/SKILL.md,"Tacticool is a 2010s hobbyist aesthetic built on modern special-forces replica gear — plate carriers, MOLLE webbing, high-cut helmets with night-vision mounts, and over-accessorized prop firearms — in black, olive drab, coyote brown and multicam camouflage, deliberately mixed with civilian clothes like jeans and flannel. Subjects range from airsoft operators and firearms hobbyists to anime ""battle maids"" and armed schoolgirls, all staged with pristine kit in studio backdrops, concrete interiors or urban night scenes. The look prizes appearance over function: redundant optics, scopes on handguns, and camouflage worn where it conceals nothing are signature tells."
Taisho_Roman,aes/Taisho_Roman/SKILL.md,"Taisho Roman (Taisho Romance, Haikara) is the Japanese-Western hybrid aesthetic of 1912–1926 Japan and its nostalgic revivals: moga in cloche hats and geometric-motif kimonos, mobo in bowler hats and Lloyd glasses, girls in serafuku sailor collars, moving through streets of brick Art Deco stations, streetcars, trains and telegraph wires. Its palette sets bright aniline-dye accents — vermilion, mustard, teal, plum — over cream paper, hand-tinted photograph softness, or flat sousaku-hanga print planes. Recognize it by the fusion of Japanese tradition with 1920s machine-age optimism and a romantic, briefly-liberal, faintly elegiac mood."
Takenokozoku,aes/Takenokozoku/SKILL.md,"Takenokozoku (""Bamboo Shoot Tribe"") is the mid-1970s–1981 Harajuku street-dance subculture of teenagers in voluminous, vividly saturated synthetic costumes — harem pants and shapeless jumpsuits in magenta, crimson, violet and teal, trimmed with ribbons, bows, sashes and fringe. Recognition hinges on gaudy color-blocked satin or jersey ensembles with wide kimono-like or dolman sleeves, group dance formations on sunlit park promenades and pedestrian crossings, portable radios blaring rock, and a deliberately unrefined, handmade-maximalist finish — captured either as faded 1970s film snapshot or crisp modern revival documentary."
Talahon,aes/Talahon/SKILL.md,"Talahon is the German-speaking TikTok youth aesthetic that went viral in summer 2024: teenage and young-men crews performing gangster posturing — shadowboxing, flying kicks, deadpan stares into the lens — in black tracksuits and glossy puffers accented by bootleg Gucci monogram caps, belts and chest-slung fanny packs, metal chains and chunky white Air Max sneakers. Its palette is red, white, black and gold over monogram beige, captured in vertical phone-video frames or harsh-flash night snapshots in mundane public spaces. Recognize it by the trio of counterfeit-luxury display, sportswear base, and confrontational meme performance."
Tanbi_Kei,aes/Tanbi_Kei/SKILL.md,"Tanbi Kei is the Visual Kei substyle of elaborate European court costume — Baroque, Victorian and Rococo revival stage wear in wine red, black, ivory and antique gold, loaded with brocade frock coats, jabots, corseted gowns, bonnets and hair ribbons. It is recognized by porcelain white-face makeup with bright lips, teased architectural wigs, androgynous or crossdressed performers, and formal court-portrait tableaus set against damask interiors, gilded furniture or painterly backdrops. Look for maximal lace-and-gold detail density and a theatrical royalty mood; distinguish it from restrained Aristocrat, streetwear Lolita and period-accurate Rococo."
Tang_Dynasty,aes/Tang_Dynasty/SKILL.md,"Court and Silk-Road aesthetic of Tang China (618–907): plump court ladies and fine horses drawn in smooth, rounded ""flowing drapery"" line on warm aged-silk grounds; sancai lead-glazed ceramics in green, amber and cream; gold and silver vessels with lobed petal forms and chased floral scrolls; and baoxiang rosettes, pearl roundels and scroll-grass vines set in gold on teal. Recognize by mineral pigment over tan silk, dripping tri-color glaze, radial medallion symmetry, gently sloped broad-eaved halls, and an air of prosperous, cosmopolitan confidence."
Tango,aes/Tango/SKILL.md,"Argentine dance-born aesthetic (1880s Buenos Aires–Montevideo ports, golden age 1930–1952) built on a red–black–white spine: couples locked in close embrace, bandoneóns, red roses, cobblestones, milonga halls and Buenos Aires icons. Renders as tenebrist oil painting, grainy monochrome photograph, or flat vintage litho poster with worn paper and Art Deco lettering. Mood is tragic romance, contained passion and taboo sexuality — never festive or tropical."
Taqwacore,aes/Taqwacore/SKILL.md,"Taqwacore is the early-2000s Muslim-punk fusion aesthetic born from Michael Muhammad Knight's novel The Taqwacores: black DIY punk (mohawks, liberty spikes, leather, stitched patches, tartan) deliberately spliced with Islamic and South Asian dress (hijab, burqa, kufi, kurta, keffiyeh) and Arabic-script graphic design. Expect deadpan plain-wall promo portraits, flash-lit basement shows, and screen-printed posters in a palette of black, tartan red, acid lime or violet, and olive or cream grounds. Recognize it by the juxtaposition itself — band patches over a burqa, spikes rising from a hijab, a prayer rug under a band's knees."
TechnoNeko2000,aes/TechnoNeko2000/SKILL.md,"TechnoNeko2000 is the glossy ""cyber-moe"" house style of mid-2000s to early-2010s YouTube/Niconico upload culture and Exit Trance-style compilation covers: 2000s moe anime girls fused with consumer hardware — oversized mechanical headphones, communicator headsets, cables and plugs wrapped into the outfit — framed by floating Aero-Glass UI panels, hex code rain, loading bars and speaker-stacked digital voids. Its palette runs from high-key white and periwinkle washes to saturated cyan, lime green and silver on near-black, with hot-pink accents, all rendered in high-gloss vector/airbrush anime finish. Recognize it by tech-optimist glow, hardware personification (OS-tan, VOCALOID-type idols), and rave-energy posing rather than cyberpunk grime or corporate sterility."
Technozen,aes/Technozen/SKILL.md,"Technozen is the mid-late 2000s Japanese consumer-tech aesthetic: high-key white and unstained light-wood minimalism accented with pale cyan and matcha green, populated by small boxy glossy-and-matte gadgets (Wii/DS-era consoles, clamshell handhelds, service robots, PDAs), UI-like rounded panels with thin gothic type, and houseplants or low-poly nature held in tidy balance. It reads simultaneously sterile-professional and cozy-cute. Use this skill when recognizing or generating images of 2000s Japanese tech product art, bright Muji/IKEA-adjacent interiors, casual-game menus and box art, or clean CG still lifes in that lineage."
Techwear,aes/Techwear/SKILL.md,"Techwear is the urban-functional fashion aesthetic born in 1990s Munich and Japan (Acronym, Nike ACG), built on monochrome technical shells — matte Gore-Tex laminate, ripstop, taped waterproof zippers, MOLLE webbing, magnetic buckles — cut into ergonomic silhouettes with high collars, hoods, face masks and tapered articulated trousers. Its figures are masked or collar-hidden ""grey man"" commuters and ninja-like loners on overcast concrete rooftops, parking decks and brutalist plazas, shot in flat, desaturated light with logo-free restraint. Recognize it by purposeful hardware, baggy-thigh/tight-ankle trousers, and a stealth palette of black, graphite, olive, navy and grey set against urban infrastructure."
Tecktonik,aes/Tecktonik/SKILL.md,"Tecktonik (TCK / Electro Dance / Milky Way) is the flash-lit French club-and-street subculture of 2006–2008: upright dancers with gel-stiffened mohawks and mullets, skinny jeans, fingerless black-and-white striped gloves, rhinestone or LED belts, and heraldic-eagle-and-pink-star brand prints, all on a black-and-white base pierced by hot pink, neon green and electric cyan. Expect harsh on-camera flash at night, flat daylight on concrete plazas and parking garages, low-res YouTube-era video stills, and Y2K vector flyers with sunburst rays, stars, checkerboard and diagonal wordmarks. Recognize it by the vertical, arm-driven dance pose with planted feet, the dark star makeup at one eye, and logo-wearing teenage bodies treated as both dancer and merchandise."
Teddy_Boys,aes/Teddy_Boys/SKILL.md,"British 1950s working-class subculture aesthetic built on the New Edwardian suit — long draped jackets (often with contrast velvet collars), high-waisted tapered drainpipe trousers, waistcoats, bootlace ties, crepe-soled Brothel Creepers and a flash of bright green or pink sock, worn with greased quiff hair. The visual record splits between grainy, overcast black-and-white street photography of loitering gangs among brick walls, iron railings and bomb-site rubble, and saturated early-colour studio portraits against flat pastel paper. Plain, sober cloth colours punctuated by one small saturated accent; thrifted fabric, peacock posture, defiant elegance."
Teen_Crush,aes/Teen_Crush/SKILL.md,"Teen Crush is a late-2010s South Korean K-pop concept aesthetic that fuses Girl Crush attitude with High Teen preppy codes: subverted school uniforms, varsity lettering and sportswear clashed with cargo pants, combat boots and chains, rendered in neon pink, electric blue and acid yellow plaids and graphic prints. Recognize it by bright hair dye, chunky sneakers or Dr. Martens, glitter-eye makeup, sticker-kitch collage graphics, high-key studio or daylight promo lighting, and confident, bratty staging of young performers."
Teenpunk,aes/Teenpunk/SKILL.md,"Teenpunk is the commercial pop-punk youth aesthetic of the late 1990s to early 2010s: black plus hot pink on white grounds, checkerboard strips and Vans slip-ons, skulls softened with bows or hearts, star and paint-splatter stickers, fishnets and studded belts over band tees. Expect collage-scrapbook layouts, glitter-edit sparkles, angsty handwritten or stencil type, and messy spiky hair with neon pink or green streaks. It reads as mall-bought rebellion — edgy motifs packaged playfully — rather than subcultural punk or emo."
Teethcore,aes/Teethcore/SKILL.md,"Teethcore is a mid-2010s Tumblr surreal aesthetic that treats extracted human teeth as isolated art objects — loose teeth arranged in ritual patterns (hearts, circles, pentagrams), capped into necklaces and earrings, or kept in lockets, music boxes and specimen trays. Its palette is muted blush pink, ivory and bone with small antique-gold or silver accents and occasional stark near-black grounds, shot in soft flat-lay or macro still-life with lo-fi Tumblr-era grain. Recognize it by the tooth decontextualized from the mouth and paired with sentimental, delicate staging: uncanny and anxiously tender rather than gory."
Tenniscore,aes/Tenniscore/SKILL.md,"Tenniscore is a 2020s fashion microtrend built from classic tennis apparel: pleated white skirts, piqué polo shirts and tennis dresses trimmed in court green, lime or navy, accessorized with visors, terry sweatbands, tube socks and diamond tennis bracelets. Its imagery lives on clay, grass and blue hard courts under hard sunlight or faded vintage-film light, mixing country-club leisure with sporty poise. Recognize it by a white-first palette, knife pleats, rackets and nets as props, and a preppy, luxurious, leisurely mood."
Teslapunk,aes/Teslapunk/SKILL.md,"Teslapunk is a retrofuturist microgenre branched from steampunk, set in a Victorian/Edwardian alternate history in which Nikola Tesla-style wireless electricity powers the world. Its visual DNA is copper-and-brass coil apparatus, exposed screws and glass insulators lit by jagged cyan-white lightning arcs and glowing plasma orbs, set against deep indigo shadow, fog, and warm incandescent amber; figures wear top hats, waistcoats, crinolines and goggles. Typical subjects are tesla coils, coil-fed weapons and vehicles, generator-cathedral interiors, inventor portraits, and characters channeling electric ""magic"" from their hands."
Thai_Modern,aes/Thai_Modern/SKILL.md,"Thai Modern (also called Thai Vintage) is the candy-saturated hybrid aesthetic of Thailand from the 1930s to the early 1980s — golden-age Thai cinema's colour logic of teal green, hot pink, crimson and mustard yellow, hand-painted backdrops and brush-script poster logotypes, rural rice-field and lotus-water tableaus, and Western-cut fashion fused with Thai dress. Recognise it by matte aged-film colour with cream-lifted highlights, staged romantic tableaus against painted or flat-colour walls, colonial stucco and painted-wood settings, and a sincere, melodramatic, festive mood."
That_Girl,aes/That_Girl/SKILL.md,"Early-2020s TikTok-born wellness-routine aesthetic of aspirational self-improvement: high-key white, cream and nude frames punctuated by sage/matcha green accents and small fruit-colored pops. Signature content is the documented daily routine — healthy breakfast flat-lays, matcha and spa water, matching ribbed workout sets, organized bins and tidy rooms, gym/park/grocery errands — shot as candid phone vlog stills or labeled multi-panel collage grids. Mood is serene, orderly, optimistically productive."
Theatre_Academia,aes/Theatre_Academia/SKILL.md,"Theatre Academia is a 2010s academic aesthetic built around the study and practice of dramaturgy: gilded playhouse interiors, crystal chandeliers and red velvet seats under golden candlelight, annotated scripts, sheet music and playbills, costume rails and backstage rigging, dressed in tweed blazers, turtlenecks and period-costume silks in gold, red, black, grey and cream. Recognize it by warm gilt-and-amber light falling on theatrical architecture, rehearsal labor and costume craft — midway between Dark Academia's libraries and Romantic Academia's lace, but always inside the orbit of a stage."
Theriancore,aes/Theriancore/SKILL.md,"Theriancore is a 2010s–2020s internet aesthetic from the therian/alterhuman community, recognizable by crude glowing-white ""spirit edit"" doodles (stars, hearts, swirls, exclamation marks, and the Theta-Delta ΘΔ sigil, typically stamped on the forehead) scratched over realistic wildlife photography, and by DIY paper-mache or felt animal masks with faux-fur tufts worn over ordinary hoodies and tank tops in low-angle, ground-level snapshots. Its palette is muted earth tones — moss green, charcoal, rust, brown, cream — with stark white reserved for the hand-drawn line-art layer. Mood: feral escapism, craftcore sincerity, melancholic autumn liminality, and masked digital anonymity."
Thought_Daughter,aes/Thought_Daughter/SKILL.md,"Thought Daughter (c. 2024, Pinterest/TikTok meme culture) is the aesthetic of the melancholy, intellectual young woman: cut-out PNG moodboards on cream and white grounds, serif and italic captions mixing elevated diction with internet slang, prestige book covers and philosophy tomes, cut figs and pomegranates, oysters and martinis, niche perfume bottles, black-and-white 1960s arthouse film stills of tearful women, and librarian-vintage fashion in black, ivory and jewel tones. Recognize it by taxonomic object grids (""top notes / base notes""), photographed poem pages and handwritten ink notes, and soft, unfiltered daylight photography of attainable daily life rather than heightened glamour."
Thrash_Metal,aes/Thrash_Metal/SKILL.md,"Thrash Metal is the visual culture of the early-1980s speed-metal scene — sleeveless denim battle vests sewn dense with embroidered band patches, bullet belts, ripped indigo or black jeans, white high-top sneakers and long loose hair, captured with faded analog grain against corrugated shutters, brick alleys and gel-lit stages. Its palette is black and denim blue punctured by small bright, often neon, album-art accents; its graphics are sharp weapon-angular logos and cartoonish-grotesque or politically charged illustration. Recognize it by the patch-collage vest, headbanging energy and DIY snapshot framing; it carries no punk mohawks, no black-metal corpsepaint, no glam gloss."
TikTok_4chan_Art_Trend,aes/TikTok_4chan_Art_Trend/SKILL.md,"Mid-2020s TikTok aesthetic (""Lottie Clone"", ""4chancore"") that restages mid-2000s imageboard and Flash culture as polished Moe/Cutecore digital art: chibi cat-eared OCs with four-leaf-clover hairclips, a ""medical"" pink and mint-green palette, maroon 4chan UI screenshots, rainbow WordArt and NEET shirt slogans layered as collage. Flat cel coloring, airbrushed pastel haze, deadpan ironic cuteness, and old-web artifacts rendered with modern fidelity. Recognize it by the clover motif plus pastel kawaii characters plus archival web debris in one frame."
Tiki,aes/Tiki/SKILL.md,"Mid-century American ""Polynesian Pop"" escapism born in 1930s cocktail lounges: dim amber light over carved wooden idols, bamboo and rattan ceilings, rope nets with glass fishing floats, hibiscus blooms, torches, and rum cocktails in sculptural ceramic mugs. Palette of khaki, olive green, warm wood brown, vermilion-orange flame accents and aqua turquoise, rendered as vintage photograph, mid-century cream-paper print, or flat bamboo-print animation pattern. Recognize by theatrical tropical kitsch — thatch, tiki mugs, hand-lettered luau signage, lagoon glow — never by bright minimalist resort tropicalism."
Tokusatsu,aes/Tokusatsu/SKILL.md,"Japanese practical-effects spectacle aesthetic (1954–present): suited kaiju and masked henshin heroes in glossy molded armor with insectoid compound eyes, color-coded in saturated primaries and chrome sheens, staged against miniature city sets, smoke and pyro explosions. Signature elements include transformation belts, low-angle giant-scale staging, team color lineups, retrofuturistic analog technology and hand-built suit textures. Mood is earnest heroism, handmade wonder and monster pathos, from monochrome 1950s kaiju films to saturated Showa TV color to modern digital suits."
Tomato_Girl_Summer,aes/Tomato_Girl_Summer/SKILL.md,"Tomato Girl Summer is the 2023 TikTok-born microtrend of romanticized Mediterranean leisure — tomato-red linen, slip sundresses, silk headscarves, straw bags and espadrilles set against cream stucco, cerulean sea and olive green, lit by hard sun-bleached noon light. Recognize it by al fresco tables of pasta and heirloom tomatoes, tiled terraces, cobblestone streets and vintage Vespas, red-white stripes, gingham and majolica florals, and a curated 1950s Riviera escapism that is warm, red-dominant and sensually sun-drunk."
Tomboy,aes/Tomboy/SKILL.md,"Tomboy is an identity-first aesthetic of girls and women wearing masculine-coded clothing — oversized shirts, boyfriend jeans, distressed denim, flannel, camo, band tees, sneakers and work boots — captured mid-activity in sports, outdoors, garages or gaming rooms. Its palette is neutral-dominant (black, white, heather grey, denim blue) with sparing saturated accents (red, green, purple, orange), hair is short, undercut, messy bun or ponytail, and a single feminine accent such as a gold hoop earring often punctuates the look. Mood is unbothered, free-spirited and androgynous: comfort, competence and worn-in fabric over ornament."
Too_Cool,aes/Too_Cool/SKILL.md,"Too Cool (土酷, ""tacky cool"") is a kitschy 2010s Chinese aesthetic that reclaims rural taste through maximalist digital collage — saturated teal, pink, red and ingot-gold, glossy skeuomorphic rainbow typography, Buddhist and folk iconography (deities, ingots, lotus, temples), waterfall and peony backdrops, and embellished qipao worn in performative, flash-lit poses. Recognize it by cut-and-paste composite logic with mismatched scale and lighting, horror-vacui layering of clip-art orbs, hearts, starbursts and vernacular Chinese text over studio portraits or poster layouts, and an unapologetically garish, ironical-yet-affectionate mood."
Torero_Aesthetic,aes/Torero_Aesthetic/SKILL.md,"The Torero aesthetic (Bullfighter/Matador Style, Tauromaquia) is the ornate ceremonial visual language of Spanish bullfighting, built around the traje de luces — a waist-cut silk and satin suit saturated in hand-sewn gold or silver thread embroidery — with the black velvet montera, the magenta-and-yellow capote and the red muleta as its signature props. Its palette is blood red, fuchsia pink, metallic gold and silver, ink black and albero ochre sand, lit by hard arena sun, votive candlelight or controlled editorial light. Recognize it by all-over metallic arabesque embroidery on a tight high-waisted silhouette, pink stockings, cape arcs in motion, and a mood of solemn pageantry, bravery and tragedy."
Touge,aes/Touge/SKILL.md,"Touge (also called the Initial D aesthetic or Eurobeat Drifting) is a 2010s internet aesthetic romanticizing 1990s–early-2000s Japanese street racing: boxy JDM tuner cars, iconically the panda-trim Toyota AE86, drifting dark winding mountain passes lit only by hazy headlights. Recognize it by lo-fi VHS grain, scan lines and chromatic aberration, kinetic Japanese typography, and a night palette of deep blues and blacks pierced by white-yellow headlight bloom, with magenta-violet-teal poster/album-cover variants. Distinguish it from Synthwave and Cyberpunk by its rural mountain-road setting, period-correct analog cars, and degraded analog-video texture rather than neon city gloss."
Toyism,aes/Toyism/SKILL.md,"Toyism is a collective Dutch art movement (founded 1992 in Emmen) of figurative storytelling painted in flat, unmixed, high-contrast color fields saturated with hand-placed dots. Recognition hinges on hybrid bird-fish-insect creatures with concentric-ring eyes and striped limbs, crisp contours over split or banded grounds of magenta, yellow, indigo, cyan and red, dense stipple ornament, and a toy-like joy that hides serious contemporary commentary; masked anonymous artists and whole-object murals (gas spheres, water towers, hotel rooms) extend the same language into three dimensions. Load this skill when imagery shows flat saturated narrative figuration with dotwork craftsmanship, as distinct from Pop Art halftones, Memphis geometry, Neo-Pop gloss or painterly Surrealism."
Trad_Goth,aes/Trad_Goth/SKILL.md,"Trad Goth is the original UK goth subculture look (late 1970s–1980s, Batcave-era post-punk): enormous backcombed black hair, matte pale skin with graphic black Egyptian eyeliner and dark lips, and black layers of leather jackets, band tees, fishnets and studs, patched and pinned by hand. The palette is black-dominant with bone-white, oxblood-red or deep-purple accents, typically carried on grainy black-and-white or flash-faded colour film. Recognise it by the teased hair silhouette that dominates the frame, the DIY punk hardware (ankhs, cross beads, mesh gloves, winklepickers), and the aloof, androgynous pose; separate it from Deathrock's bright dyes and veils, Glam Rock's glitter, and Post-Punk's austerity."
Tradcath_Coquette,aes/Tradcath_Coquette/SKILL.md,"Tradcath Coquette (Coquette Catholic, Conventcore) is a mid-2020s internet aesthetic that filters traditional Catholic devotion — rosaries, veils, crucifixes, Virgin Mary and medieval-saint statuary, candlelit cathedral interiors — through hyper-feminine coquette softness: blush pinks, pearls, lace, silk slips, bows woven into braids. Signature images juxtapose girlish sweetness with melancholy or deadpan irony: flash-lit veiled selfies, flat-lays of glitter-resin crosses and pearl rosaries, meme-captioned holy cards, crimson Sacred Hearts on cream grounds. Recognize by the pastel-pink-plus-oxblood palette, faded-film or direct-flash lighting, and the constant tension between reverence and play."
Tradwife,aes/Tradwife/SKILL.md,"Tradwife is a late-2010s–2020s internet aesthetic in which a contemporary woman performs an idealized 1950s housewife — modest vintage-style dresses and aprons in soft pastels, floral prints and gingham, captured mid-domestic-task (baking bread, hanging laundry, serving a husband) in immaculate kitchens, gardens and porches. Recognize it by camera-aware women in puff-sleeve, below-knee dresses holding oven mitts, loaves or enamelware; soft warm window light or saturated mid-century ad colorization; and a serene, performed contentment. Two registers coexist: smartphone-era reenactment and mid-century advertisement/photo pastiche."
Trailer_Park_Princess,aes/Trailer_Park_Princess/SKILL.md,"Trailer Park Princess is a 2010s Tumblr-born aesthetic that dresses 1950s–70s American poverty in hyperfeminine pink kitsch — trailer parks, run-down motels, truck stops and discount-store lingerie shot in washed-out bubblegum pink, cherry red and sun-bleached cream. Signature elements include vintage pin-up lingerie, plastic tiaras, bisque dolls and mannequins, kitschy religious clutter, guns and true-crime ephemera, all rendered in grainy flash-snapshot or exploitation-film screencap grammar. Typical subjects are young women in unglamorous erotic poses amid worn domestic clutter, deadpan object still-lifes of dolls and kitsch, and faded trailer exteriors, carrying a mood of nostalgia, unease and camp deviancy."
Tranquil_Serenity,aes/Tranquil_Serenity/SKILL.md,"Tranquil Serenity (Frutiger Zen) is a mass-market CGI aesthetic of the c. 2000s–2010s that renders East Asian meditation motifs — floating lotus blooms, stacked zen stones, glossy bamboo culms, mirror-still water — in frictionless early-2000s 3D sheen. Its palette runs from spa neutrals (soft sage, cream, warm beige, bluish gray) to saturated bamboo greens and magenta lotus pinks over cyan water, lit by diffuse high-key light with optional candle-glow accents and soft bokeh discs. Recognize it by perfect specular reflections, waxy translucent petals, polished pebble stacks, gradient skies, and spa-brochure stillness; it is the wellness-app and 3D-wallpaper cousin of Frutiger Aero without any technology."
Trap_Metal,aes/Trap_Metal/SKILL.md,"Trap Metal (also Ragecore, Screamo Trap, Hardcore Trap, Industrial Trap) is the visual language of the late-2010s US SoundCloud rap underground that fused trap with metal and punk: black-dominated frames punched with blood red and at most a slash of neon, faces obscured by painted hockey masks, balaclavas or corpse-paint makeup, illegible blackletter and scratchy graffiti tags, distressed streetwear-techwear hybrid fashion, xerox-grade distortion and harsh on-camera flash grain. Typical subjects are masked or heavily tattooed solo performers, screaming fanged creature cover art, deformed scratchy illustrations, and DIY gore clay figures. Load this skill to recognize or generate nihilistic, shock-value underground rap-metal spectacle."
Trashcore_(videogame),aes/Trashcore_(videogame)/SKILL.md,"Trashcore (videogame) is the deliberately harsh aesthetic of the 2000s-onward itch.io underground: game screenshots and title cards that clash acid neons (lime, magenta, hot red, cyan) against dingy browns, greys and black voids, and cram crude pixel sprites, photobashed photo cutouts, full-bright low-poly geometry and broken repeating tilesets into a single mismatched frame. Recognize it by mixed asset fidelity, overcompressed JPEG damage, monospace HUD boxes and command menus, strobing hue-shifted patterns, and cartoonishly unrealistic gore; it prizes discomfort, absurdism and chaos over any polish. Load this skill when an image reads as an intentionally ugly, garish indie-game artifact rather than retro pixel nostalgia or clean low-poly minimalism."
Traumacore,aes/Traumacore/SKILL.md,"Traumacore is a mid-to-late-2010s Tumblr-born edit aesthetic that layers confessional, childlike first-person text and wound-signs (blood red, sticker knives, censor scribbles, drawn-on tears) over faded pastel-pink imagery of childhood innocence — Sanrio-type characters, plush toys, porcelain dolls, angels, birthday cakes, dollhouses and empty childhood rooms. Recognize it by its two-layer structure: a soft, low-resolution, pink-white-cream nostalgic base corrupted by sincere journaling text and red/magenta accents, often inside liminal domestic or institutional spaces. It reads as visual journaling and coping art, never as pure cute decor or pure surreal uncanny."
Trillwave,aes/Trillwave/SKILL.md,"Trillwave is the cover-art and collage aesthetic of early-2010s underground internet hip-hop (SoundCloud/Tumblr, c. 2010–2014): xeroxed Memphis-rap lo-fi, chopped-and-screwed purple/magenta grading, Greco-Roman statues and pools, jungle foliage dropped into digital voids, low-poly N64/PS1 renders and anime stills, all capped with Old Web Unicode typography. Signature DNA is a black/white/purple/gold palette, mirrored Rorschach symmetry, dithering and compression grain, and transparent-PNG subjects isolated on white voids. Recognize it by the collision of 90s Southern rap iconography (cash, lean cups, firearms, Pen & Pixel chrome type) with early-internet digital nostalgia and melancholy ""holy"" mysticism."
Trinketcore,aes/Trinketcore/SKILL.md,"Trinketcore (aka I-Spy) is a 2000s handcrafted-craft aesthetic built from odd antiques, buttons, charm chains, jarred collections, papercraft maquettes and star-strung bedrooms, lit by yellow lamp light over a muted brown-and-cream palette in which blues and purples replace black. Signature looks include dense seek-and-find arrangements of mismatched trinkets, stop-motion/claymation-style objects, doodled creatures on flat yellow grounds, scrapbook collages, and thrifted layered fashion with fluffy socks, patches and charm-laden bags. The mood is childlike curiosity, cozy nostalgia and gentle, glue-gun magic."
Trojan_Skinhead,aes/Trojan_Skinhead/SKILL.md,"British working-class subculture style of the late 1960s and its revivals, named after Trojan Records: clipper-cropped (grade 2–4) hair, Ben Sherman button-downs and Fred Perry polos, braces over shirts, Harrington jackets and Crombie coats, cuffed blue jeans over smooth leather boots or moccasin loafers, in a tan / forest green / black / white wardrobe palette extended by denim indigo and oxblood leather. Imagery is snapshot-documentary — multiracial crews on brick estates, in doorways, at dancehalls and ska gigs — rendered in faded colour film or grainy black-and-white. Use when recognizing or generating Traditional / ""Spirit of '69"" skinhead fashion and its Jamaican-music culture."
Tropicabana,aes/Tropicabana/SKILL.md,"Tropicabana is a late-1990s/early-2000s Y2K sub-aesthetic of spunky ""island girl"" maximalism: oversaturated sunrise-warm palettes (hot pink, tangerine, turquoise, lime, yellow), Hawaiian hibiscus and patchwork prints, airbrushed citrus and fruit decals, sequins, beads and bandanas over halter tops and sarongs, plus triadic-color tween bedrooms with curved sofas and disc curtains. Recognize it by deliberate pattern-clashing warmth, flash-bright or golden-hour light, tropical fruit and florals used as graphics, and an outgoing, playful feminine energy. It descends from 1960s–70s Flower Power and Disco filtered through Polynesian and Caribbean dress, and resurfaces in 2020s pop revivalism."
Tropical,aes/Tropical/SKILL.md,"Tropical (Island Life, Islandcore) is a warm, sun-bleached island aesthetic built on turquoise lagoon water, pale sand, palm and jungle greens, and fruit-and-flower accents of hibiscus red, banana yellow and sunset peach. Its signature elements are castaway and survival traces (shipwrecks, bamboo rafts, straw huts, hammocks, weathered rope), shell and cowrie jewelry, crochet and lei, Hawaiian shirts and flowing white resort wear, coconuts and cold drinks, and sea life such as turtles and crabs, all shot in candid natural light from blown-out noon to peach golden hour. Typical subjects are beach and underwater scenes, surfing and snorkeling, beachcombing and foraging, hammock naps, palm-framed sunsets and island still lifes."
Tropicalcore,aes/Tropicalcore/SKILL.md,"Tropicalcore is an early-2020s internet aesthetic of hyper-saturated, kawaii summer-vacation photo edits and collages — neon-cyan water, bloom-blown high-key light, and digital sticker clutter (hibiscus and plumeria blossoms, four-point sparkles, bubbles, fruit cross-sections) framing dolphins, palm trees, pool inflatables and Sanrio/Nintendo/anime characters in gyaru-style beachwear. Recognize it by indie-kid saturation filters, glossy Frutiger-Aero water textures, and its moodboard/collage medium: it is a digital editing style, not a fashion or travel photography style."
Tropideco,aes/Tropideco/SKILL.md,"Tropideco is the 1990s–2000s aesthetic of the commercialized fake tropics — indoor water parks, themed restaurants, resort gift shops and vacation-kitsch bedrooms rendered in oversaturated lagoon teal, jungle green, sunset red, bamboo tan and neon magenta. Its signature elements are fiberglass palms, tiki and moai statues, airbrushed sunset murals standing in for horizons, synthetic pools and aquariums, tiki-torch fire, and point-and-shoot flash photography with soft halation. Recognize it by enclosed, darkly saturated interiors lit only by themed colored light, glossy faux materials, maximalist prop density, and a nostalgic, uncanny ""vacation as product"" mood."
Truzzo,aes/Truzzo/SKILL.md,"Truzzo is the Italian disco-rave youth aesthetic of the late 1990s–2000s: neon-saturated compact-camera flash photos of gel-hardened spiky or two-tone hair, plastic sunglasses, counterfeit-logo tees, animal prints, fur collars and chunky bracelets, crowned with a Blingee edit layer of star and heart stickers, pixel fonts and hue-shifted magenta gradients. Typical subjects are solo poseurs, bathroom mirror selfies and crew phalanxes in piazzas, bedrooms and discoteche, rendered deliberately low-resolution with Italian-language glitter text. Recognize it by the combination of cheap-flash lighting, neon-on-black palette, loud fake-designer logo-mania and earnest sticker-kitself decoration."
Trxsh,aes/Trxsh/SKILL.md,"Trxsh (the Trash Gang aesthetic) is a late-2010s YouTube-born style built from high-contrast anime music video edits: a black-white-red palette, sharp-toothed ""shark mask"" grins, devil horns, face tattoos, chains, Japanese typography and VHS/glitch degradation laid over shōnen anime characters and masked streetwear figures. Recognize it by a monochrome base pierced by one acid accent, crushed blacks or blown whites, scanlines and chromatic aberration, scratchy blackletter logo tags, and an edgy, melancholic underground-rap mood."
Trẻ_trâu,aes/Trẻ_trâu/SKILL.md,"Trẻ trâu (""young buffalo"") is the Vietnamese Flickr-era street-teen aesthetic of the late 2000s to late 2010s: harsh-flash, low-megapixel mirror and arm-length selfies on tilted frames, bleached-blond or copper swooped fringes, tacky skinny shirts and bandanas, modified underbone Honda motorcycles and techno-party nights. Its palette runs from flash-burnt warm whites and cyan night casts to club violet-magenta and cheap hair-dye accents, frequently stamped with leetspeak teen-code watermarks. Recognize it by the mix of defiant flex posing (peace signs, cheek-to-cheek couples, outfit-against-wall shots), cluttered Vietnamese domestic interiors, and early camera-phone noise."
Tsuyome_Gyaru,aes/Tsuyome_Gyaru/SKILL.md,"Tsuyome gyaru is the ""strong"" pole of 2000s Japanese gyaru fashion: deeply tanned skin, bleached high-volume blonde extensions, extreme false-lash makeup with pale nude lips, and leopard print layered over black and gold. Signature hardware includes wide studded chain belts (the D.I.A belt), short shorts, fur or knit leg warmers and slouch boots, captured in flash-lit street snaps, mirror selfies and magazine scans. The mood is flashy, sexy, cool rebellion — loud ""ora ora"" confidence, never sweet or soft."
Tudor,aes/Tudor/SKILL.md,"Visual culture of Tudor and Elizabethan England (1485–1603): hieratic jewel-toned portraiture in satin, velvet and cloth-of-gold, starched white ruffs, gable and French hoods, pearl-encrusted pointed bodices over wheel farthingales, and emblematic symbolism (Tudor rose, heraldry, pearls, pansies). Recognizable by frontal, evenly lit, status-driven composition; deep crimson, royal blue, emerald and Tyrian purple set against black, oak brown and curtain red with gold thread; and, in architecture, black-and-white half-timbering, red brick, ornate chimney stacks and low four-centred Tudor arches. Use for court portraiture, state ceremony, vernacular Tudor streetscapes and prodigy-house interiors — not for Baroque dynamism or Victorian medievalism."
Tumbette,aes/Tumbette/SKILL.md,"Tumbette is a TikTok-born Mexican fashion aesthetic (early 2024) that fuses corridos-tumbado streetwear with hyper-feminine coquette: an oversized motocross, baseball or basketball jersey worn over a lace or pleated miniskirt, with white tights or knee socks, ballet flats or platform boots, hair bows, pearls and pearl-studded trucker hats. Recognize it by vertical phone-snapshot outfit photos in domestic or street settings, a palette split between coquette pastels and saturated jersey team colors, gender-fluid casting, and DIY collage edits on airbrushed pastel gradients. Distinguish from Blokette (soccer jerseys, terrace casual), pure Coquette (no masculine anchor), Tumbado (no feminine pieces) and Buchón (luxury logomania)."
Tumblr_Coming-of-Age,aes/Tumblr_Coming-of-Age/SKILL.md,"Amateur-flash snapshot aesthetic of Tumblr c. 2012–2018 documenting teenage friendship — group house parties, fence-climbing, late-night parking lots, worn Converse and thrifted fuzzy knits, rendered in faded, lifted-black film grading punctured by glow-stick neon. Splits into a rebellious group-night register and an angsty register of glowing sentimental text over empty rooms, abandoned interiors, and childhood cartoon screenshots. Recognize it by tangles of friends (almost never solo), milky desaturated shadows, instant-camera grain, collage-and-caption presentation, and unironic adolescent sentiment."
Tuscan_Rustic,aes/Tuscan_Rustic/SKILL.md,"Tuscan Rustic (also Tuscan Style, Old-World Luxe, 2000s McMansion) is the warm, earthy interior aesthetic of the mid-2000s American housing boom, modeled on Italian hill-country villas: troweled plaster walls in cream and ochre, terracotta and travertine floors, exposed wood beams, round stone arches, wrought-iron chandeliers and balustrades, and heavy distressed wood furniture. Recognize it by its burnished earth-tone palette (gold, rust, olive, chocolate), arched openings and niches, stone or plaster kitchen hoods, candle-style iron lighting, and its deliberate balance of rustic mass with formal, gilt-framed elegance."
Twee,aes/Twee/SKILL.md,"Twee is a sweet, deliberately childlike indie aesthetic born from mid-1980s UK/US indie pop (C86, Sarah Records, K Records) and later codified by Wes Anderson's filmography and 2010s Tumblr fashion. Recognize it by unnaturally color-coordinated saturated pastels and bright primaries, dense vintage props (rotary phones, typewriters, record players, taxidermy, dollhouses), modest 1950s–70s silhouettes (Peter Pan collars, A-line skirts, knee socks, Mary Janes, cardigans, berets, cat-eye glasses), clashing polka dots and novelty prints, and flat, symmetrical, tableau-like compositions under soft even light. Mood is earnest, shy, whimsical and nostalgic — sweetness worn as a rejection of ""cool."""
Tweencore,aes/Tweencore/SKILL.md,"Tweencore (also Justicecore or Mall Tween) is the maximalist mall-retail aesthetic marketed to pre-teen girls from the late 1990s to about 2014, built on hot pink, lime green, cyan and violet clashing in unnatural zebra and leopard prints, sequined slogan tees (LOL, BFF, OMG), candy-bead and silly-bandz jewelry, translucent butterfly clips, faux fur and pink flip phones. Recognize it by commercial mascot graphics, teen-idol posters and magazine spreads, ""random"" humor motifs (mustaches, tacos, cupcakes with faces), and bright, glossy, cluttered mall, bedroom and product-flat-lay scenes."
Twilightcore,aes/Twilightcore/SKILL.md,"Twilightcore (also Twilight Autumn, 2000s Autumn, Dark Y2K) is a nostalgic cinematic aesthetic built on the desaturated, teal-cyan-and-earth-brown grade of the first Twilight film: fogged conifer forests, rain-slick school parking lots and suburbia, overcast diffuse light, and layered late-2000s teen fashion (flare dark jeans, flannel, light dark jackets, gold lockets, chokers). Recognize it by muted cool color grading, wet reflective surfaces, mist and rain, film grain or soft handheld blur, pale melancholic figures often seen from behind, and a mood of romanticized fall, school-days and implied vampiric yearning."
UK_Drill,aes/UK_Drill/SKILL.md,"UK Drill is the masked, all-black visual language of the London roadman subculture born in Brixton in the early 2010s — balaclavas and ski masks, puffer jackets, Nike Tech Fleece tracksuits and tech vests, shot on grainy phone cameras under harsh flash or sodium-lit night streets. Recognise it by concealed faces showing only eyes, reflective brand logos glowing out of crushed black shadows, crew rows on concrete estates and train carriages, and a menacing, anonymous mood laced with flash-cash and designer-logo aspiration."
UK_Garage,aes/UK_Garage/SKILL.md,"UK Garage (UKG / 2-step) is the mid-1990s to early-2000s London club subculture whose look is loud Italian designer dressing — Moschino and Versace all-over print shirts (pound notes, clouds, baroque classical art), metallic lamé and satin with gold and silver accents, baggy designer jeans, bucket hats and tinted shades worn indoors, champagne flutes and fresh white Reebok Classics. Images read as 35mm flash party photography: harsh on-camera flash, saturated colour film, dark club interiors or red walls, glamorous multicultural groups posing confidently with arms locked or hands raised. Recognise by print density plus metallic sheen plus flash-snapshot glamour together, not by any single motif."
Uchuu_Kei,aes/Uchuu_Kei/SKILL.md,"Uchuu Kei (""Space Style"") is a 2000s Harajuku street fashion that retools Fairy Kei's pastel, childlike layering into 1990s-flavored space-age pop: a pastel foundation shot through with neon and cool blues/purples, metallic silver and holographic PVC/vinyl sheen, and literal alien, planet, star and rocket motifs. Signature elements include tutu and flared skirts over knee socks or legwarmers, shoulder rings and disc hardware, futuristic headphones or miniature space helmets, big messy candy-colored hair, and unconventional blue/green/purple lipstick. Recognize it by glossy synthetic shine plus cute cosmic literalism in playful, high-key, theatrical pop imagery."
Ugly_Chic,aes/Ugly_Chic/SKILL.md,"Ugly Chic (Kitsch Chic) is an early-2020s fashion aesthetic that turns deliberate ugliness into a high-status statement: clashing prints (argyle, plaid, leopard), awkward oversized proportions, and ""sludge"" tones of olive, mustard and brown colliding with saturated pops of cherry red, fuchsia, cobalt and purple. Signature elements include texture misdirection (heavy wool against tinsel trim, stiff vinyl, sheer synthetics), subverted footwear such as chunky clogs and tabi boots, and ironic runway-derived layering descended from Miuccia Prada's ""good taste in bad taste."" Recognize it in full-body outfit documentation — runway walks, street snapshots, mirror selfies — where the collision of patterns, textures and proportions is itself the subject."
Ukiyo-e,aes/Ukiyo-e/SKILL.md,"Ukiyo-e (""pictures of the floating world"") is the Japanese woodblock-print art of Edo-period (1603–1868) urban pleasure culture: bold sumi-ink keylines enclosing flat, unshaded planes of mineral pigment on warm washi paper, in asymmetrical, obliquely projected compositions. Recognize it by Prussian-blue and beni-red on aged beige paper, bokashi sky gradations, patterned kimono textiles, claw-fingered wave foam, reserved-white snow, and calligraphic title cartouches; subjects rank from beauties and kabuki actors to landscapes, folklore and flora-fauna. Distinguish it from Japonisme, Superflat and Art Nouveau by its carved-print logic, limited block palette and absence of modeled light."
Ultras,aes/Ultras/SKILL.md,"Militant football-fan spectacle aesthetic born in 1960s Italy: monochrome technical sportswear, balaclavas and scarves over faces, concrete terraces and painted railings lit by flare-spark and club-hued smoke bombs. Signature elements are hand-painted giant banners and tifos, flags with snarling mascots and condensed lettering, masked figures straddling railings, drums, and ""Against Modern Football"" defiance. Recognise by collective anonymity, pyro haze swallowing floodlit stands, bold painted heraldry on creased cloth, and grainy high-contrast documentary night photography."
Ulzzang,aes/Ulzzang/SKILL.md,"South Korean selfie-native ""best face"" aesthetic born on early-2000s Cyworld: dewy glass skin, straight brows, puppy-dog eyeliner, aegyo-sal and gradient lips on a pale youthful face, framed by see-through bangs and oversized knits in cream, blush and dusty navy. Shot as soft-light selcas and mirror selfies in cafes, bedrooms and plain streets, it values curated innocence and approachability over glamour. Recognize by face-first intimate cropping, muted pastel-neutral palette, beauty-filter smoothness and effortless casual styling."
Unicorn_Trend,aes/Unicorn_Trend/SKILL.md,"Unicorn Trend (Unicorncore) is a late-2010s Western consumer-media aesthetic that coats food, beauty, fashion and homeware in pastel rainbow gradients, glitter and holographic sheen, centered on a cartoonish sparkly unicorn with a rainbow mane. Recognize it by sherbet pink/lavender/baby-blue ombre, star sprinkles and edible glitter, iridescent film and faux-fur plush textures, clouds-stars-hearts accompaniment, and high-key dreamy flat-lays or flat vector cuteness. It separates from Fairy Kei's vintage-toy fashion coordinates, Galaxy Print's dark nebulae, Yume Kawaii's hazy dreamscapes, and Pastel Goth's macabre accents."
Uptown_Girl,aes/Uptown_Girl/SKILL.md,"Uptown Girl is an early-2020s, New York-born internet aesthetic of classic, tailored femininity — crisp whites, blush pinks and pastels, pearl strands, silk head scarves, plaid pencil skirts, Mary Jane heels and glossy lips. Recognize it by fitted, vintage-polished outfits, bright airy or high-key lighting with a film-like fade, and poised-or-frolicking elegance in city, park and boutique settings; it is the polished, brighter counterpart to Downtown Girl's baggy beige thrift."
UrBling,aes/UrBling/SKILL.md,"UrBling (Urban Grunge / City Grunge) is the mid-2000s street-grunge design language of hip-hop marketing, AAA game covers, TV bumpers and Newgrounds-era web graphics: flame orange, red and yellow over soot black, bone white and sepia, stacked with silhouetted streetlights, power lines, highways and skylines, paint splatters and drips, wings, crests, flames and tribal-tattoo flourishes, and slab, stencil and gothic type. Maximalist like McBling but sootier and masculinized, it fuses Graffiti Pop, Corporate Grunge and Kustom Kulture into one loud urban package."
Urban_Fantasy,aes/Urban_Fantasy/SKILL.md,"Urban Fantasy places magic, creatures and portals inside present-day cityscapes — concrete towers, neon storefronts, subway cars and cracked sidewalks interrupted by dragons on rooftops, chalk circles in apartments, glowing orbs in dark rooms and fae in streetwear. Its palette runs loud and bold: amber dusk, crimson, neon signage green and electric magic blue set against night-shadow and concrete gray, with the supernatural always legible as a localized light source. Expect hybrid dress (jeans and graphic tees under capes, wings, crowns, fur or armor), crowds, worn infrastructure, and a mood of gritty escapism descended from late-1980s borderlands fiction and cyberpunk-adjacent noir."
Urbancore,aes/Urbancore/SKILL.md,"Urbancore is the aesthetic of real, lived-in modern city life and 1990s-born streetwear: concrete architecture, graffiti-tagged rooftops, alleyways, underpasses, parking structures and skyscrapers, captured with snapshot directness. Its palette is neutral — concrete gray, asphalt black, bone beige — punctured by spray-paint brights (yellow, green, magenta, signal red) and night fluorescents, with baggy pants, oversized brand tees, puffer jackets, dad hats, chains and sneakers as the human element. Recognize it by used-city texture (tags, rubble, puddles, wear) combined with youth street-culture styling, in photography or flat/stylized render alike."
Utopian_Scholastic,aes/Utopian_Scholastic/SKILL.md,"Utopian Scholastic (Encartawave) is the edutainment aesthetic of late-1980s-to-mid-2000s children's encyclopedias, CD-ROMs, nature documentaries and museum graphics: bright chromatic daylight skies over airbrushed, surreally combined seascape vistas where monumental books, specimens, classical columns and early-CGI primitives float with gentle metaphorical logic. Its second register is the white-ground editorial collage of cutout artifact photographs under classic serif mastheads, as on DK Eyewitness covers and Microsoft Encarta boxes. Recognize it by sky-blue-and-cloud-white palettes with small saturated accents, museum plinth logic, checkerboard floors, piano keys, rainbows, mannequin heads, and an unironic tone of wonder."
VSCO_Girl,aes/VSCO_Girl/SKILL.md,"VSCO Girl is the late-2010s (2019) teen internet aesthetic of curated casualness — oversized T-shirts worn over tiny shorts, scrunchies on the wrist, sticker-covered Hydro Flasks, layered Pura Vida bracelets, puka shell chokers, Kånken backpacks and instant cameras — all rendered through warm, slightly desaturated, film-emulating photo filters. Its palette runs sun-bleached pastels, earthy sand tones and aqua pool/sea water; its scenes are beaches, pools, car interiors, drink-in-hand POV shots and object flat-lays. Recognize it by the branded beach-casual uniform plus eco-motifs (metal straws, turtle stickers) plus a sun-kissed, grainy, candid-looking grade."
Vacation_Dadcore,aes/Vacation_Dadcore/SKILL.md,"Vacation Dadcore is a nostalgic, kitschy leisure aesthetic codified on late-2010s social media out of 1970s–80s American resort culture: moustached dads in loud rayon Hawaiian shirts, aviator sunglasses and tan cargo shorts, lounging poolside, on beaches or at tiki bars with a cocktail in hand. Its palette pairs bright hibiscus red, turquoise, cobalt, sunny yellow and flamingo pink against beige, cream and sun-faded white, delivered through analog snapshot grain, 80s airbrush poster gradients, flat vector illustration or all-over textile prints. Recognition hinges on day-drinking rituals, palm silhouettes, rattan-and-chrome kitsch, and an unbothered ""permanent vacation"" mood."
Vampire,aes/Vampire/SKILL.md,"Aristocratic horror aesthetic descended from 19th-century Gothic literature, built on pale skin, sharp fangs and blood handled with elegant subtlety against a stark palette of black, oxblood red, ivory and silver. Signature elements are anachronistic formal wear (high-collared capes, velvet frock coats, lace cravats, corsets, silk gowns), candlelit castle and crypt interiors, bats, full moons, coffins, and a mood of tragic, predatory elegance. Recognize it by the fusion of nobility and predation: formal antiquated dress, nocturnal chiaroscuro or porcelain high-key light, desaturated filmic grade, and blood as a measured accent rather than gore."
Vanilla_Girl,aes/Vanilla_Girl/SKILL.md,"Vanilla Girl is an early-2020s Gen-Z microtrend of soft domestic femininity built on a high-key neutral palette of white, cream, beige and warm brown, descended from Clean Girl minimalism. Its signature visuals are cream ribbed knitwear and wardrobe basics, claw clips and scrunchies, scented candles and vanilla-scented toiletries, rumpled soft bedding, wood and rattan, and baked goods such as cinnamon rolls and croissants, shot in diffused daylight as flat lays, mirror selfies, vanity corners and quiet café moments. Recognize it by matte low-contrast light, texture-over-color styling, faceless or obscured subjects, and a mood of mindful self-care; separate it from Clean Girl's sleek grooming, Danish Pastel's candy colors, Cinnamon Girl's rust autumnalism and That Girl's productivity props."
Vaporgoth,aes/Vaporgoth/SKILL.md,"Vaporgoth (also Deathdream, Spookwave, Blackvapor) is the horror branch of mid-2010s vaporwave: black-dominant monochrome imagery rotted by glitch, scanlines and dither, lit only by phosphor green, CRT cyan or blood-red accents. Signature elements are corrupted digital artifacts, obsolete technology (candlestick telephones, cassette spines, low-poly CGI rooms), uncanny masks and silhouettes, and cryptic Japanese or block-glyph text set in album-cover layouts with vertical spine strips. Typical subjects are haunted transmissions, technological decay, surveillance dread and spectral figures in empty industrial or virtual spaces."
Vaporwave,aes/Vaporwave/SKILL.md,"Early-2010s internet aesthetic built from the degraded residue of 1980s–90s consumer capitalism — pastel pink and cyan washes, purple neon gradients, glitch and VHS artifacts laid over Greco-Roman busts, palm trees, dolphins, empty malls, Windows 95-era UI, and gratuitous Japanese or full-width type. Reads as soft, faded, collage-like and ironically nostalgic (""a memory of a future that never arrived""), never high-contrast or heroic. Recognize it by lifted milky blacks, dithered gradient skies, tinted classical sculpture, period corporate branding, and an uncanny, deserted-mall stillness."
Vector_Minimalism,aes/Vector_Minimalism/SKILL.md,"Vector Minimalism (also called Vector-Flat or Neoliberal Vector Minimalism) is a 2010s design aesthetic born from Windows 8's ""Flat Metro"" UI and carried by Google- and Microsoft-era branding: flat, solid-color vector shapes with sterile mathematical edges, strict grids, generous negative space, geometric sans-serif type (Futura, Avenir, Helvetica), and a firm absence of gradients, textures and shadows. Its range runs from bright multicolor tile mosaics, icon sets and flat illustrated scenes to a warm lifestyle offshoot of fluid hand-drawn shapes, botanicals and line-art faces in terracotta, sand and sage."
Vector_Música,aes/Vector_Música/SKILL.md,"Vector Música is the late-2000s pastel vector aesthetic of the magical-girl and virtual-idol boom: curved musical staves sweeping across pink, lavender, baby-blue and white gradient fields, strewn with scattering notes, treble clefs, hearts, stars and floral filigree, lit by soft bokeh glow and sparkle glints. It is the soft, feminine branch of Vectordelia — smooth Bézier curves, glossy orbs and solitary headphone-wearing silhouettes instead of jagged ink splatters and stark black crowds — seen on anime idol promo art, back-to-school stationery, karaoke interfaces and rhythm-game backgrounds. Recognize it by the combination of flat vector music notation as compositional spine, high-key pastel palette, and whisper-light whimsy."
Vectorbloom,aes/Vectorbloom/SKILL.md,"Vectorbloom is the early-2000s-to-early-2010s maximalism of digital vector tools: intricate flourishes, stylized flowers and hybrid natural forms ""blooming"" in layered swirls over dramatic smooth gradients. Its palette runs through saturated pink, red, purple, cyan, green and yellow anchored by black or white contrast grounds, applied to ads, album covers, logos, product decals and seamless interior murals. Recognize it by razor-sharp Bézier edges, flat fills with gradient-only lighting, and dense ornamental growth that wraps whatever surface carries it."
Vectordelia,aes/Vectordelia/SKILL.md,"Vectordelia (popularly ""Frutiger Metro"", also vector maximalism or abstract vector art) is the mid-2000s to early-2010s graphic-design aesthetic of crisp Bézier flourishes, ink-splat bursts, halftone dot fields and sunburst rays in a high-contrast CMYK palette (cyan, magenta, lime, orange) set over solid black or white grounds. Its signature content is solid silhouettes of dancers, crowds and DJs amid speakers, headphones, turntables and microphones, plus glossy gradient spheres, striped concentric circles, bokeh glows and arrow clusters, all layered into maximalist ""organized chaos"". Recognize it by geometrically neat vector outlines with digital sheen and translucency, ranging from a rave-loud dark pole to a pastel, bokeh-soft feminine pole."
Vectorheart,aes/Vectorheart/SKILL.md,"Vectorheart is the mid-late-1990s-to-2000s graphic-design aesthetic of The Designers Republic and the Wipeout games: flat, high-contrast vector planes cut by 45° and 60° diagonals, futuristic experimental typography, spec-sheet microtext, pictograms and machine silhouettes, plus ironic trademark-laden consumer parody and occasional kanji/katakana or anime references. Recognize it by its maximalist-minimalist poster surface — a huge flat signal-color field or an empty paper-white ground carrying one dense cluster of tiny data — in signal red, traffic orange, warning yellow, hot magenta, racing green or slate teal. Load this skill for album sleeves, game boxart and UI, club posters, pictogram signage and mascot art that read as printed vector systems rather than rendered scenes."
Venetian_Carnival,aes/Venetian_Carnival/SKILL.md,"Venetian Carnival (Carnevale di Venezia) is a mask-centred festival aesthetic: hand-finished porcelain, leather and papier-mâché masks (full-face white Bauta, gemmed Colombina half-mask, beaked Medico della Peste, cat-muzzled Gnaga) worn with 18th-century Baroque and Rococo costume — corseted brocade ballgowns, doublets, black cloaks, tricorns and cap-and-bells — in deep jewel tones of gold, burgundy, purple, black and ivory. Signature elements are gilded trim, ostrich feathers, gems, lace and craquelure-glazed mask surfaces set against Venetian stone, lagoon water or damask backdrops, with a mood of anonymous elegance and licensed mischief. Recognise it by the concealed face, the period silhouette and the metallic richness; it is not Brazilian Carnival (bare skin, samba plumage) nor Clowncore (modern painted faces)."
Victorian,aes/Victorian/SKILL.md,"Victorian (1837–1901, United Kingdom and Empire) is the ornate, morally formal aesthetic of historical revivalism: Gothic Revival arches, Rococo Revival gilt and porcelain, Beaux Arts stone façades, and cluttered velvet-and-fringe parlours lit by gaslight and candle flame. Its palette runs from somber black, umber, taupe and sepia through deep jewel tones (emerald, ruby, sapphire) threaded with gilt, with a permitted lighter register of pastel Rococo-revival dress; signature elements include corseted crinoline-to-bustle silhouettes, top hats and pocket watches, mantel clock garnitures, wrought iron, mourning ritual, and sepia photographic tone. Subjects range from Academic oil paintings and hand-coloured fashion plates to industrial train sheds, scientific paraphernalia, and densely prop-filled domestic interiors."
Victorian_Goth,aes/Victorian_Goth/SKILL.md,"Victorian Goth is the Goth subculture's restaging of mid-to-late 19th-century mourning fashion — corseted, bustled floor-length gowns in black velvet and lace, men's tailcoats with cravats and top hats, veils, cameos and jet jewelry — photographed against dull, greyed or misty natural backgrounds. The palette is overwhelmingly black with bounded accents of burgundy, plum and dark green; the mood is somber aristocratic elegance, melancholy as ceremony. Recognize it by structured later-Victorian silhouettes, mourning paraphernalia, matte low-contrast light, and costume-as-subject framing."
Viking_Art,aes/Viking_Art/SKILL.md,"Viking Art is the material-culture aesthetic of 8th–11th century Norse seafarers from southern Scandinavia: clinker-built longships with carved dragon figureheads and square wool sails, round painted shields along the gunwale, and sinuous beast-interlace carving on wood, bone, bronze and stone. Its palette is weathered timber brown and silver-grey, moss and sea green, tar black and North-Sea blue, with madder, woad and weld dye accents confined to wool, linen and shield boards. The style stages coastlines, fjords and harbours rather than woodlands, and favours documented historical craft over mythic fantasy."
Vintage_Americana,aes/Vintage_Americana/SKILL.md,"A 2010s-born nostalgic aesthetic that filters 1950s–60s American life through aged film stock — cherry red, cream white and denim blue over pastel support, sepia-washed or pink-teal split-toned, grainy and sun-bleached. Signature elements are diner chrome and neon, Coca-Cola glassware, cherries and gingham, classic cars on open roads, and pin-up-styled femininity with red lipstick, heart-shaped sunglasses and swing skirts, all carrying a melancholic, escapist longing for an idealized American past. Recognize it when mid-century consumer totems and girl-next-door styling meet faded-print color and dreamlike haze."
Vintage_British_Sportsman,aes/Vintage_British_Sportsman/SKILL.md,"The visual culture of British estate sport — hunting, shooting, riding, fishing and golf as practised by the nobility and their estate staff, codified between the Victorian era and the 1950s. Earth-bound palette of olive, moss, brown and honey-beige punctured by hunt scarlet and oxblood; tweed, tartan, argyle and houndstooth; waxed cotton, plus fours, turnover-top shooting socks, flat caps, Wellington boots, double-barrelled shotguns; horses, hounds, boot rooms, stone fireplaces and misty patchwork countryside. Recognise it by weathered, functional elegance under overcast light and a stoic, inherited self-possession — never polished newness, never minimalist modernity."
Visigothic_Art,aes/Visigothic_Art/SKILL.md,"Visigothic Art is the Pre-Romanesque visual language of the Visigothic Kingdom of Iberia and southern Gaul (418–711 AD): cloisonné goldsmithing set with garnets, sapphires and pearls (votive crowns, eagle fibulae, belt buckles), compact ashlar basilicas with horseshoe arches, bevel-carved stone reliefs, and rare, faded expressive frescoes. Its palette is a triad of gold, garnet red and sapphire blue carried on limestone grey, bone white and verdigris plaster; its grammar is heraldic symmetry, chi-rho monograms, vegetal-zoomorphic interlace and a solemn, votive religious mood."
Visual_Kei,aes/Visual_Kei/SKILL.md,"Visual Kei is the Japanese rock-movement aesthetic of the 1980s onward: androgynous performers with towering spiked or backcombed hair in unnatural dyes, pale or shironuri-white faces with kohl-rimmed eyes and dark lips, and layered elaborate costumes ranging from black leather-and-vinyl harness goth to Rococo brocade princely coats to Harajuku-bright clashing pop. Recognize it in group promo lineups where each member carries a distinct color and costume variant inside one unified palette, platform boots, lace jabots, corset-and-harness hardware, and theatrical posed stillness under hard studio flash, cold monochrome grading, or flat patterned graphic backdrops."
Vulture_Culture,aes/Vulture_Culture/SKILL.md,"Vulture Culture is the 2010s Tumblr/Instagram/Reddit subculture of ethically collected animal remains — cleaned skulls, articulated bones, taxidermy pelts, pinned insects and jarred wet specimens — photographed as craft, study and collection. Its visual DNA is bone-white and ivory set against velvet black, bark brown and moss green, with tan fur, chitin sheen, glass jars and tarnished wire, lit in honest diffuse light as palm-up offerings, symmetrical specimen flat-lays, crowded curio shelves, scientific-plate grids or forest-floor finds. Recognition hinges on evidence of preservation practice (wire-wrapping, labels, jars, articulation, dyeing) and on reverence rather than horror staging."
Wa_Lolita,aes/Wa_Lolita/SKILL.md,"Wa Lolita (Wa Rori) is a late-1990s Japanese Lolita substyle that fuses kimono structure — wrapped left-over-right crossover collar, wide squared furisode sleeves, obi-style waist sash or bow — with a petticoat-supported bell or A-line skirt at knee length. Recognition hinges on traditional Japanese textiles (sakura, goldfish, fans, cranes, temari balls), kanzashi hair ornaments, geta or zōri footwear, and a palette drawn from Japanese dye vocabulary (beni red, sumi black, gofun white, indigo, gold, plus pastel print grounds). Use this skill when an image or prompt combines the doll-like Lolita silhouette with explicit Japanese garment citations."
Waif,aes/Waif/SKILL.md,"Waif (also Girlblogger, Female Manipulator) is an early-2020s Tumblr/Whisper/Pinterest aesthetic inside the Coquette sphere: pale, milk-washed pastel photographs — white, blush pink, soft blue, lavender, beige, gray and anchoring black — of thin young women in baby tees, ribbed camisoles, sheer tights and ballet wear, surrounded by cigarettes, Diet Coke, pointe shoes, luxury shopping bags and messy or sterile bedrooms, very often overlaid with confessional, ironic captions in cursive script or plain grotesque type. Its signature is the text-on-image whisper format, collage moodboards, flash-snapshot grain or overexposed haze, and a detached, blasé, self-destructively glamorous girlhood mood. Recognize it by the caption-over-pale-photo construction and internet-repost intimacy; it differs from Heroin Chic editorial by being amateur, pastel and meme-literate."
Warcore,aes/Warcore/SKILL.md,"Warcore is a late-2010s techwear substyle that wears modern military tactical gear — chest rigs, cargo pants, combat boots, face masks — as exaggerated everyday streetwear. Its palette is near-monochrome black with olive drab, khaki and grey, its silhouette is strap- and pouch-laden with the face obscured, and its mood is intimidating, dystopian ""aesthetic armor"". Recognize it by MOLLE webbing, plate-carrier vests, balaclavas and mundane urban fit-check framing rather than camo, distressing or neon."
Wartime_Austerity,aes/Wartime_Austerity/SKILL.md,"Wartime Austerity is the 1940s home-front fashion aesthetic of WWII rationing in Britain and the US: narrow wool utility suits and knee-length shirtwaist dresses with squared padded shoulders, small tilted felt or straw hats, sturdy rounded-toe shoes, and gas-mask bags on shoulder straps, all in muted browns, greys, olives and navies. Its imagery lives in government ""Make Do and Mend"" poster lithography, matte black-and-white press and studio photography, and sepia vernacular snapshots, valuing neatness, ingenuity and efficiency over luxury. Load this skill to recognize or generate rationed-silhouette, minimal-embellishment 1940s civilian dress and its propaganda-print graphics."
Webcore,aes/Webcore/SKILL.md,"Webcore (also Internetcore, Enacore) is a late-2010s/early-2020s internet aesthetic that reconstructs the Old Web of roughly 1995–2005 — Windows 95/98/XP chrome, GeoCities clip art and glitter GIFs, scam pop-ups and error dialogs, low-poly early 3D, pixel dither and CRT scanlines — rearranged into surrealist, dreamlike compositions. Recognize it by bright system primaries (BSOD blue, hyperlink blue, Bliss lawn green) over gray/beige UI chrome, system-font text treated as image content, and naive desktop-interface collage floating in abstract voids."
Weeaboo,aes/Weeaboo/SKILL.md,"Weeaboo is the visual culture of mid-2000s-to-mid-2016 Western anime fandom: mundane Western bedrooms, malls, lecture halls and convention floors saturated with anime merchandise — graphic tees, pin-crusted messenger bags, figures, plushies, waifu posters — worn and stacked incongruously over everyday clothing, school-uniform kawaii fashion and emo/scene leftovers. Its palette swings between saturated cel-print magenta and cyan, manga-paper black-and-white halftone, lavender plush pastel, and fluorescent-lit concrete grey, captured in candid documentary snapshots or old-web interface frames (CRT glow, forum threads, video thumbnails). Recognize it by clutter over curation, screen-print and halftone texture, and anime imagery existing only as printed, molded or stitched objects inside real Western space."
Weimar_Cabaret,aes/Weimar_Cabaret/SKILL.md,"Weimar Cabaret (Kabarett) is the transgressive nightlife aesthetic of 1920s–early 1930s Berlin and Munich: androgynous performers in tuxedos, monocles and top hats, vamp makeup with pencil-thin arched brows and dark cupid's-bow lips, chorus lines and revue tableaux in smoke-filled clubs. Its palette is black, blood red and metallic sequin over cream poster paper or sepia/silver-gelatin monochrome, lit by harsh spotlight chiaroscuro and footlight glow from below. Recognize it by satirical grotesque typography, Expressionist canted angles, garçonne silhouettes and a mood of hedonistic despair — a dance on the volcano — rather than optimistic Jazz Age glamour."
Weirdcore,aes/Weirdcore/SKILL.md,"Weirdcore is a surreal Tumblr-born internet aesthetic (mid-2010s onward, referencing late-1990s–mid-2000s web imagery) built from amateur, heavily compressed photography and primitive low-poly digital graphics of mundane liminal places — stairwells, empty blush-pink rooms, backyards, pools, parking lots — disrupted by out-of-place objects, black void rectangles, misapplied sky textures, sparkle stickers and plain system-font captions that ask incomplete questions. Its palette spans faded domestic neutrals and foggy greys against naive saturated reds, dialog-box blues, flat lawn greens and glitter pinks, all degraded by JPEG artifacts. Load this skill to recognize or generate images that feel like a found early-internet snapshot of a place that is almost, but not quite, real."
Welwitschia_Goth,aes/Welwitschia_Goth/SKILL.md,"Welwitschia Goth (aka Welwitschia Emo, Facebook Alt, Whimsical Emo) is the DeviantArt/MySpace-era digital collage and photo-manipulation aesthetic (c. 1999–2015) that fuses emo and mallgoth darkness with corrupted childhood motifs: cracked dolls, stitched plush, butterflies, bows, striped socks and lace set against blood red, magenta pink and deep purple over black-and-bone grunge. Recognize it by heavy Y2K filtering — vignettes, crushed blacks, script and sheet-music texture fragments, swirl flourishes, splatter stamps — and pale, heavy-eyeliner figures or hollow-eyed doll-children in dead forests, nurseries and checkered rooms. Load this skill for early-2000s amateur digital goth art, morbid-innocence imagery, and creepypasta-adjacent visuals."
Werewolf,aes/Werewolf/SKILL.md,"A feral alternative-youth aesthetic built on lycanthropy as metaphor — the beast within, and the body changing out of one's control. Neutral-first palette of black, bark brown, wolf grey and fog, punctured by blood red, moonlight blue and rare bruise purple; signature motifs are the full moon, wolves and dogs, fur and animal print, bared fangs, claws, foggy forests and animal bones. Wardrobe is late-1990s/2000s ""bad boy"" alternative — leather and denim jackets, flannels, distressed dark jeans, combat boots, chokers and bone pendants — rendered in low-key moonlight, fog-flat overcast, or grainy lo-fi blur, with a secondary register of stark silhouette graphics and vintage anatomical transformation plates."
Western,aes/Western/SKILL.md,"The Western (Wild West / Old West / Cowboy / Spaghetti Western) aesthetic of the 1860s–1890s American frontier and its cinematic myth — muted earth-tone palette of leather brown, dust tan and sunset orange-red, wide-brimmed cowboy hats, boots with spurs, six-shooters, horses, cacti, tumbleweeds and weathered wooden saloon towns under hard sun or low golden light. It speaks through three registers: sepia cabinet-card photography, grainy filmic stills, and painted poster art, all carrying a mood of solitude, self-reliance, vigilantism and remembrance. Load when imagery combines period frontier gear, semi-arid desert or prairie landscape, cattle-town architecture, or gunfighter mythos."
Whimsicraft,aes/Whimsicraft/SKILL.md,"Whimsicraft is the handmade folk-maximalist aesthetic of mid-1980s to mid-1990s art fairs, children's television sets and outsider-art environments — saturated fuchsia, lapis lazuli, lilac and matte gold layered over patchwork, polka dots and mosaic, with painted suns and crescent moons on hand-built furniture and junk-art assemblages of kitchen metal and scrap wood. Typical subjects are cluttered craft-filled interiors, painted folk facades and roadside art environments, quirky-aunt wardrobes of graphic sweaters and handmade jewelry, and wobbly hand-lettered title cards and shop signs. Recognize it by visible amateur handwork everywhere, pattern-on-pattern density, festive string lights, and childlike wonder played completely straight."
Whimsigothic,aes/Whimsigothic/SKILL.md,"Whimsigothic (Whimsigoth) is a late-1980s–1990s interior, fashion and album-art aesthetic that fuses gothic-revival darkness with playful celestial whimsy — deep blues, plums and jewel tones lit by candle-amber string lights, stained glass and taper flames. Signature elements are moon-and-sun faces, stars, velvet and lace layering, curved Victorian-inspired furniture, wrought iron, trailing plants, and maximalist clutter of mismatched vintage trinkets. Typical subjects: cozy nocturnal rooms and alcoves, witchy layered fashion and kitschy gold jewelry, trinket still lifes, and ornate calligraphic album or poster art featuring supernatural beings."
Whimsy_Twee,aes/Whimsy_Twee/SKILL.md,"Whimsy Twee (aka Applecore) is a mid-2020s TikTok-born maximalist revival of Twee: clashing swirls, polka dots, stripes, gingham and checkerboard in bright primaries plus purple and green, layered thrifted garments, patterned tights under chunky buckled shoes, Mod doll-eye makeup, and handmade felt, crochet and button crafts. Apples, suns, moons, stars, animals and children's-book creatures recur as prints, props and crafts, presented in snapshot-bright, collage-dense frames. Load this skill when an image pairs vintage craft sincerity and childlike wonder with 2020s maximalist layering rather than muted 2010s Twee quietness."
Winter_Aesthetic,aes/Winter_Aesthetic/SKILL.md,"Winter Aesthetic (also ""Romanticized Winter"" or ""Wintercore"") is a 2010s lifestyle and photography trend that curates the cold season into a hygge-derived dialogue between freezing outdoors and warm indoors. Its visual DNA is a cooled, desaturated base of snow white, ice blue, silver and grey, anchored by warm neutrals (cream, beige, aged wood) and small festive accents of deep red or forest green, carrying motifs of falling snow, chunky knits, fireplaces, candles, steaming cocoa, frost-laden pines and fairy lights. Recognize it by matte, grainy, soft-lit photographs with intimate crops — hands around a mug, a lone figure in a quiet snowed street, a glowing window in blue dusk — and a mood of slowness, mindfulness and quiet magic."
Winter_Bimbo,aes/Winter_Bimbo/SKILL.md,"Winter Bimbo (also Winter Fairy Coquette) is an early-2020s TikTok-born fashion aesthetic that pairs bulky faux-fur winter gear — ushanka hats, plush earmuffs, slouched knit leg warmers, fur coats — with deliberate exposure: corsets, miniskirts and bare thighs set against snow. Its palette is white, cream, beige and ice pastels, photographed in idealized snowy forests or high-key white interiors under soft, overcast snow-glare. Recognize it by the cozy-versus-bare silhouette contrast, ribbon-laced coquette detailing, doll-like glamour and a romanticized, deliberately impractical cold."
Wishcore,aes/Wishcore/SKILL.md,"Wishcore is a 2020s fan-born K-pop deco aesthetic derived from NCT Wish branding: whisper-pastel pink, light blue and cream carrying star, crescent-moon, treble-clef and clover charms, plush mascots, cupid wings and holographic glimmer. Recognize it by small customized objects (charm-laden bags, deco phone cases, photocard toploaders, keychains), soft fluffy textures, overexposed hazy snapshot lighting, and sticker or pixel-doodle overlays that voice quiet wishfulness and a desire to be protected rather than bold display."
Witch_House,aes/Witch_House/SKILL.md,"Witch House is the late-2000s internet-born occult electronic microgenre aesthetic: grainy, lo-fi, found-footage imagery soaked in black and desaturated cold tones, punctured by dark red, purple and blue, and stamped with triangles, inverted crosses and obfuscated Unicode glyphs. Typical subjects are hooded or all-black streetwear figures in cemeteries, dim churches, playgrounds and glitched digital collages, alongside animal skulls, mirrored symmetry, tapestries and VHS-grade noise. Recognize it by the fusion of DIY deep-web degradation, occult sigils and goth-streetwear fashion; distinguish it from neon Trillwave, cozy Witchcore, aquatic Seapunk and polished Nu-Goth."
Witchcore,aes/Witchcore/SKILL.md,"Witchcore is the internet-born aesthetic of modern witchcraft practice (Witchblr, Witch Tok, ""Witches of Instagram""): candlelit altars of crystals, tarot cards and leather-bound grimoires, hanging bundles of dried herbs, potion bottles and glass terrariums, wide-brimmed hats, velvet and lace. Its palette anchors in black, deep green and plum purple lit by candle-amber, gold and silver accents, with a secondary pale dried-botanical branch; the mood is intimate, mystical and empowering rather than horrific."
Wixa,aes/Wixa/SKILL.md,"Wixa (Vixa, Wixapol, ""Polish Neo-Gabber"") is a Polish club subculture — late-1990s hardcore/trance original, 2010s WIXAPOL S.A. revival — whose visual language fuses Dresiarz tracksuits and football-ultras scarves with rave fluorescents and cybersigil thorn prints, on a core palette of black, white and acid yellow with neon magenta, green and blue accents. Recognize it by harsh compact-flash snapshots in clubs and concrete stairwells, deadpan group poses on overcast football pitches, letterboxed video stills with all-caps pixel text, subverted smiley/tribal logos, and a post-shame, ironic, deliberately ""bad taste"" mood."
Wizardcore,aes/Wizardcore/SKILL.md,"Wizardcore is a 2010s internet aesthetic of wizardly magic and scholarly discovery — leather-bound grimoires, gnarled staffs, cloaks and pointed hats, crystal balls and glass baubles, candles and weathered maps gathered in dim, candlelit clutter. Its palette grounds black, gray and leather brown in deep purple, navy, forest green and dark red, lit by candle-amber or spectral teal-magenta glow, with silver star-and-moon embroidery on velvet as a recurring ornament. Subjects range from bearded sages, modern practitioners and cartoon animal wizards to curiosity shelves, potion bottles, familiars and handmade glittery figurines, all carrying a mood of wise, whimsical study."
Wonderland,aes/Wonderland/SKILL.md,"Wonderland is the surreal Victorian storybook aesthetic descended from Lewis Carroll's Alice books (1865) and their illustration and film legacy: muted sepia, cream and light-brown grounds punctured by cardinal red, alice blue and stark black-and-white checker contrast, populated by pocket watches, playing cards, tea sets, white rabbits, keyholes, mirrors and overgrown hedge mazes. Recognize it by dream-logic scale paradoxes, threshold motifs (locked doors, holes, mirrors, corridors), pinafores, Mary Janes and top hats, and a mood suspended between playful nonsense and quiet uncanny dread."
Wonyoungism,aes/Wonyoungism/SKILL.md,"Wonyoungism is a 2020s TikTok-born, hyper-feminine self-improvement aesthetic built around K-pop idol Jang Wonyoung: pastel pink, white and cream worlds of skincare rituals, pilates, study desks and luxury beauty products (Miu Miu, Dior, Innisfree), trimmed with coquette bows, pearls and tiara headbands. Recognize it by high-key dreamy lighting, glossy K-beauty skin and mirror-shine ""glass hair,"" satin-knit-lace textures, and collage-style motivation posters carrying affirmations like ""confidence"" or ""I was born worthy."" It reads as ""That Girl"" productivity filtered through coquette softness and K-pop fandom gloss."
Wuxia,aes/Wuxia/SKILL.md,"Wuxia is the aesthetic of Chinese martial-hero fiction — swordsmen and wanderers in layered cross-collared hanfu robes moving through mist-shrouded bamboo forests, snowy peaks, desert inns and ink-wash riverscapes. Its palette runs through rice-paper white, ink black, cinnabar red, malachite teal and ochre tan, with red-tasseled jian swords, bamboo li hats, flowing sleeves and vertical calligraphy as signature elements. The mood blends chivalric resolve with Daoist effortless wandering, expressed through balletic qing-gong movement and Chinese-painting negative space."
XO,aes/XO/SKILL.md,"XO is the blacked-out party-aftermath aesthetic of The Weeknd's early-2010s mixtapes (House of Balloons, Thursday, Echoes of Silence): grainy, scratched, high-contrast black-and-white snapshots of balloons, confetti litter, bathtubs, household furniture and liminal corridors, with faces hidden and highlights blown by harsh flash. Its signature moves are party supplies twisted into funerary debris, cropped arms and legs, amateur mirror and light-leak edits, and plain Helvetica Bold type. The mood is numb detachment, addiction and self-loathing documented coldly, never glamorized."
Xpiritualism,aes/Xpiritualism/SKILL.md,"Xpiritualism is an internet outsider-art aesthetic of dense digital collage (early-2010s origins, codified in the 2020s) that fuses early-2000s web debris — spam-ad gloss, ""Unregistered Hypercam"" screen captures, bootleg Flash-game and anime visual-novel sprites, medical diagrams, software UI chrome — with New Age esoterica: halos, angels, love-spell and miracle-cure testimonials, numerological sigils like 1616 and 8888. Its palette swings between hot magenta/crimson/electric-blue spam saturation and overexposed pastel halo-glow, all degraded by JPEG compression, glitter clipart and garbled multilingual Unicode text. Recognize it by hard-edged cutout layering with no shared perspective, clashing WordArt-versus-cursive typography, scam-landing-page layouts, and an uncanny, sincerely mystical rather than ironic mood."
Y2K_Futurism,aes/Y2K_Futurism/SKILL.md,"Y2K Futurism (Cyber Y2K, Kaybug) is the techno-utopian visual language of roughly 1997–2004: cool fields of icy blue, chrome silver, glossy white and black, punctured by lime-green or bright-orange accents; liquid-metal 3D ""blobs,"" translucent tinted plastic hardware, sleek techno typography and futuristic interface framing. Typical subjects are cyber-armor pop performers in spaceship-like sets, early-CGI abstract renders, console and UI menus, broadcast idents, and aerodynamic product design. Load this skill to recognize or generate millennium-optimist chrome-and-blue futurism and to keep it distinct from Bling Era, Bubblegum Dance, Chromecore and 90s Cool."
Y3K,aes/Y3K/SKILL.md,"Y3K (""Year 3000"", meta fashion / digital clothing) is a 2020s East-Asian-born, K-pop-propelled futuristic fashion aesthetic built on chrome and holographic ""second-skin"" bodies, bug-eyed mirrored sunglasses, exoskeleton-like metal hardware coiling around dressed figures, glitch overlays and avatar concepts, staged in cold high-key voids or neon-lit blackness. Recognize it by metallic silver plus glossy black plus iridescent or neon accents, luminous alien-like skin, render-perfect digital finish, and sculptural liquid-metal structures worn by or orbiting the body. It is colder and more refined than Y2K nostalgia, cleaner than cyberpunk grit, and more fashion-bound than flat black cybersigilist tribalism."
Yabi,aes/Yabi/SKILL.md,"Yabi is the maximalist collage aesthetic of China's Gen-Z underground (Shanghai/Beijing club circuits, c. 2019), stacking goth, cybergoth, gyaru, kawaii, punk, Y2K and Chinese kitsch fragments into one deliberately clashing outfit. Recognize it by black-neon-pastel-metallic color collisions, ripped tights and fur leg warmers, chunky platforms, over-ear headphones or vintage handheld consoles, neon or pastel dyed hair, and lo-fi flash photography with blur filters, tilted angles and sticker overlays that radiate spiritual ennui. Load this skill when an image or brief combines extreme mix-and-match layering with Chinese digital-native snapshot degradation."
Yabujincore,aes/Yabujincore/SKILL.md,"Yabujincore (Jumpstylecore) is a satirical TikTok shitpost aesthetic from 2021 onward that stacks low-res jumpstyle/Roblox dance footage, scrolling Arabic, Cyrillic and Japanese text, cursed 2000s meme faces (Epic Face, Trollface), stretched anime girls and Christian crosses over bit-crushed post-Soviet winter scenery. Its visual DNA is a two-register clash: a degraded, bleached, Matrix-green or winter-blue found-footage base pierced by crisp, flat, saturated overlays — alarm-red type, neon magenta halos, emoji-yellow stickers, MS-Paint line art. Recognize it by the formula of jerky dance motion plus nonsensical multilingual text plus cursed meme faces plus deliberate compression damage."
Yakuza_Aesthetic,aes/Yakuza_Aesthetic/SKILL.md,"A media-born Japanese organized-crime style built on visual duality — sober tailored suits in black, white and charcoal concealing full-body irezumi tattoos of dragons, tigers, koi and oni in vivid folklore color. Lit by hard shadow, grainy monochrome, or the red-and-magenta neon of Tokyo entertainment districts, with katana, dark sunglasses and gold jewelry as recurring props. Spans Showa-era film grain to glossy neon game renders; mood of intimidating calm, hidden artistry and ritualized honor."
Yallternative,aes/Yallternative/SKILL.md,"Yallternative (Y'allternative) is a 2010s US Southern internet-born aesthetic that fuses country-western workwear — cowboy hats, denim in every cut, rodeo buckles, cowboy boots, turquoise and silver — with goth/emo black, winged dark makeup, dyed hair, fishnets and band tees. Recognize it by black-anchored outfits holding rural Western hardware in deliberate tension with alternative grooming, documented as casual vertical snapshots on porches, stairwells, barns, gates and rural yards. Palette: black, denim blue, cool silver, turquoise."
Yami_Kawaii,aes/Yami_Kawaii/SKILL.md,"Yami Kawaii (""sickly cute,"" yamikawa) is a 2010s Japanese aesthetic and Harajuku-born fashion mode that fuses shoujo-anime cuteness with explicit mental-anguish iconography: pills, syringes, bandages, eye patches, stylized razors and nooses, and cynical Japanese text over black, deep purple, hot pink and lavender. Recognize it by its duality rule — pastel kawaii accents carrying morbid medical motifs, under-eye blush makeup, and vent-art prints on dark casual clothing — always stylized, never gory."
Yandere,aes/Yandere/SKILL.md,"Yandere (Yanderecore) is a 2000s-born, anime-rooted aesthetic of obsessive love turned menace, built on the juxtaposition of cute and disturbing: bubblegum pink, blood red, black and white; pink or heart-shaped knives, stylized splatter, heart-eyed or shadow-eyed ""yandere faces,"" and handwritten or repeating possessive text (""I love you just a little too much,"" ""you're mine""). Typical subjects are anime screencap edits, pink-tinted manga panels, flat pastel graphics and devotion-note still lifes in which hearts, blades and threats share one frame. Load this skill when an image pairs saccharine pink love-iconography with an undercurrent of violence, surveillance or possession."
Yanki,aes/Yanki/SKILL.md,"Yanki is the Japanese working-class delinquent aesthetic of the 1970s–90s with roots in 1950s rockabilly: bleached blond or orange hair, towering gel-set pompadours and punch perms, shaved eyebrows, and altered school uniforms — long black chouran jackets, embroidered sukajan, kanji-stitched tokku-fuku — worn by squatting groups under harsh camera flash or faded film light. Its palette is black, cloth white and gold-red embroidery, punctuated by kanji banners, cigarettes and old cars or bikes; its mood is loud, loyal rebellion against polite Japanese society. Recognize it by the uniform-plus-hair silhouette and the analog snapshot or anime-cel rendering, not by any single scene."
Young_Poland,aes/Young_Poland/SKILL.md,"Young Poland (Młoda Polska, 1891–1918) is the Polish Neo-Romantic modernist style — matte tempera, pastel and leaded stained-glass surfaces in earthy browns, gold and deep ultramarine-teal, fusing Vienna Secession ornament (peacock-eye flora, gold stars, flaming halos, stylized script cartouches) with peasant folk motifs and melancholic Symbolist figures. Expect symbolic flowers, mourning or pensive people, madonnas and nursing mothers, snowbound cemeteries with wooden crosses, and muted interiors — elegiac, patriotic, decadent yet tender."
Yugo-Nostalgia,aes/Yugo-Nostalgia/SKILL.md,"Yugo-Nostalgia (jugonostalgija) is the post-2000s nostalgia aesthetic for the Socialist Federal Republic of Yugoslavia of the 1960s–1980s — faded analog slide photography and period print design anchored in the red-white-blue tricolor with its gold-edged five-pointed star, Tito portraits, pioneer neckerchiefs and caps, modernist and brutalist concrete, Zastava/Yugo cars, and socialist consumer goods (Plazma, Bajadera, travel posters, enamel badges). The mood is sincere, sunlit melancholy: unity, brotherhood and a perceived better quality of life, never war imagery, Soviet iconography or ironic satire."
Yume_Kawaii,aes/Yume_Kawaii/SKILL.md,"Yume Kawaii (""dream cute,"" Japan, from 2013) is a pastel dreamworld aesthetic: hazy, high-key images in baby pink, lavender, mint and cream, filled with magical-girl wands and star compacts, strawberry milk, sailor collars, fluffy plush unicorns and bunnies, sheer frills and glitter-scatter overlays, sometimes edged with a pale, sleepy melancholy. Recognize it by desaturated candy pastels under soft bloom, sleep-and-fantasy motifs, dense cute object collections, and rounded Japanese text edits; it differs from Fairy Kei's vintage retro, Babycore's nursery props, and the saturated punch of 2010s Bright Kawaii."
Yuppie,aes/Yuppie/SKILL.md,"1980s American ""Young Urban Professional"" aesthetic — tailored power suits in navy, charcoal, white and khaki with red power ties, padded shoulders and slicked-back grooming, surrounded by conspicuous status hardware (gold watches, Filofax organizers, brick mobile phones, European luxury sedans). Staged in glass-and-granite Manhattan towers, high-floor restaurants, marble lobbies and cream executive interiors, rendered with the even flash or diffused window light of period magazine ads and 35mm film stock. Mood is ambitious, transactional and glossily self-assured, with an allowable undercurrent of satirical emptiness."
Yé-yé,aes/Yé-yé/SKILL.md,"Early-1960s French and Southwestern-European pop youth aesthetic: black-and-white studio and TV portraits of teenage singers with architectural fringes, cat-eye eyeliner, Peter Pan collars and go-go boots, alongside flat-color record sleeves and teen-magazine covers in bright pastels and bold primaries with mod geometry and naive florals. Reads as wholesome, cheeky, print-native Sixties optimism; distinguishable from Mod by its girlish Romance-language print culture and from later revivals by its halftone, silver-print materiality."
Zakopane_Style,aes/Zakopane_Style/SKILL.md,"The Zakopane Style (Styl zakopiański, Witkiewicz Style) is the Polish national style of c. 1890–1914 born in the Tatra highlands of Podhale: halved-log walls on fieldstone plinths, steep shingled roofs with vertical ridge finials, and carved sunray slats, rosettes, lilies and hearts on honey-toned spruce. Its grammar extends from villas and wooden chapels to carved chairs and stoves, white linen embroidered in red, hand-painted porcelain with heart motifs, and crochet sunburst lace, all in a palette of wood browns, stone grey and spruce green. Recognize it by vernacular wood tectonics plus Goral carving, mountain daylight or warm interior lamplight, and a handcrafted, national-romantic mood."
Zazou,aes/Zazou/SKILL.md,"Zazou is the flamboyant youth style of Occupied Paris (1941–44): knee-length checked or striped jackets with padded shoulders worn over narrow, cropped trousers that flash bright socks and thick-soled shoes, plus furled umbrellas, greased quiffs, blonde curls with dark roots, tartan pleated skirts and scarlet lipstick. It reads as high-contrast wartime monochrome (press photograph, halftone caricature) punctured by defiant checks and one or two hot accents, caught mid-swing in cellar jazz clubs or on café terraces. The mood is ironic, hedonistic and elegantly defiant — pleasure performed as protest."
Zef,aes/Zef/SKILL.md,"Zef is the 2000s South African counterculture aesthetic born in working-class Cape Town suburbs and globalized by Die Antwoord's rap-rave: a deliberately garish collision of cheap kitsch and borrowed glamour — bleached mullets, white face paint, gold grillz, tracksuits and logo-collage DIY clothing set against cracked plaster, concrete yards and cramped domestic interiors. Recognize it by its crude hand-drawn doodle layer (simple figures, dollar signs, vulgar sayings), its twin lighting registers of harsh flash snapshot and stark black-and-white tableau, and its unapologetic ""poor but fancy, poor but sexy"" posture that is simultaneously playful and disturbing."
Zen-X,aes/Zen-X/SKILL.md,"Zen-X is the 1990s environmentalist-wellness aesthetic: Japanese-inflected minimalism of bamboo, grass blades, moss, water and pale wood set in beige-white negative space, accented by chartreuse green and aqua blue. Signature elements include diffuse high-key or warm lamplight, women in yoga poses and natural-fabric athleisure, brushstroke calligraphy and thin light sans-serif type on catalog, CD-sleeve and spa-ad layouts of roughly 1994–2003. Recognize it by matte natural materials, sparse composition, serene wellness mood and a printed-catalog color cast."
Zenitism,aes/Zenitism/SKILL.md,"Zenitism is the Yugoslav interwar avant-garde (1921–1926, Zagreb–Belgrade, ZENIT journal): dynamic letterpress typography in Cyrillic and Latin, monumental black geometric glyphs on aged cream paper, isometric machine-city assemblages floating on black voids, and raw linocut distortion, all in a black–white–red core spiked with ochre and teal accents. Recognize it by the fusion of Constructivist geometry and Cubist fragmentation with Balkan ""Barbarogenius"" primitivism — structured yet energetic print matter, checkerboard ground planes, diagonal type bands, advertising signage masts, and distorted human figures carrying unease beneath the order. Distinguish it from pure Constructivism by its folklore-tinged rawness and eclectic collage, and from Dada by its programmatic, manifesto-driven geometric discipline."
Zombie_Apocalypse,aes/Zombie_Apocalypse/SKILL.md,"Zombie Apocalypse (Zombiecore) is the survival-horror aesthetic of civilization emptied by infectious undead hordes — vacant streets, hand-lettered quarantine signs, chain-link and corrugated barriers, reaching hands at dark windows — rendered in faded earthy blacks, grays, tans, moss greens and browns with sparse alarm accents of red, orange and warning yellow, or graded toward sickly teal, bruised purple and cadaverous pink. Born from 1960s Romero-era cinema and carried by games and TV, it values fatigue, hunger and survival, and signs itself with torn clothes, firearms, scavenged gear and derelict civic buildings. Read this skill when an image shows mundane recent-past infrastructure made empty and threatening rather than stylized gothic or desert-wasteland ruin."
